Comunidad,Year,Numero,pregunta,opcion1,opcion2,opcion3,opcion4,respuesta_correcta_letra,respuesta_correcta_texto,asignatura
Asturias,2019,1,"El voto en la Junta General del Principado de Asturias, según el artículo 27 del Estatuto de Autonomía es:",Personal y no delegable,Personal y secreto,Personal y delegable,Obligatorio,A,Personal y no delegable,Legislación
Asturias,2019,2,"La Ley 41/2002, de 14 de noviembre, establece que el consentimiento por representación se otorgará en los siguientes supuestos:",Cuando el paciente tenga la capacidad modificada judicialmente y así conste en la sentencia,Cuando el paciente menor de edad no sea capaz intelectual ni emocionalmente de comprender el alcance de la intervención,"Cuando el paciente no sea capaz de tomar decisiones, a criterio del médico responsable de la asistencia, o su estado físico o psíquico no le permita hacerse cargo de su situación.",Todas son correctas,D,Todas son correctas,Legislación
Asturias,2019,3,"El artículo 37 del Real Decreto legislativo 5/2015, texto refundido del estatuto básico de empleado público, señala tanto materias que son objeto de negociación, como otras que están excluidas de la obligación de negociación. De las cuatro materias que se relacionan, señale aquélla que el referido artículo excluye de la obligación de negociar:",Las propuestas sobre derechos sindicales y de participación.,Los planes de Previsión Social Complementaria.,Los poderes de dirección y control propios de la relación jerárquica.,Las normas que fijen los criterios y mecanismos generales en materia de evaluación del desempeño.,C,Los poderes de dirección y control propios de la relación jerárquica.,Legislación
Asturias,2019,4,"Cuando sea necesario garantizar el funcionamiento permanente y continuado de los centros sanitarios, de acuerdo con la Ley 55/2003, de 16 de diciembre del Estatuto Marco del personal estatutario de los servicios de salud, ¿qué tipo de nombramiento estatutario temporal se formalizará?",Eventual,Interino,Sustitución,Urgente,A,Eventual,Legislación
Asturias,2019,5,"Una enfermera con la condición de personal estatutario fijo accede a una plaza de formación sanitaria especializada mediante residencia en el mismo centro en el que ostenta la plaza en propiedad. De acuerdo con la Ley 55/2003, de 16 de diciembre, del Estatuto Marco del personal estatutario de los servicios de salud, ¿en qué situación administrativa queda en la plaza que ostenta en propiedad?",Servicio activo,Servicios bajo otro régimen jurídico,Excedencia por prestar servicios en el sector público,Servicios especiales,D,Servicios especiales,Legislación
Asturias,2019,6,¿Cuál de los siguientes no es un órgano institucional del Principado de Asturias?:,El Presidente,La Junta General,La Diputación permanente,El Consejo de Gobierno,C,La Diputación permanente,Legislación
Asturias,2019,7,"La Ley 55/2003, de 16 de diciembre, del Estatuto Marco del personal estatutario de los servicios de salud, establece que toda actuación que suponga discriminación por razones de género es una falta disciplinaria:",Leve,Grave,Muy grave,De apercibimiento,C,Muy grave,Legislación
Asturias,2019,8,"Indique cuántos Delegados de Prevención debe tener una empresa con 1500 trabajadores según establece la Ley 31/1995, de 8 de noviembre, de Prevención de Riesgos Laborales:",3,4,5,6,C,5,Legislación
Asturias,2019,9,"La competencia de orientar y controlar la acción del Consejo de Gobierno del Principado de Asturias, según el Estatuto de Autonomía, recae en:",Los poderes públicos,El Tribunal Superior de Justicia,La Junta General del Principado de Asturias,Los medios de comunicación,C,La Junta General del Principado de Asturias,Legislación
Asturias,2019,10,"El transporte sanitario no urgente, sujeto a prescripción facultativa, por razones clínicas y con un nivel de aportación del usuario acorde al determinado para la prestación farmacéutica, ¿a qué modalidad de la cartera de servicios corresponde?",Cartera común suplementaria del Sistema Nacional de Salud,Cartera común básica de servicios asistenciales del Sistema Nacional de Salud,Cartera común de servicios accesorios del Sistema Nacional de Salud,Cartera de servicios complementaria de las comunidades autónomas,A,Cartera común suplementaria del Sistema Nacional de Salud,Legislación
Asturias,2019,11,¿Cómo se denomina la demarcación poblacional y geográfica fundamental para la atención primaria de la salud?:,Centro de Salud,Consultorio de Salud,Área de Salud,Zona Básica de Salud,D,Zona Básica de Salud,Legislación
Asturias,2019,12,"El establecimiento de los títulos de Especialistas en Ciencias de la Salud, así como su supresión o cambio de denominación, de conformidad con la Ley 44/2003, de 21 de noviembre de Ordenación de profesiones sanitarias, corresponde al:","Ministerio de Educación, Cultura y Deporte","Ministerio de Sanidad, Consumo y Bienestar social",Gobierno,Conjuntamente al Ministerio de Sanidad y Educación,C,Gobierno,Legislación
Asturias,2019,13,"Según la Ley 16/2003, de 28 de mayo, de Cohesión y Calidad del Sistema Nacional de Salud, el conjunto de iniciativas organizadas por las Administraciones públicas para preservar, proteger y promover la salud de la población define a:",La prestación de salud pública,La prestación de atención sociosanitaria,La prestación ortoprotésica,La prestación de productos dietéticos,A,La prestación de salud pública,Legislación
Asturias,2019,14,"El Decreto 67/2015, de 13 de agosto, establece que es un órgano central de la Consejería de Sanidad:",Agencia de Sanidad Ambiental y Consumo,Consejo de Salud del Principado de Asturias,Secretaría General Técnica,Dirección Gerencia del Servicio de Salud del Principado de Asturias,C,Secretaría General Técnica,Legislación
Asturias,2019,15,El índice de dependencia global se define como:,La población de 65 y más años con relación a la población menor de 15 años,La relación de la población mayor de 64 años y los menores de 16 años respecto al grupo comprendido entre ambas edades,El porcentaje de población menor de 18 años con relación a la población de 18 a 64 años,El porcentaje de población mayor de 65 años con relación a la población menor de 18 años,B,La relación de la población mayor de 64 años y los menores de 16 años respecto al grupo comprendido entre ambas edades,No Legislación
Asturias,2019,16,El incidente que produce daño al paciente se define en el proyecto SÉNECA como:,Negligencia,Evento adverso,Lesión,Sufrimiento,B,Evento adverso,No Legislación
Asturias,2019,17,"El proceso que permite a las personas mejorar su salud y ejercer un mayor control sobre la misma, se define en la carta de Otawa, como:",Educación para la salud,Promoción de la salud,Salud Pública,Calidad de vida,B,Promoción de la salud,No Legislación
Asturias,2019,18,¿Qué escala utilizaremos para valorar la sobrecarga del cuidador?,Escala de Norton,Test de Yesavage,Índice de Katz,Test de Zarit,D,Test de Zarit,No Legislación
Asturias,2019,19,¿Cuál de los siguientes no es un operador booleano?,NOT,OR,YES,AND,C,YES,No Legislación
Asturias,2019,20,¿Cuál es la principal causa de muerte externa entre la población masculina española?:,Suicidio,Caídas accidentales,Accidentes de tráfico,Ahogamiento,A,Suicidio,No Legislación
Asturias,2019,21,"La Estrategia para la Nutrición, Actividad Física y Prevención de la Obesidad (NAOS) recomienda, en cuanto a la alimentación:",Promover la utilización de sal yodada,Moderar el consumo de azúcares complejos,No superar el 50% de ingesta diaria de grasas,Reducir el consumo de sal a 15 gramos/día,A,Promover la utilización de sal yodada,No Legislación
Asturias,2019,22,La clasificación de los diagnósticos en la taxonomía II NANDA-I (North American Nursing Diagnosis Association-Internacional) está estructurada a través de:,"Diagnósticos enfermeros, dominios y campos","Dominios, clases y diagnósticos enfermeros","Dominios, clases y campos","Diagnósticos enfermeros, campos y clases",B,"Dominios, clases y diagnósticos enfermeros",No Legislación
Asturias,2019,23,No es una enfermedad de declaración obligatoria:,Carbunco,Sarcoidosis,Tularemia,Hepatitis A,B,Sarcoidosis,No Legislación
Asturias,2019,24,Los programas de cribado poblacional para la detección precoz del cáncer constituyen una medida de prevención:,Primaria,Secundaria,Terciaria,Cuaternaria,B,Secundaria,No Legislación
Asturias,2019,25,Son fuentes de documentación secundaria:,Los Boletines Oficiales,Las Tesis doctorales,Las Bases de datos bibliográficas,Las Monografías,C,Las Bases de datos bibliográficas,No Legislación
Asturias,2019,26,"Una de las estrategias incluidas en el área ""Fomento de la excelencia clínica"" del Plan de Calidad para el Sistema Nacional de Salud es:",Salud y hábitos de vida,Adecuación de los recursos humanos del Sistema Nacional de Salud a las necesidades de los servicios sanitarios,Acreditar y auditar centros y servicios sanitarios,Sanidad en línea,C,Acreditar y auditar centros y servicios sanitarios,No Legislación
Asturias,2019,27,La estrategia para evaluar la calidad asistencial desarrollada por Donabedian se basa en:,"Análisis de la estructura, del proceso y de los resultados",Gestión del riesgo y promoción de productos y servicios,Sistematización de indicadores y estándares para la evaluación de la calidad,"Planificación, control y mejora de la calidad",A,"Análisis de la estructura, del proceso y de los resultados",No Legislación
Asturias,2019,28,"De los siguientes estudios de investigación, ¿cuáles pertenecen a la categoría de estudios analíticos observacionales?",Estudios de prevalencia,Estudios transversales,Estudios descriptivos,Estudios de casos y controles,D,Estudios de casos y controles,No Legislación
Asturias,2019,29,"En Educación para la salud, una intervención de tipo oportunista, de 2 a 10 minutos de duración, que incluye información y una propuesta motivadora de cambio, aprovechando una consulta o encuentro profesional, se denomina:",Recomendación,Consejo breve,Entrevista individual,Sugerencia,B,Consejo breve,No Legislación
Asturias,2019,30,"Según el calendario común de vacunación infantil del Consejo Interterritorial del Sistema Nacional de Salud, a los 4 meses de edad se recomienda la vacunación de los niños frente a:",Difteria. Tétanos. Tosferina. Poliomielitis. Haemophilus influenzae tipo b. Neumococo.,Hepatitis B. Tétanos. Difteria. Tosferina. Poliomielitis. Haemophilus influenzae tipo b. Neumococo.,Hepatitis B. Difteria. Tétanos. Tosferina. Poliomielitis. Haemophilus influenzae tipo b. Neumococo. Meningococo C,Sarampión. Rubeola. Parotiditis. Meningococo C,C,Hepatitis B. Difteria. Tétanos. Tosferina. Poliomielitis. Haemophilus influenzae tipo b. Neumococo. Meningococo C,No Legislación
Asturias,2019,31,¿A qué fase del Proceso de Atención de Enfermería corresponde la selección de las intervenciones?:,Valoración,Diagnóstico,Planificación,Evaluación,C,Planificación,No Legislación
Asturias,2019,32,"En el Proyecto SÉNECA el grado en el que un sistema previene, detecta, mitiga o mejora continuamente peligros o incidentes, se denomina:",Calidad,Seguridad,Resiliencia,Medida de mejora,C,Resiliencia,No Legislación
Asturias,2019,33,Cuando hay un conflicto entre los principios éticos se establece una jerarquía entre ellos. Los principios que tienen prioridad son:,Autonomía y justicia,Beneficencia y autonomía,No maleficencia y justicia,Beneficencia y justicia,C,No maleficencia y justicia,No Legislación
Asturias,2019,34,¿Qué medición antropométrica utilizará para determinar las reservas de grasa?:,La circunferencia media del brazo,La medida del pliegue cutáneo,La circunferencia media del músculo del brazo,El índice de Masa Corporal,B,La medida del pliegue cutáneo,No Legislación
Asturias,2019,35,La vía de transmisión del Herpes zóster diseminado es:,Por contacto,Aérea,Por gotitas,a y b son correctas,D,a y b son correctas,No Legislación
Asturias,2019,36,El conjunto mínimo de datos que debe tener el Informe de Cuidados de Enfermería no incluye:,Valoración activa,Causas que genera la actuación enfermera,Enfermedades previas,Motivo de Alta/Derivación Enfermera,C,Enfermedades previas,No Legislación
Asturias,2019,37,La probabilidad de que una persona con un resultado negativo en una prueba diagnóstica esté realmente sano se denomina:,Valor predictivo positivo,Valor predictivo negativo,Sensibilidad,Prevalencia,B,Valor predictivo negativo,No Legislación
Asturias,2019,38,"En la estrategia por una alimentación equilibrada, un cuarto del ""Plato saludable"" está ocupado por:",Proteínas,Verduras,Frutas,Hortalizas,A,Proteínas,No Legislación
Asturias,2019,39,"En el contexto de una infección por un agente patógeno que se transmite por gotitas, indique la opción incorrecta:",Se pueden ubicar a los pacientes por cohortes si comparten el mismo diagnóstico etiológico,Un ejemplo de agente patógeno que se transmite por gotitas es el virus de Influenza Humana A,El equipo de protección personal debe utilizarse cuando se trabaja dentro de un radio de 1 metro alrededor del paciente,La prevención de la transmisión exige una manipulación especial del aire y de la ventilación,D,La prevención de la transmisión exige una manipulación especial del aire y de la ventilación,No Legislación
Asturias,2019,40,El empleo de carbón activado como descontaminante no está indicado en la ingesta reciente de qué fármaco:,Fenobarbital,Carbamazepina,Litio,Teofilina,C,Litio,No Legislación
Asturias,2019,41,"¿Cómo se denominan las claves o inferencias observables que se agrupan como manifestaciones de un diagnóstico real, de salud o de promoción de la salud?",Etiquetas diagnósticas,Características definitorias,Factores de riesgo,Factores relacionados,B,Características definitorias,No Legislación
Asturias,2019,42,La ceguera nocturna por empeoramiento de la adaptación a la oscuridad es un síntoma temprano de déficit de:,Vitamina A,Vitamina B,Vitamina C,Vitamina E,A,Vitamina A,No Legislación
Asturias,2019,43,¿Cuál de las siguientes enfermedades no está incluida en el programa de cribado neonatal de enfermedades endocrino-metabólicas?,Fibrosis quística,Anemia megaloblástica,Acidemia glutárica tipo I,Déficit de acil coenzima A deshidrogenasa de cadena media,B,Anemia megaloblástica,No Legislación
Asturias,2019,44,"Indique la secuencia correcta para ponerse un equipo de protección personal compuesto por mascarilla, bata, guantes y gafas protectoras cuando administra cuidados a un paciente que tiene una infección transmisible:",Guantes - gafas protectoras - bata - mascarilla,Bata - mascarilla - gafas protectoras - guantes,Mascarilla - bata - gafas protectoras - guantes,El orden en el que se coloca el equipo de protección personal es irrelevante,B,Bata - mascarilla - gafas protectoras - guantes,No Legislación
Asturias,2019,45,Se consideran signos de amamantamiento adecuado todos los señalados a continuación excepto:,El bebé se acerca al pecho con la nariz frente al pezón,Más areola visible por encima del labio superior,Se oyen ruidos de chupeteo o chasquidos,"La madre siente sed, relajación o somnolencia",C,Se oyen ruidos de chupeteo o chasquidos,No Legislación
Asturias,2019,46,Se define recién nacido prematuro como aquel que nace:,Antes de los 245 días contados a partir del primer día de la última regla,Antes de los 252 días contados a partir del primer día de la última regla,Antes de los 259 días contados a partir del primer día de la última regla,Antes de los 266 días contados a partir del primer día de la última regla,C,Antes de los 259 días contados a partir del primer día de la última regla,No Legislación
Asturias,2019,47,"Dentro de los ""5 momentos"" para la higiene de las manos recomendados por la Organización Mundial de la Salud, ""después de la exposición a líquidos corporales"" ¿a qué momento corresponde?:",Momento 2,Momento 3,Momento 4,Momento 5,B,Momento 3,No Legislación
Asturias,2019,48,"Ante una mujer de 20 años que presenta leucorrea vaginal abundante, amarillenta, espumosa y con burbujas de aire, debe sospecharse infección por:",Neisseria Gonorrhoeae,Trichomonas vaginalis,Cándida Albicans,Gardnerella vaginalis,B,Trichomonas vaginalis,No Legislación
Asturias,2019,49,Indique con qué se inicia la secuencia de acciones para la realización de Soporte Vital Básico/DEA (desfibrilación externa automatizada) por un reanimador entrenado para tratar un adulto víctima de parada cardiaca:,"Evaluar a la víctima, sacudiéndola suavemente por los hombros","Garantizar la seguridad del reanimador, víctima y cualquier testigo","Mirar, escuchar y sentir la respiración normal","Abrir la vía aérea, colocando a la víctima en decúbito supino",B,"Garantizar la seguridad del reanimador, víctima y cualquier testigo",No Legislación
Asturias,2019,50,¿Cómo se denomina el umbral a partir del cual la pérdida de la reserva fisiológica y de la capacidad de adaptación del organismo empieza a ser insuficiente para mantener la independencia y conlleva el riesgo de perderla?:,Demencia,Fragilidad,Discapacidad,Minusvalía,B,Fragilidad,No Legislación
Asturias,2019,51,¿Cuándo no está indicada la elección de un apósito hidrocoloide para el cuidado de una herida?,En últimas fases de granulación y epitelización,En lesiones infectadas o con signos de elevada carga bacteriana,Como protección de la piel en zonas de roce o fricción,En la curación de heridas o úlceras de grado I,B,En lesiones infectadas o con signos de elevada carga bacteriana,No Legislación
Asturias,2019,52,"La siguiente gasometría: pH 7,50"; PaCO2 40 mmHg;" HCO3 35 mEq/l, PaO2 100 mmHg, ¿qué alteración representa?",Acidosis respiratoria,Alcalosis respiratoria,Acidosis metabólica,Alcalosis metabólica,D,Alcalosis metabólica,No Legislación
Asturias,2019,53,¿En qué estadio de Tanner de desarrollo puberal incluiría la aparición del brote mamario?,Estadio 1 (M1),Estadio 2 (M2),Estadio 3 (M3),Estadio 4 (M4),B,Estadio 2 (M2),No Legislación
Asturias,2019,54,Indique qué afirmación es correcta según la escalera analgésica de la Organización Mundial de la Salud para el tratamiento del dolor:,Los Corticoides son analgésicos del primer escalón,El Paracetamol no tiene techo analgésico,Los Anticonvulsivantes son coanalgésicos indicados en dolor neuropático,La Morfina se puede asociar con Tramadol,C,Los Anticonvulsivantes son coanalgésicos indicados en dolor neuropático,No Legislación
Asturias,2019,55,"En la anorexia nerviosa restrictiva, el paciente:",Provoca habitualmente el vómito,Realiza purgas con frecuencia,No recurre regularmente a atracones,Hace uso excesivo de laxantes,C,No recurre regularmente a atracones,No Legislación
Asturias,2019,56,"Una negación del fallecimiento con una esperanza infundada de retorno del finado, padeciendo un intenso cuadro de ansiedad y deteniéndose la evolución del duelo en la primera fase, se denomina duelo patológico:",Ausente o retardado,Enmascarado,Inhibido,Crónico,A,Ausente o retardado,No Legislación
Asturias,2019,57,"En la escala de coma de Glasgow, la respuesta motora puede obtener una puntuación máxima de:",3,4,5,6,D,6,No Legislación
Asturias,2019,58,Los menores de edad deberán utilizar sistemas de retención infantil en el vehículo cuando su estatura sea igual o inferior a:,150 centímetros,140 centímetros,135 centímetros,120 centímetros,C,135 centímetros,No Legislación
Asturias,2019,59,¿Cómo se denomina la regla que se usa frecuentemente para clasificar las quemaduras según su extensión y valorar grandes superficies de un modo rápido en niños?:,Regla de Lund y Browder,Regla de Wallace,Regla de los 9,Regla de Benaim,A,Regla de Lund y Browder,No Legislación
Asturias,2019,60,Indique la opción correcta de la posición de los electrodos de un electrocardiograma convencional:,"La derivación V3 se sitúa en la línea axilar anterior, 5º espacio intercostal","La derivación V4 se sitúa en la línea media clavicular, 5º espacio intercostal",La derivación V1 se sitúa en el cuarto espacio intercostal izquierdo,"La derivación V6 se sitúa en el borde esternal izquierdo, 4º espacio intercostal",B,"La derivación V4 se sitúa en la línea media clavicular, 5º espacio intercostal",No Legislación
Asturias,2019,61,¿Cuál de las siguientes actuaciones frente a una exposición accidental al VIH no es correcto realizar?:,"En caso de exposición percutánea, permitir el sangrado","En caso de contaminación cutánea, lavar con agua y jabón","En caso de exposición sexual, lavar las mucosas con ""ducha-chorro de agua""","En caso de contaminación percutánea, aplicar un agente cáustico",D,"En caso de contaminación percutánea, aplicar un agente cáustico",No Legislación
Asturias,2019,62,La población diana incluida en el Programa de Detección Precoz de Cáncer Colorrectal es la comprendida:,Entre 55 y 69 años,Entre 50 y 69 años,Entre 50 y 65 años,Todas las opciones son falsas,B,Entre 50 y 69 años,No Legislación
Asturias,2019,63,¿Qué debe confirmar verbalmente el profesional de enfermería en la última fase del listado de verificación de la seguridad de la cirugía?,La identidad del paciente y el sitio quirúrgico,Si se ha confirmado la esterilidad,Si existen problemas relacionados con el instrumental y los equipos,El etiquetado de las muestras,D,El etiquetado de las muestras,No Legislación
Asturias,2019,64,¿Cómo se denomina el desbridamiento que se produce naturalmente en lesiones por presión cuando el entorno de la herida es húmedo?:,Mecánico,Enzimático,Autolítico,Autólogo,C,Autolítico,No Legislación
Asturias,2019,65,¿Cuál es el antídoto de elección ante una intoxicación por Opiáceos?:,Atropina,Flumazenilo,Naloxona,Mepivacaína,C,Naloxona,No Legislación
Asturias,2019,66,"¿Cuál es el riesgo de desarrollar una úlcera por presión, si realizamos la escala de Braden a un paciente y obtenemos un resultado de 14 puntos?",Sin riesgo,Bajo,Moderado,Alto,C,Moderado,No Legislación
Asturias,2019,67,"En función de su etiopatogenia, el ictus isquémico se clasifica como:","Cardioembólico, lacunar, subaracnoideo, de causa inhabitual y de origen indeterminado","Aterotrombótico, cardioembólico, lacunar, de causa inhabitual y de origen indeterminado","Aterotrombótico, focal, global, de origen indeterminado y de causa inhabitual","Aterotrombótico, cardioembólico, lacunar, intracerebral y de origen indeterminado",B,"Aterotrombótico, cardioembólico, lacunar, de causa inhabitual y de origen indeterminado",No Legislación
Asturias,2019,68,"La actividad de salud pública que tiene como objetivo identificar, cuantificar, evaluar y prevenir los riesgos asociados al uso de los medicamentos una vez comercializados se denomina:",Farmacocinética,Farmacopea,Farmacovigilancia,Farmacoepidemiología,C,Farmacovigilancia,No Legislación
Asturias,2019,69,El diagnóstico de Diabetes tipo 2 viene definido por dos determinaciones sanguíneas en ayunas en dos días diferentes con un valor igual o mayor de:,110 mg/dl,120 mg/dl,126 mg/dl,140 mg/dl,C,126 mg/dl,No Legislación
Asturias,2019,70,Indique cuál es un signo clínico de una fractura de cuello de fémur:,Alargamiento y rotación externa del miembro afectado,Alargamiento y rotación interna del miembro afectado,Acortamiento y rotación interna del miembro afectado,Acortamiento y rotación externa del miembro afectado,D,Acortamiento y rotación externa del miembro afectado,No Legislación
Asturias,2019,71,"En la interpretación de una espirometría, cuando la FVC (Capacidad Vital Forzada) y el FEV1 (Volumen espiratorio forzado en el primer segundo) son menores de un 80% de su valor teórico y la relación FEV1/FVC es normal, estamos hablando de un patrón espirométrico:",Obstructivo,Restrictivo,Mixto,Hiperreactivo,B,Restrictivo,No Legislación
Asturias,2019,72,¿Qué representa la Onda T de un electrocardiograma?,La despolarización auricular,La repolarización ventricular,La despolarización ventricular,Se desconoce su significado,B,La repolarización ventricular,No Legislación
Asturias,2019,73,¿Cuál de las siguientes manifestaciones no constituye un cambio fisiológico-funcional relacionado con el envejecimiento?,Disminución de la secreción gástrica,Aumento en la capacidad de coordinación y de control muscular,Mayor facilidad para las heridas ante pequeños traumas,Aumento de la resistencia a la insulina,B,Aumento en la capacidad de coordinación y de control muscular,No Legislación
Asturias,2019,74,"El grado en el que los servicios de salud prestados a personas y poblaciones aumentan la probabilidad de que se produzcan los efectos buscados en la salud y son coherentes con los conocimientos profesionales del momento, se define, en el Proyecto SÉNECA, como:",Confianza,Calidad,Resiliencia,Evento,B,Calidad,No Legislación
Asturias,2019,75,¿En qué tipo de colostomías está indicado el uso de una irrigación?,Colostomías terminales sigmoideas,Colostomías con prolapso,Ileostomías,Colostomías ascendentes,A,Colostomías terminales sigmoideas,No Legislación
Asturias,2019,76,¿Cuál de los siguientes apósitos es eficaz en el cuidado de una herida crónica con presencia de signos de infección y biofilm?,Apósitos de plata,Apósitos de cadexómero yodado,Apósitos de miel,Todas las anteriores son correctas,D,Todas las anteriores son correctas,No Legislación
Asturias,2019,77,En el Proyecto SÉNECA los Indicadores Clave medidos a través de Historias Clínicas incluyen:,Pacientes que perciben que han participado en las decisiones sobre su enfermedad,Pacientes que perciben accesibilidad física segura,Pacientes dados de alta sin informe de continuidad de cuidados,Todas son correctas,C,Pacientes dados de alta sin informe de continuidad de cuidados,No Legislación
Asturias,2019,78,¿Qué tipo de anemia provoca el déficit de vitamina B12?,Anemia hemolítica,Anemia megaloblástica,Talasemia,Anemia ferropénica,B,Anemia megaloblástica,No Legislación
Asturias,2019,79,"En la escala de Maddox de valoración de flebitis, la existencia de dolor en el sitio de punción, eritema y/o inflamación, sin cordón venoso palpable ni induración, se corresponde con:",Grado 0,Grado 1,Grado 2,Grado 3,C,Grado 2,No Legislación
Asturias,2019,80,¿Cómo se denomina el trastorno de la conducta alimentaria caracterizado por la ingesta de sustancias no nutritivas?,Coprofagia,Potomanía,Mericismo,Alotriofagia,D,Alotriofagia,No Legislación
Asturias,2019,81,¿De quién depende orgánicamente la Unidad de Evaluación en Calidad del Servicio de Salud del Principado de Asturias?:,La Gerencia del Área Sanitaria,La Dirección de Atención Sanitaria y Salud Pública del Área Sanitaria,La Unidad de Certificación de Calidad de la Consejería de Sanidad,Todas las respuestas anteriores son falsas,D,Todas las respuestas anteriores son falsas,Legislación
Asturias,2019,82,"El Decreto 67/2015, de 13 de agosto, establece que la dirección estratégica de las políticas de calidad en el entorno sanitario es competencia de:",La Secretaría General Técnica,La Dirección General de Salud Pública,La Dirección General de Planificación Sanitaria,La Dirección General de Política Sanitaria,C,La Dirección General de Planificación Sanitaria,Legislación
Asturias,2019,83,"Ante una extravasación de una perfusión de Vincristina, el profesional de enfermería aplicará:",Calor,Frío húmedo,Frío seco,No se aplica nada,A,Calor,No Legislación
Asturias,2019,84,"Según el Decreto 67/2015, de Estructura orgánica básica de la Consejería de Sanidad del Principado de Asturias, el órgano de asesoramiento del titular de la Consejería en materias relacionadas con la salud pública y la sanidad, con la intención de fomentar una adecuada gobernanza del sistema sanitario público, es:",El Consejo de Dirección,El Consejo de Salud del Principado de Asturias,El Consejo Asesor de Sanidad del Principado de Asturias,El Consejo Desconcentrado del Servicio de Salud del Principado de Asturias,C,El Consejo Asesor de Sanidad del Principado de Asturias,Legislación
Asturias,2019,85,La Desinfección de Alto Nivel está especialmente indicada para:,Material semicrítico,Material crítico,Material considerado no crítico,"Suelos, superficies, mobiliario",A,Material semicrítico,No Legislación
Asturias,2019,86,Cuando deba obtener una muestra de sangre para una gasometría arterial es cierto que:,Debe realizar previamente el test de Allen si la punción se realiza en la arteria radial,"Las principales arterias a puncionar son, por este orden, radial, cefálica, humeral y femoral","Si se punciona la arteria femoral, el ángulo de inclinación de la aguja debe ser de 45°",a y b son correctas,A,Debe realizar previamente el test de Allen si la punción se realiza en la arteria radial,No Legislación
Asturias,2019,87,"Los principios de la bioética, respeto a las personas, beneficencia y justicia, quedan recogidos en un primer documento denominado:",Código Deontológico,Declaración de Helsinki de 1964,Informe Belmont,Convenio de Oviedo de 1997,C,Informe Belmont,No Legislación
Asturias,2019,88,"En la utilización de productos para el cuidado de la piel sana, frágil y perilesional es cierto que:",Los ácidos grasos hiperoxigenados (AGHO) se extienden aplicando un masaje para favorecer la absorción del producto,El uso de pomadas de zinc como producto barrera permite la visualización de la piel y la adhesividad de otros productos,Los AGHO son útiles en la prevención de lesiones por presión,Se pueden utilizar productos barrera alcohólicos si no existe evidencia de lesión dérmica,C,Los AGHO son útiles en la prevención de lesiones por presión,No Legislación
Asturias,2019,89,Indique qué es necesario realizar a un paciente que ha ingerido un producto doméstico de limpieza compuesto por amoniaco:,Administrar eméticos,Realizar lavado gástrico con carbón activado,Administrar catárticos,Ninguna de las opciones está indicada,D,Ninguna de las opciones está indicada,No Legislación
Asturias,2019,90,¿A qué clasificación de residuos sanitarios pertenecen las bolsas de colostomía?:,Grupo II,Grupo III,Grupo IV,Grupo V,A,Grupo II,No Legislación
Asturias,2019,91,"Los efectos perjudiciales de un fármaco sobre un organismo o tejido debidos a una dosis excesiva, a la ingestión de un fármaco pensado para un uso externo y a la acumulación del medicamento en la sangre debido a una alteración del metabolismo o la excreción, se denomina:",Alergia a los fármacos,Tolerancia farmacológica,Reacción anafiláctica,Toxicidad farmacológica,D,Toxicidad farmacológica,No Legislación
Asturias,2019,92,"El aumento de la permeabilidad glomerular, que se traduce en proteinuria masiva e hipoalbuminemia y que se acompaña de forma variable de edema, hiperlipemia y lipiduria, se designa como:",Glomerulonefritis,Insuficiencia renal aguda,Síndrome nefrótico,Hidronefrosis,C,Síndrome nefrótico,No Legislación
Asturias,2019,93,"Indique cuál, de los siguientes grupos de fármacos, no está relacionado con el desencadenamiento o agravamiento de la incontinencia urinaria en un anciano:",Sedantes,Diuréticos,Bloqueantes del calcio,Antitérmicos,D,Antitérmicos,No Legislación
Asturias,2019,94,Es un anestésico general volátil:,Midazolam,Sevofluorano,Propofol,Ketamina,B,Sevofluorano,No Legislación
Asturias,2019,95,¿Qué respuesta es correcta con relación a una infección por virus de Hepatitis A?:,La principal vía de transmisión es la materno-fetal,El hombre y los animales de granja son sus reservorios,Tiene una probabilidad muy alta de derivar en cirrosis,Todas las respuestas son falsas,D,Todas las respuestas son falsas,No Legislación
Asturias,2024,1,¿Qué fomentarán los poderes públicos según la redacción del artículo 43 de la Constitución?,La salud pública y los hábitos saludables de vida.,"Las actividades preventivas de la salud, incluyendo el ejercicio físico y la alimentación saludable.","La educación sanitaria, la educación física y el deporte.",El uso racional de los servicios y recursos sanitarios.,C,"La educación sanitaria, la educación física y el deporte.",Legislación
Asturias,2024,2,"¿Cuál de éstos no es un órgano institucional del Principado de Asturias, según la Ley Orgánica 7/1981, del Estatuto de Autonomía del Principado de Asturias?",La Junta General.,El Consejo de Gobierno.,El Presidente.,El Tribunal Superior de Justicia.,D,El Tribunal Superior de Justicia.,Legislación
Asturias,2024,3,"Conforme a la Ley 41/2002, de Autonomía del Paciente, el consentimiento informado será:","Verbal por regla general, si bien la Ley añade los casos en los que ha de ser escrito.",Verbal en todo caso.,Escrito en todo caso.,"Escrito por regla general, si bien la Ley añade los casos en los que bastará la forma verbal.",A,"Verbal por regla general, si bien la Ley añade los casos en los que ha de ser escrito.",Legislación
Asturias,2024,4,¿Cuál de estas modalidades no integra la cartera común de servicios del Sistema Nacional de Salud?,Cartera común básica de servicios asistenciales.,Cartera común suplementaria.,Cartera de servicios complementaria.,Cartera de servicios accesorios.,C,Cartera de servicios complementaria.,Legislación
Asturias,2024,5,¿Cuál de las siguientes no aparece descrita como profesión sanitaria de nivel de diplomados en la Ley de ordenación de las profesiones sanitarias?,Ópticos-optometristas.,Higienistas dentales.,Logopedas.,Fisioterapeutas.,B,Higienistas dentales.,Legislación
Asturias,2024,6,"¿Qué se puede concertar en materia de negociación colectiva de los empleados públicos, según el Texto Refundido del Estatuto Básico del Empleado Público?",Pactos y Acuerdos.,Convenios Colectivos.,Pactos y Convenios Colectivos.,Solo Pactos.,A,Pactos y Acuerdos.,Legislación
Asturias,2024,7,El personal estatutario temporal:,Firma contratos temporales de trabajo.,"Tiene un nombramiento temporal, y no un contrato de trabajo.","Tiene un nombramiento temporal, que se formaliza a través de un contrato de trabajo.","Tiene un nombramiento o un contrato, son términos equivalentes y, por tanto, se pueden utilizar de forma alternativa.",B,"Tiene un nombramiento temporal, y no un contrato de trabajo.",Legislación
Asturias,2024,8,¿Cuál de las siguientes no es una situación administrativa del personal estatutario?,Servicios especiales.,Servicios bajo otro régimen jurídico.,Suspensión de funciones.,Comisión de Servicios.,D,Comisión de Servicios.,Legislación
Asturias,2024,9,"Conforme a la definición del Decreto 7/2013, sobre tiempo de trabajo y régimen de descansos en el ámbito de los centros e instituciones del SESPA, el personal que realiza su jornada laboral entre las 8 y las 22 horas, en horario de mañana y tarde, de lunes a viernes, señale el turno correcto:",Turno rotatorio de mañanas y tardes.,Turno rotatorio.,Turno fijo diurno.,Turno diurno rotatorio.,C,Turno fijo diurno.,Legislación
Asturias,2024,10,"El tratamiento de los datos personales de un menor de edad, conforme a la Ley Orgánica 3/2018, únicamente podrá fundarse en su consentimiento cuando:",Sea mayor de 14 años.,Sea emancipado o mayor de 16 años.,Sea mayor de 16 años.,Sea mayor de 18 años.,A,Sea mayor de 14 años.,Legislación
Asturias,2024,11,"En relación con los datos personales, ¿cuál de los siguientes no está contemplado como un derecho de las personas?",Acceso.,Rectificación.,Limitación del tratamiento.,Interoperatividad.,D,Interoperatividad.,Legislación
Asturias,2024,12,"La Ley de Salud del Principado de Asturias no menciona, en su capítulo de ordenación territorial:",Las Áreas de Salud.,Las Gerencias de Salud.,Las Zonas Básicas y Especiales de Salud.,Los Distritos de Salud.,B,Las Gerencias de Salud.,Legislación
Asturias,2024,13,¿Cuál de éstos no es un órgano central de la Dirección Gerencia del SESPA?,Secretaría General.,Dirección de Atención y Evaluación Sanitaria.,Dirección de Salud Mental.,Dirección de Salud Pública.,D,Dirección de Salud Pública.,Legislación
Asturias,2024,14,¿Cuál es el plazo general de conservación de la documentación clínica?,Cinco años contados desde la fecha del alta de cada proceso asistencial o desde el fallecimiento del paciente.,Cinco años contados desde la fecha de creación o incorporación del documento.,Diez años contados desde la fecha del alta de cada proceso asistencial o desde el fallecimiento del paciente.,Diez años contados desde la fecha de creación o incorporación del documento.,A,Cinco años contados desde la fecha del alta de cada proceso asistencial o desde el fallecimiento del paciente.,Legislación
Asturias,2024,15,"Si nos referimos al mapa sanitario de Asturias, señale la respuesta correcta:",Está configurado por ocho Zonas Básicas de salud.,Está configurado por tres Zonas Básicas de salud.,Está configurado por ocho Áreas de Salud.,Está configurado por tres Áreas de Salud.,C,Está configurado por ocho Áreas de Salud.,Legislación
Asturias,2024,16,¿Cuál de los siguientes grupos no se incluye en los grupos de obligaciones morales que establece el Código Deontológico de la Enfermería Española?,La Enfermera/o y el ser humano.,La Enfermera/o y la sociedad.,La Enfermera/o y la salud.,La Enfermera/o y el ejercicio profesional.,C,La Enfermera/o y la salud.,No Legislación
Asturias,2024,17,"La obligación de prevenir el daño, eliminar el daño o hacer el bien a otros, ¿a qué principio fundamental de la bioética se corresponde?",Justicia.,Beneficencia.,No maleficencia.,Auxilio.,B,Beneficencia.,No Legislación
Asturias,2024,18,¿Cuál de los siguientes sistemas se utiliza para evaluar la calidad de la evidencia y formular las recomendaciones?,GRADE.,CINAHL.,CUIDEN.,SciELO.,A,GRADE.,No Legislación
Asturias,2024,19,Señale la opción incorrecta sobre las Guías de Buenas Prácticas elaboradas por La Asociación de Enfermeras y Enfermeros Registrados de Ontario (RNAO):,Son documentos desarrollados sistemáticamente y basados en la evidencia.,Promueven la coherencia y la excelencia en los cuidados clínicos.,Se elaboran siguiendo rigurosas normas nacionales de desarrollo.,Promueven entornos de trabajo saludables.,C,Se elaboran siguiendo rigurosas normas nacionales de desarrollo.,No Legislación
Asturias,2024,20,"El Método Hanlon de priorización de problemas establece cuatro criterios que permiten definir las prioridades en salud, señale cuál no es uno de esos criterios:",Magnitud.,Equidad.,Gravedad.,Factibilidad.,B,Equidad.,No Legislación
Asturias,2024,21,"El total de defunciones de menores de un año de vida, pertenecientes a un determinado ámbito, por cada 1.000 nacidos vivos en ese ámbito, se denomina:",Tasa de mortalidad infantil.,Tasa de mortalidad infantil neonatal.,Tasa de mortalidad infantil neonatal temprana.,Tasa de mortalidad perinatal.,A,Tasa de mortalidad infantil.,No Legislación
Asturias,2024,22,El criterio común que deberá reunir toda experiencia para ser considerada una Buena Práctica con el que obtiene resultados positivos en condiciones reales se denomina:,Innovación.,Eficiencia.,Evaluación.,Efectividad.,D,Efectividad.,No Legislación
Asturias,2024,23,"El Proyecto de Normalización de las Intervenciones para la Práctica de la Enfermería que pretende desarrollar un instrumento de mejora continua de la calidad de los cuidados de enfermería, se denomina:",Proyecto ENEAS.,Proyecto NIPE.,Proyecto SENECA.,Proyecto NOIPRE.,B,Proyecto NIPE.,No Legislación
Asturias,2024,24,Señale cuál es una técnica educativa de investigación en el aula utilizada en educación para la salud:,Panel de expertos.,Lectura con discusión.,Rejilla.,Simulación operativa.,C,Rejilla.,No Legislación
Asturias,2024,25,"Cualquier factor identificado por personas, grupos y comunidades como apoyo para mantener y sostener la salud y el bienestar, se denomina:",Activo para la salud.,Recurso para la salud.,Agente comunitario.,Encuesta de salud.,A,Activo para la salud.,No Legislación
Asturias,2024,26,Señale la opción correcta:,"Es un tipo de Diagnóstico en la Taxonomía II de la NANDA-I, el Diagnóstico de Promoción de la Salud.",Es un componente de los resultados NOC una escala Likert de 4 puntos.,"En la Taxonomía II de la NANDA-I la clase es una esfera de actividad, estudio o interés.",Las NIC son los resultados obtenidos por el paciente.,A,"Es un tipo de Diagnóstico en la Taxonomía II de la NANDA-I, el Diagnóstico de Promoción de la Salud.",No Legislación
Asturias,2024,27,¿Cuál de los siguientes es un método sistemático para organizar los datos obtenidos en la fase de valoración del Proceso de Atención de Enfermería?,Patrones funcionales de Salud de M. Gordon.,Relaciones Interpersonales de J. Watson.,Autocuidado de H. Peplau.,Cuidados transpersonales de D. Orem.,A,Patrones funcionales de Salud de M. Gordon.,No Legislación
Asturias,2024,28,¿Cuál no es una función básica del Equipo de Soporte de Atención Domiciliaria (ESAD)?,Apoyar a los Equipos de Atención Primaria en situaciones específicas de atención domiciliaria en Cuidados Paliativos.,Participar en actividades formativas en Cuidados Paliativos.,Atención Hospitalaria en Cuidados Paliativos.,Investigación en Cuidados Paliativos.,C,Atención Hospitalaria en Cuidados Paliativos.,No Legislación
Asturias,2024,29,"¿Cómo se denomina la consulta realizada por iniciativa de un profesional sanitario para atender, con enfoque integral y biopsicosocial, problemas de salud complejos o crónicos, o para el seguimiento de determinados programas de salud incluidos en la cartera de servicios del centro de salud?",Consulta de urgencia.,Consulta administrativa.,Consulta programada.,Consulta a demanda.,C,Consulta programada.,No Legislación
Asturias,2024,30,¿Cuál de las siguientes no es una etapa de la teoría del desarrollo psicosocial de Erikson?,Confianza versus desconfianza.,Autoestima versus inseguridad.,Intimidad versus aislamiento.,Integridad versus desesperación.,B,Autoestima versus inseguridad.,No Legislación
Asturias,2024,31,"La entrevista motivacional es un método clínico definido como una forma de guiar, colaborativa y centrada en la persona, con el objetivo de evocar y fortalecer la motivación para el cambio. Para desarrollarla, ¿cuál no es una habilidad?",Preguntas cerradas.,Validación.,Escucha reflexiva.,Sumarios.,A,Preguntas cerradas.,No Legislación
Asturias,2024,32,¿Cuál es el término utilizado para referirse a las vacunas que se deben administrar a personas de diferentes edades que no tienen documentadas en su historial de vacunación las vacunas recomendadas con las pautas correctas?,Calendario individualizado.,Calendario personalizado.,Calendario acelerado.,Calendario integrado.,C,Calendario acelerado.,No Legislación
Asturias,2024,33,"Según el programa de cribado de cáncer de mama del Ministerio de Sanidad, señale la opción incorrecta:",La prueba de cribado para el cáncer de mama consiste en la realización de una mamografía.,La mamografía se realiza con una periodicidad anual.,Las mujeres de edades comprendidas entre 50 y 69 años son la población objetivo.,A las mujeres que cumplen criterios de alto riesgo personal o riesgo de cáncer familiar o hereditario se les realiza la valoración del riesgo individual y su seguimiento a través de protocolos de actuación específicos.,B,La mamografía se realiza con una periodicidad anual.,No Legislación
Asturias,2024,34,¿Cuál de los siguientes no es un determinante de la salud según Lalonde?,Estilos de vida.,Medio ambiente.,Renta per cápita.,Biología humana.,C,Renta per cápita.,No Legislación
Asturias,2024,35,"Según la Estrategia de Promoción de la Salud y Prevención del SNS, señale cuál no es una recomendación de actividad física para las diferentes franjas de edad:","Población de 5-17 años: realizar una media de al menos 60 minutos al día de actividad física de intensidad moderada a vigorosa, fundamentalmente aeróbica.",Población adulta: realizar al menos entre 150 y 300 minutos de actividad física aeróbica moderada a la semana.,La actividad física debe adaptarse al estado de salud y capacidades.,Siempre que no exista alguna contraindicación física se recomienda que las embarazadas realicen al menos 60 minutos de actividad física moderada a lo largo de la semana.,D,Siempre que no exista alguna contraindicación física se recomienda que las embarazadas realicen al menos 60 minutos de actividad física moderada a lo largo de la semana.,No Legislación
Asturias,2024,36,¿Cuál de las siguientes afirmaciones es correcta si nos referimos al instrumento universal para el cribado de la malnutrición (MUST)?,Solo puede utilizarse en hospitales.,"Se utiliza para identificar niños o adultos malnutridos, con riesgo de desnutrición u obesos.",Consta de 5 pasos.,Solo se puede realizar si se dispone de la estatura y peso reales.,C,Consta de 5 pasos.,No Legislación
Asturias,2024,37,"En relación con la higiene de manos, y siguiendo las recomendaciones de Seguridad del Paciente del plan de Calidad para el SNS, señale la respuesta correcta:","Cuando las manos están sucias, el procedimiento de elección es la desinfección mediante preparados de base alcohólica.",El uso de guantes puede sustituir la higiene de manos.,"Cuando las manos están contaminadas pero no hay suciedad visible, el procedimiento de elección es el lavado de manos con agua y jabón.","La higiene de manos hay que realizarla siempre antes y después de tocar al paciente, antes de realizar una técnica limpia/aséptica, después del riesgo de exposición a líquidos corporales y después del contacto con el entorno del paciente.",D,"La higiene de manos hay que realizarla siempre antes y después de tocar al paciente, antes de realizar una técnica limpia/aséptica, después del riesgo de exposición a líquidos corporales y después del contacto con el entorno del paciente.",No Legislación
Asturias,2024,38,"En relación con las características anatómicas del recién nacido, señale la opción incorrecta:","La piel presenta un vello denominado lanugo, menos evidente en los prematuros y que va desapareciendo en la primera semana de vida.",El recién nacido es macrocéfalo.,Al nacimiento son palpables dos fontanelas: la anterior o bregmática y la posterior o lambdoidea.,Las extremidades son cortas en comparación con el resto del cuerpo.,A,"La piel presenta un vello denominado lanugo, menos evidente en los prematuros y que va desapareciendo en la primera semana de vida.",No Legislación
Asturias,2024,39,Señale la respuesta correcta en el manejo de la obstrucción de vía aérea por cuerpo extraño en pediatría siguiendo las recomendaciones del Consejo Europeo de Resucitación (ERC):,"Si la tos es inefectiva y el niño está consciente, abrir la vía aérea, iniciar RCP.","Si la tos es inefectiva y el niño está inconsciente, alternar 5 golpes interescapulares con 5 compresiones abdominales o torácicas en el caso del lactante.",Cuando la tos es efectiva estimular la tos y vigilar la evolución de manera continua por si se produce deterioro.,"Si la tos es efectiva, colocar en posición lateral de seguridad y vigilar evolución de manera continua por si se produce deterioro.",C,Cuando la tos es efectiva estimular la tos y vigilar la evolución de manera continua por si se produce deterioro.,No Legislación
Asturias,2024,40,Señale la opción incorrecta:,Las autolesiones son conductas deliberadas dirigidas a provocar un daño contra la propia persona.,"El daño autodirigido que se da con las autolesiones tiene una relación directa con la intención suicida porque pretende causar la muerte, a corto o a largo plazo.",Las autolesiones son comportamientos que pueden presentarse de maneras muy distintas y con independencia de edad y género.,La mayoría de las personas que se autolesionan no tienen un diagnóstico de trastorno mental.,B,"El daño autodirigido que se da con las autolesiones tiene una relación directa con la intención suicida porque pretende causar la muerte, a corto o a largo plazo.",No Legislación
Asturias,2024,41,"¿Qué mecanismo de defensa describe el proceso por el cual las personas atribuyen sus propios pensamientos, sentimientos y motivos a otra persona?",Negación.,Proyección.,Represión.,Racionalización.,B,Proyección.,No Legislación
Asturias,2024,42,Señale la respuesta incorrecta:,Se recomienda el uso del diafragma asociado a espermicida para mejorar la efectividad de la anticoncepción.,"Una de las ventajas del diafragma es que puede insertarse antes de la relación sexual, por lo que no la interrumpe.",Una vez terminado el coito hay que esperar al menos 6 horas para retirar el diafragma.,El diafragma no es reutilizable.,D,El diafragma no es reutilizable.,No Legislación
Asturias,2024,43,"¿Cómo se denomina el envío a través del teléfono móvil u otro dispositivo con cámara, de fotografías o vídeos producidos por uno mismo con connotación sexual?",Sexting.,Groaming.,Stalking.,Sextorsión.,A,Sexting.,No Legislación
Asturias,2024,44,"Según el Comité Asesor de Vacunas de la AEP, ¿cuál de las siguientes no es una de las vacunas recomendadas para todas las mujeres gestantes y en cada embarazo?",Gripe.,Triple vírica.,VRS.,Tosferina.,B,Triple vírica.,No Legislación
Asturias,2024,45,¿Cuál de las siguientes no es una recomendación para las mujeres que planifican un embarazo?,Dieta equilibrada en nutrientes y realización de ejercicio físico de manera habitual.,Evitar la sal yodada.,En mujeres que planifican su embarazo y presentan antecedentes de cesárea se aconseja esperar un mínimo de 18 meses hasta el siguiente parto.,"Si se administra una vacuna viva atenuada, evitar la concepción en las cuatro semanas siguientes.",B,Evitar la sal yodada.,No Legislación
Asturias,2024,46,¿Cuál de las siguientes no es una escala para la valoración del riesgo de lesiones por presión?,Braden.,Waterlow.,St. Thomas.,Norton.,C,St. Thomas.,No Legislación
Asturias,2024,47,"En relación con las necesidades hídricas en el anciano, señale la respuesta incorrecta:",En las personas mayores el agua ha de contemplarse como un nutriente esencial y de primer orden.,La percepción de sed está disminuida.,El agua tiene que ser muy rica en minerales.,"No es necesario que toda la ingesta externa de líquidos se efectúe exclusivamente a expensas de agua, se pueden utilizar alternativas adaptándose a las apetencias individuales.",C,El agua tiene que ser muy rica en minerales.,No Legislación
Asturias,2024,48,¿Cuál de estas afirmaciones sobre los cuidados paliativos es incorrecta?,Integran los aspectos espirituales y psicológicos del cuidado del paciente.,Mejoran la calidad de vida de pacientes y familias que se enfrentan a los problemas asociados con enfermedades amenazantes para la vida.,No son aplicables de forma precoz en el curso de la enfermedad mientras se están aplicando tratamientos como la quimioterapia o radioterapia.,No aceleran ni retrasan la muerte.,C,No son aplicables de forma precoz en el curso de la enfermedad mientras se están aplicando tratamientos como la quimioterapia o radioterapia.,No Legislación
Asturias,2024,49,La vía subcutánea es una vía muy utilizada en cuidados paliativos. Señale la incorrecta en relación con su uso:,Es cómoda para los pacientes y no dificulta su movilidad.,Tiene un manejo dificultoso para los cuidadores no sanitarios en domicilio.,No precisa heparinización.,Permite combinaciones farmacológicas en infusores.,B,Tiene un manejo dificultoso para los cuidadores no sanitarios en domicilio.,No Legislación
Asturias,2024,50,"Respecto a la RCP básica, y según las últimas guías del Consejo Europeo de Resucitación 2021, señale la opción incorrecta:",Cuando hay un solo reanimador se realizarán ciclos de 30 compresiones torácicas seguidas de 2 respiraciones.,Antes de iniciar las maniobras de RCP se debe avisar al Servicio de Emergencias.,Las compresiones se deben realizar en la mitad inferior del esternón.,Cuando hay dos o más reanimadores se realizarán ciclos de 15 compresiones por 1 respiración.,D,Cuando hay dos o más reanimadores se realizarán ciclos de 15 compresiones por 1 respiración.,No Legislación
Asturias,2024,51,Respecto a la intoxicación por heroína señale la opción incorrecta:,El antídoto que se emplea es la naloxona.,La midriasis es un signo característico.,Puede producir depresión respiratoria e hipotensión.,Los efectos depresores de la heroína se pueden agravar con el consumo de alcohol.,B,La midriasis es un signo característico.,No Legislación
Asturias,2024,52,"La siguiente definición: ""Percepción que no corresponde a ningún estímulo físico externo pero que la persona siente como real y no puede controlar"", ¿a cuál de los siguientes conceptos corresponde?",Ilusión.,Alucinación.,Delirio.,Paranoia.,B,Alucinación.,No Legislación
Asturias,2024,53,"¿Qué trastorno de la personalidad se caracteriza por el desapego social, dificultades para relacionarse, ser personas solitarias, retraídas, sin interés por las relaciones sexuales e indiferentes hacia las opiniones de los demás?",Trastorno de personalidad esquizoide.,Trastorno de personalidad esquizotípico.,Trastorno de personalidad antisocial.,Trastorno límite de personalidad.,A,Trastorno de personalidad esquizoide.,No Legislación
Asturias,2024,54,¿Cuál de las siguientes enfermedades está provocada por un protozoo?,Cólera.,Malaria.,Colitis Pseudomembranosa.,Tétanos.,B,Malaria.,No Legislación
Asturias,2024,55,"Una cirugía en la que hay una penetración controlada en el aparato respiratorio, digestivo o genitourinario, con contacto con la flora autóctona pero sin contaminación importante (no hay un derrame importante de su contenido), ¿qué tipo de cirugía es según el grado de limpieza y contaminación?",Sucia o infectada.,Limpia.,Limpia-contaminada.,Contaminada.,C,Limpia-contaminada.,No Legislación
Asturias,2024,56,"De los siguientes tipos de drenaje, indique cuál es un drenaje activo:",Jackson-Pratt®.,Penrose.,Tubo de Kher.,Todas las respuestas son correctas.,A,Jackson-Pratt®.,No Legislación
Asturias,2024,57,"En un paciente que presenta una úlcera por presión con abundante tejido desvitalizado en su lecho y con la intención de ir retirándolo, aplicamos un apósito de cura en ambiente húmedo, ¿qué tipo de desbridamiento estaremos utilizando?",Enzimático.,Protector.,Autolítico.,Biológico.,C,Autolítico.,No Legislación
Asturias,2024,58,En pacientes quemados se usa la Regla de los Nueve de Wallace para valorar el porcentaje de superficie quemada. Señale la afirmación incorrecta:,Este método no es válido para niños por su mayor superficie craneal y tener los brazos y piernas más cortos.,Cada brazo se considera que tiene un 9% de la superficie corporal.,El tronco anterior ocupa el 18% de la superficie corporal.,Las piernas (sumando las dos) ocupan el 44% de la superficie corporal.,D,Las piernas (sumando las dos) ocupan el 44% de la superficie corporal.,No Legislación
Asturias,2024,59,"En relación con el signo de Babinski, señale la opción incorrecta:",Es una respuesta normal en niños menores de dos años.,Puede indicar una lesión en el sistema nervioso central en personas adultas.,Consiste en que al aplicar un objeto romo sobre el borde externo de la planta del pie se provoca una extensión del primer dedo y la apertura en abanico del resto de los dedos.,Se produce en casos de irritación meníngea.,D,Se produce en casos de irritación meníngea.,No Legislación
Asturias,2024,60,"La triada de Cushing son un conjunto de signos que se producen cuando hay un aumento de la presión intracraneal, ¿qué elemento está incluido en esa triada?",Hipotensión.,Bradicardia.,Midriasis.,Fiebre.,B,Bradicardia.,No Legislación
Asturias,2024,61,¿Qué tipo de respiración se define como: una sucesión de ciclos de hiperventilación seguidos por periodos de apnea. En cada ciclo la profundidad de la respiración va aumentando gradualmente hasta un máximo y luego vuelve a descender hasta llegar a la apnea?,Respiración de Biot.,Respiración de Kussmaul.,Respiración de Cheyne-Stokes.,Eupnea.,C,Respiración de Cheyne-Stokes.,No Legislación
Asturias,2024,62,"Respecto a la espirometría, ¿cuál de las siguientes afirmaciones es correcta?",El volumen corriente es el volumen de aire que se moviliza en una respiración normal. Su valor normal en el adulto es aproximadamente de 1500 ml.,El volumen residual es el volumen de aire que queda en los pulmones después de una inspiración máxima.,La capacidad pulmonar total es el volumen máximo de aire que cabe en los pulmones.,Todas las respuestas son correctas.,C,La capacidad pulmonar total es el volumen máximo de aire que cabe en los pulmones.,No Legislación
Asturias,2024,63,En el registro electrocardiográfico la presencia de onda Q patológica nos debe hacer sospechar:,Presencia de necrosis miocárdica.,Isquemia cardíaca.,Bloqueo de rama derecha.,Pericarditis.,A,Presencia de necrosis miocárdica.,No Legislación
Asturias,2024,64,Son síntomas característicos de insuficiencia cardíaca derecha. Señale la opción incorrecta:,Edemas bilaterales en miembros inferiores.,Hepatomegalia.,Ingurgitación yugular.,Edema agudo de pulmón.,D,Edema agudo de pulmón.,No Legislación
Asturias,2024,65,"La pérdida involuntaria de orina asociada a una sobredistensión de la vejiga y que es secundaria a una retención urinaria, ¿cómo se denomina?",Incontinencia urinaria por rebosamiento.,Incontinencia urinaria funcional.,Incontinencia urinaria postmiccional.,Incontinencia urinaria mixta.,A,Incontinencia urinaria por rebosamiento.,No Legislación
Asturias,2024,66,"En un paciente que tras la realización de una gasometría se obtienen los siguientes parámetros: pH 7,48, PCO2 33 mm Hg y HCO3 24 mEq/L, ¿qué tipo de alteración del equilibrio ácido base presenta?",Acidosis respiratoria.,Alcalosis respiratoria.,Acidosis metabólica.,Alcalosis metabólica.,B,Alcalosis respiratoria.,No Legislación
Asturias,2024,67,Indique la opción incorrecta en relación con la obesidad sarcopénica:,Se corresponde al aumento de la masa grasa en contraste con una disminución de la masa magra (muscular).,Se corresponde al aumento de la masa magra (muscular) en contraste con una disminución de la masa grasa.,"Es importante mantener una ingesta calórica adecuada, haciendo especial énfasis en el aporte de proteínas.","Se asocia a una mayor tasa de caídas, fracturas, peor calidad de vida y mayor mortalidad.",B,Se corresponde al aumento de la masa magra (muscular) en contraste con una disminución de la masa grasa.,No Legislación
Asturias,2024,68,"En relación con la esteatosis hepática metabólica (EHmet), señale la respuesta incorrecta:",Es una enfermedad clínicamente heterogénea que cursa con la acumulación de grasa en el hígado.,Dentro de los factores de riesgo de mayor influencia para desarrollar una EHmet se encuentran la obesidad y el síndrome metabólico.,Las modificaciones en la dieta y el estilo de vida son el pilar del tratamiento fundamental de esta enfermedad.,Dentro de las recomendaciones dietéticas se encuentra elevar el consumo de grasas saturadas y el consumo moderado de alcohol.,D,Dentro de las recomendaciones dietéticas se encuentra elevar el consumo de grasas saturadas y el consumo moderado de alcohol.,No Legislación
Asturias,2024,69,"En relación con el volet costal, indique la respuesta incorrecta:",Es la fractura de tres o más costillas en más de dos segmentos de su longitud.,Ocasiona un fenómeno paradójico en la caja torácica colapsándola en inspiración y extendiendo en espiración.,Ocasiona un fenómeno paradójico en la caja torácica colapsándola en espiración y extendiendo en inspiración.,También se denomina tórax inestable o tórax batiente.,C,Ocasiona un fenómeno paradójico en la caja torácica colapsándola en espiración y extendiendo en inspiración.,No Legislación
Asturias,2024,70,"En relación con los pasos a seguir para el cambio de dispositivo de ostomía, señale la opción incorrecta:","Despegar el dispositivo con delicadeza, de arriba a abajo, sujetando la piel con la otra mano para evitar dermatitis traumáticas.","Lavado con agua tibia, jabón y esponja suave (no es necesario limpiar con suero). No usar alcohol ni desinfectantes sobre el estoma.",Secar con secador y rasurar si hay vello en la zona de colocación del dispositivo.,Se recomienda al paciente con colostomía o ileostomía que el cambio de dispositivo lo realice en ayunas o lo realice tras 1 hora y media desde la ingesta de comida.,C,Secar con secador y rasurar si hay vello en la zona de colocación del dispositivo.,No Legislación
Asturias,2024,71,"En relación con la colangitis aguda, ¿cómo se denomina la triada que se caracteriza por las manifestaciones clínicas de dolor abdominal, ictericia y fiebre?",Triada de Virchow.,Triada de Charcot.,Triada de Beck.,Triada de Herbst.,B,Triada de Charcot.,No Legislación
Asturias,2024,72,"¿Cómo se denomina el dolor provocado por un estímulo que, en condiciones normales, no lo provoca?",Alodinia.,Tricomegalia.,Rabdomiólisis.,Adenomiosis.,A,Alodinia.,No Legislación
Asturias,2024,73,¿Cuál de las siguientes opciones no es una enfermedad ocular asociada a la edad?,Cataratas.,Manchas flotantes.,Ojo seco.,Síndrome de Ménière.,D,Síndrome de Ménière.,No Legislación
Asturias,2024,74,En relación con la disgeusia señale la respuesta correcta:,"Consiste en el cambio en la percepción del sabor de los alimentos, desde la aparición de un sabor metálico, amargo u otros sabores, hasta la ausencia total del gusto (ageusia).",Se recomienda al paciente que utilice cubiertos metálicos y evite los de plástico o madera.,Se recomienda al paciente que sustituya las carnes de pollo y pavo por las carnes rojas.,a) y c) son correctas.,A,"Consiste en el cambio en la percepción del sabor de los alimentos, desde la aparición de un sabor metálico, amargo u otros sabores, hasta la ausencia total del gusto (ageusia).",No Legislación
Asturias,2024,75,¿Cómo se denomina la técnica que consiste en la infusión de sueros en el tejido subcutáneo a través de una aguja o catéter?,Hipodermoclisis.,Hidroterapia.,Crioterapia.,Hiperdermoclisis.,A,Hipodermoclisis.,No Legislación
Asturias,2024,76,"Dentro de las recomendaciones de cuidados de la piel a los pacientes en tratamiento con radioterapia, señale la respuesta incorrecta:",Utilizar productos de limpieza suaves que respeten el equilibrio natural del pH de la piel.,Acudir a las sesiones de radioterapia con aplicación de crema hidratante 15 minutos antes de la sesión.,"Evitar en las zonas a tratar el uso de productos como colonias, perfumes, lociones aromatizantes o productos con elementos metálicos que puedan provocar irritaciones en la piel.",No exponer la zona radiada al sol durante el tratamiento y al menos durante el primer año tras la finalización del mismo.,B,Acudir a las sesiones de radioterapia con aplicación de crema hidratante 15 minutos antes de la sesión.,No Legislación
Asturias,2024,77,La enfermera del Equipo de Terapia Intravenosa ha colocado esta mañana un Catéter Central de Inserción Periférica (PICC) a un paciente oncológico. Ha sido comprobada la posición correcta de la punta del catéter. El paciente tiene programado a las 16 horas la administración de un tratamiento quimioterápico. Señale la respuesta correcta:,El tratamiento quimioterápico podrá ser administrado a través del catéter PICC.,El tratamiento debe ser reprogramado ya que el PICC no puede ser utilizado hasta que hayan pasado más de 24 horas desde su implantación.,El tratamiento quimioterápico solo se administrará a través del catéter PICC si dispone de más de una luz.,El catéter PICC no es una vía de elección en la administración de tratamientos quimioterápicos.,A,El tratamiento quimioterápico podrá ser administrado a través del catéter PICC.,No Legislación
Asturias,2024,78,"Ante la extravasación de un tratamiento quimioterápico, en relación con las medidas generales que se deben adoptar señale la respuesta correcta:",Detener la infusión y retirar el equipo de infusión pero no retirar la vía venosa.,Detener la infusión y retirar el equipo de infusión y la vía venosa.,Marcar los bordes del área que se sospecha afectada. Descender el miembro afectado.,Todas son correctas.,A,Detener la infusión y retirar el equipo de infusión pero no retirar la vía venosa.,No Legislación
Asturias,2024,79,¿Qué incidentes quedan excluidos en la notificación del Sistema de Notificación y Aprendizaje para la Seguridad del Paciente (SiNASP)?,Incidentes relacionados con la seguridad que no llegaron al paciente.,Infracciones graves con implicaciones legales.,Incidentes sin daño.,Eventos adversos.,B,Infracciones graves con implicaciones legales.,No Legislación
Asturias,2024,80,¿Quiénes son las segundas víctimas tras la ocurrencia de un evento adverso? Señale la opción correcta:,Los pacientes que sufren un evento adverso.,Los familiares y amigos cercanos del paciente afectado.,"Los profesionales sanitarios que participan en un evento adverso, un error médico o una lesión relacionada con el paciente no esperada.",Las organizaciones sanitarias.,C,"Los profesionales sanitarios que participan en un evento adverso, un error médico o una lesión relacionada con el paciente no esperada.",No Legislación
Asturias,2024,81,"El Sistema Sanitario del Principado de Asturias se ordena en demarcaciones territoriales que constituyen las unidades funcionales y de gestión fundamentales del Sistema Sanitario Público del Principado de Asturias, denominadas:",Zonas Básicas de Salud.,Áreas de Salud.,Zonas Especiales de Salud.,Distritos Sanitarios.,B,Áreas de Salud.,Legislación
Asturias,2024,82,"En la formación especializada en ciencias de la salud mediante residencia, ¿quién tiene como misión organizar dicha formación, supervisar su aplicación práctica y controlar el cumplimiento de los objetivos que se especifican en los programas?",El Consejo Nacional de Especialidades en ciencias de la salud.,El Consejo Interterritorial del Sistema Nacional de Salud.,La Comisión de Docencia de cada centro sanitario.,El Tutor de Residentes.,C,La Comisión de Docencia de cada centro sanitario.,Legislación
Asturias,2024,83,"Además de la edad, ¿cuáles son los motivos por los que se puede solicitar una exención de guardias?",Accidente de trabajo.,Motivos de salud que imposibiliten la realización de las guardias.,Razones de conciliación de la vida familiar y laboral.,Los tres anteriores son motivos para solicitar la exención de guardias.,B,Motivos de salud que imposibiliten la realización de las guardias.,Legislación
Asturias,2024,84,"Indique la opción incorrecta relacionada con el documento ""Recomendaciones para el uso seguro de los medicamentos de alto riesgo"", Ministerio de Sanidad 2023:",Los medicamentos de alto riesgo son aquellos que tienen una probabilidad muy elevada de causar daños graves o incluso mortales cuando se produce un error en el curso de su utilización.,El Ministerio de Sanidad y las Comunidades Autónomas han promovido la implantación de prácticas seguras con los medicamentos de alto riesgo.,"La OMS en su tercer reto ""Medicación sin daño"" recomienda la elaboración de una lista universal de medicamentos de alto riesgo.",El objetivo es elaborar un documento actualizado con recomendaciones para la utilización segura de los medicamentos de alto riesgo en los centros sanitarios y sociosanitarios.,C,"La OMS en su tercer reto ""Medicación sin daño"" recomienda la elaboración de una lista universal de medicamentos de alto riesgo.",No Legislación
Asturias,2024,85,"Según el DSM-5, ¿cuál de los siguientes no es un trastorno de la conducta alimentaria?",Trastorno por perturbación.,Trastorno por atracón.,Bulimia Nerviosa.,PICA.,A,Trastorno por perturbación.,No Legislación
Asturias,2024,86,Señale cuál es un cuestionario diseñado por la OMS para la evaluación de la calidad de vida:,AUDIT.,WHOQOL-BREF.,CAGE.,MALT.,B,WHOQOL-BREF.,No Legislación
Asturias,2024,87,Señale cuál no es una fase del Proceso de Atención de Enfermería:,Planificación.,Evaluación.,Promoción.,Diagnóstico.,C,Promoción.,No Legislación
Asturias,2024,88,La clasificación Internacional para la Atención Primaria (CIAP-2) permite la recogida y análisis de 3 importantes componentes de la consulta. Señale la opción correcta:,"Razón de la consulta, signos y síntomas y diagnóstico.","Razón de la consulta, problema de salud y proceso de atención.","Razón de la consulta, signos y síntomas y tratamiento terapéutico.","Razón de la consulta, diagnóstico y derivación a atención hospitalaria.",B,"Razón de la consulta, problema de salud y proceso de atención.",No Legislación
Asturias,2024,89,¿Cuál de las siguientes vitaminas no es liposoluble?,Vitamina B.,Vitamina K.,Vitamina D.,Vitamina E.,A,Vitamina B.,No Legislación
Asturias,2024,90,¿Cuál de las siguientes no es una escala para valorar el dolor en el recién nacido?,N-PASS.,NSRAS.,CRIES.,PIPP.,B,NSRAS.,No Legislación
Asturias,2024,91,Señale la incorrecta:,El TEP (Triángulo de evaluación pediátrica) es una herramienta sencilla y rápida para evaluar el estado fisiológico global del paciente pediátrico.,"El TEP evalúa la apariencia, respiración y temperatura.","El TEP evalúa la apariencia, la respiración y la circulación.",Si alguno de los lados se encuentra alterado el paciente está inestable.,B,"El TEP evalúa la apariencia, respiración y temperatura.",No Legislación
Asturias,2024,92,"En la valoración de las úlceras del pie diabético se utiliza la escala Wagner Merrit. Un paciente que presenta una gangrena limitada que afecta a todo el primer dedo, ¿qué grado de dicha escala tendrá?",Grado 1.,Grado 3.,Grado 5.,Grado 4.,D,Grado 4.,No Legislación
Asturias,2024,93,"El estado en el que las personas puedan desarrollar su máximo potencial de salud independientemente de razones geográficas, étnicas, culturales, de género, discapacidad u otras circunstancias determinadas por factores sociales se denomina:",Justicia en salud.,Equidad en salud.,Igualdad en salud.,Rectitud en salud.,B,Equidad en salud.,No Legislación
Asturias,2024,94,Algunos tratamientos antineoplásicos pueden provocar inflamación e infección de la piel que rodea a las uñas denominada:,Eritrodisestesia palmoplantar.,Paroniquia.,Síndrome mano-pie.,Radiodermitis.,B,Paroniquia.,No Legislación
Asturias,2024,95,¿Indique qué afirmación es correcta respecto al bloqueo auriculo-ventricular de 2º grado MOBITZ tipo I?,Se caracteriza por un acortamiento del segmento PR.,Vamos a encontrar un alargamiento progresivo del intervalo PR hasta llegar a ondas P que no son seguidas de complejos QRS.,Se registran ondas P seguidas de complejos QRS y ondas P aisladas que no son seguidas de QRS.,Encontraremos registro de QRS anchos con morfología RR' en las derivaciones precordiales V5 y V6.,B,Vamos a encontrar un alargamiento progresivo del intervalo PR hasta llegar a ondas P que no son seguidas de complejos QRS.,No Legislación
Asturias,2025,1,El derecho a la protección de la salud se encuentra en:,Derechos fundamentales.,Libertades públicas.,Principios rectores de la política social y económica.,Disposiciones adicionales.,C,Principios rectores de la política social y económica.,Legislación
Asturias,2025,2,Los servicios de salud de las comunidades autónomas:,Son independientes sin relación con el Estado.,Se coordinan para formar parte del Sistema Nacional de Salud.,Son gestionados por ayuntamientos.,Son de carácter privado.,B,Se coordinan para formar parte del Sistema Nacional de Salud.,Legislación
Asturias,2025,3,La Ley General de Sanidad se inspira en el principio de:,Uniformidad.,Universalidad.,Privacidad.,Exclusividad.,B,Universalidad.,Legislación
Asturias,2025,4,"Según la Ley 16/2003, de 28 de mayo, las prestaciones sanitarias del catálogo se harán efectivas mediante la cartera de servicios y esta será acordada:",Por el Ministerio de Sanidad.,Por las Comunidades Autónomas.,Por el Consejo de Ministros.,Por el Consejo Interterritorial del Sistema Nacional de Salud.,D,Por el Consejo Interterritorial del Sistema Nacional de Salud.,Legislación
Asturias,2025,5,La sanción de traslado forzoso corresponde a una falta:,Muy grave.,Grave.,Leve.,Todas son correctas.,A,Muy grave.,Legislación
Asturias,2025,6,El tratamiento de los datos personales de un menor de edad únicamente podrá fundarse en su consentimiento cuando sea:,Mayor de dieciocho años.,Mayor de dieciséis años.,Mayor de catorce años.,Mayor de diecisiete años.,C,Mayor de catorce años.,Legislación
Asturias,2025,7,Son empleados públicos:,Quienes desempeñan funciones retribuidas en las Administraciones Públicas o Privadas al servicio de los intereses generales.,Quienes desempeñan funciones retribuidas o no en las Administraciones Públicas al servicio de los intereses públicos.,Quienes desempeñan funciones retribuidas en las Administraciones Públicas al servicio de los intereses generales.,Quienes desempeñan funciones retribuidas o no en las Administraciones Públicas o Privadas al servicio de los intereses públicos.,C,Quienes desempeñan funciones retribuidas en las Administraciones Públicas al servicio de los intereses generales.,Legislación
Asturias,2025,8,La Ley de Prevención de Riesgos Laborales es aplicable:,Exclusivamente al sector privado.,Exclusivamente a funcionarios públicos.,En el ámbito de las relaciones laborales reguladas en el Estatuto de los Trabajadores.,Solo a empresas con más de 50 trabajadores.,C,En el ámbito de las relaciones laborales reguladas en el Estatuto de los Trabajadores.,Legislación
Asturias,2025,9,La Administración del Principado de Asturias:,Debe priorizar automáticamente a las mujeres.,No aplica criterios de igualdad en la selección.,"Dentro de su ámbito de competencias, habrá de promover la igualdad de oportunidades entre los hombres y las mujeres.",Solo aplica medidas de conciliación.,C,"Dentro de su ámbito de competencias, habrá de promover la igualdad de oportunidades entre los hombres y las mujeres.",Legislación
Asturias,2025,10,Las unidades funcionales y de gestión fundamentales del Sistema Sanitario Público del Principado de Asturias son:,Los distritos sanitarios.,Las Áreas de Salud.,Los hospitales comarcales.,Las mancomunidades sanitarias.,B,Las Áreas de Salud.,Legislación
Asturias,2025,11,La Dirección de Profesionales se ocupa de:,"La propuesta, aplicación y desarrollo, en el ámbito del SESPA, de las políticas de personal.",El control de calidad de los medicamentos.,La vigilancia epidemiológica.,La organización de oposiciones de la Junta General.,A,"La propuesta, aplicación y desarrollo, en el ámbito del SESPA, de las políticas de personal.",Legislación
Asturias,2025,12,Los Distritos de Salud:,Están integrados siempre por tres Zonas Básicas de Salud.,Pueden estar integrados por una sola Zona Básica de Salud.,Son posibles divisiones de las Áreas de Salud.,Son posibles divisiones de las Zonas Básicas de Salud.,C,Son posibles divisiones de las Áreas de Salud.,Legislación
Asturias,2025,13,El objeto principal de la Ley Orgánica 3/2018 es:,Regular las relaciones digitales en España.,Establecer la normativa sobre comercio electrónico.,Garantizar los derechos digitales de la ciudadanía.,Regular el funcionamiento de la administración electrónica.,C,Garantizar los derechos digitales de la ciudadanía.,Legislación
Asturias,2025,14,"El objeto de la Ley 2/2011, de 11 de marzo, es:",Regular únicamente la violencia de género.,Establecer medidas de igualdad salarial solamente.,"Garantizar la efectiva igualdad de derechos, trato y oportunidades entre mujeres y hombres.",Regular el derecho al trabajo.,C,"Garantizar la efectiva igualdad de derechos, trato y oportunidades entre mujeres y hombres.",Legislación
Asturias,2025,15,El Estatuto Marco es aplicable a:,Todo el personal funcionario del Estado.,El personal laboral de la Administración.,El personal estatutario que desempeña su función en los centros e instituciones sanitarias de los servicios de salud de las Comunidades Autónomas o en los centros y servicios sanitarios de la Administración General del Estado.,Todo el personal sanitario en ejercicio libre.,C,El personal estatutario que desempeña su función en los centros e instituciones sanitarias de los servicios de salud de las Comunidades Autónomas o en los centros y servicios sanitarios de la Administración General del Estado.,Legislación
Asturias,2025,16,"De los cuatro principios básicos de la bioética actuales, ¿cuál no estaba en el primer informe Belmont de 1978?",Beneficencia.,No maleficencia.,Justicia.,Autonomía.,B,No maleficencia.,No Legislación
Asturias,2025,17,"El modelo o enfoque ético que se basa en los principios de autonomía, justicia, beneficencia y no maleficencia para analizar y resolver los dilemas éticos en la práctica es el:",Teleologismo.,Principalismo.,Deontologismo.,Eudemonismo.,B,Principalismo.,No Legislación
Asturias,2025,18,Señale qué técnica no se aplica en investigación cualitativa:,Etnografía.,Entrevista.,Investigación experimental.,Investigación acción.,C,Investigación experimental.,No Legislación
Asturias,2025,19,Señale la tercera etapa de la Enfermería Basada en la Evidencia:,Evaluación de los cambios.,Implementación de los cambios propuestos.,Búsqueda de evidencias.,Evaluación de las evidencias encontradas.,D,Evaluación de las evidencias encontradas.,No Legislación
Asturias,2025,20,Señale la incorrecta en relación con la herramienta GMA (Grupos de Morbilidad Ajustados):,El GMA 1 se corresponde a la población crónica de bajo riesgo entre los percentiles 50 y 80 de la población con enfermedad crónica.,"Cada grupo de morbilidad (excepto población sana) se divide, de manera independiente, en 5 subgrupos o niveles de complejidad.",El GMA 3 se corresponde con la población crónica de riesgo moderado.,Es un agrupador poblacional cuya estructura tiene en cuenta la multimorbilidad y la complejidad.,A,El GMA 1 se corresponde a la población crónica de bajo riesgo entre los percentiles 50 y 80 de la población con enfermedad crónica.,No Legislación
Asturias,2025,21,"Según los datos publicados en el año 2023 por el Ministerio de Sanidad, el principal problema crónico de salud registrado en atención primaria para la población de 15 y más años a nivel nacional es:",Dolor lumbar.,Salud mental.,Hipertensión.,Colesterol alto.,D,Colesterol alto.,No Legislación
Asturias,2025,22,"En términos de Calidad Asistencial la matriz CAME (Corregir, afrontar, mantener, exportar) permite crear un plan de acción basado en el análisis realizado del contexto de una organización. ¿Con qué aspecto de la matriz DAFO se correlaciona la acción A (Afrontar)?",Oportunidades.,Debilidades.,Fortalezas.,Amenazas.,D,Amenazas.,No Legislación
Asturias,2025,23,¿Cuál de los siguientes es un resultado de enfermería NOC?,Satisfacción del paciente con el cuidado.,Clarificación de valores.,Manejo de la conducta.,Mejora de la autoestima.,A,Satisfacción del paciente con el cuidado.,No Legislación
Asturias,2025,24,"Manuel es un paciente de 66 años que acude a la consulta de su enfermera de atención primaria para realizar por primera vez una cura de una úlcera en el miembro inferior derecho. María, su enfermera, tras revisar la bibliografía científica reciente, ve que en su centro dispone de un tratamiento A con un coste de 15 euros y un tratamiento B con un coste de 10 euros, ambos, según dicha bibliografía, igual de efectivos. María decide utilizar el tratamiento B, por ser el más económico. Siguiendo los atributos de la calidad asistencial, esta elección la hace siguiendo un criterio de:",Disponibilidad.,Efectividad.,Eficiencia.,Seguridad.,C,Eficiencia.,No Legislación
Asturias,2025,25,"Cuando hablamos de una serie organizada de consultas programadas que se pactan entre el profesional y el usuario, ¿a qué tipo de intervención en promoción y educación para la salud nos estamos refiriendo?",Consejo y asesoramiento.,Información y comunicación.,Educación para la salud grupal o colectiva.,Educación para la salud individual.,D,Educación para la salud individual.,No Legislación
Asturias,2025,26,¿Cuál fue la Primera Conferencia Internacional sobre la Promoción de la Salud?,Yakarta.,Otawa.,Sundsvall.,Adelaide.,B,Otawa.,No Legislación
Asturias,2025,27,Suzanne Kerouac analizó las teorías y modelos de enfermería y las clasificó por paradigmas y por escuelas. ¿En qué escuela estaría incluida la teoría y el modelo de Madeleine Leininger?,Necesidades.,Interacción.,Efectos deseables.,Caring.,D,Caring.,No Legislación
Asturias,2025,28,"En cuanto a la Clasificación Internacional de Enfermedades, señale la respuesta falsa:",Proporciona un lenguaje común que permite a los profesionales de salud compartir información estandarizada en todo el mundo.,Es un sistema de clasificación alfanumérico.,Cuando hablamos de CIE-10 y CIE-10-ES nos referimos exactamente a la misma clasificación.,Todas las respuestas son verdaderas.,C,Cuando hablamos de CIE-10 y CIE-10-ES nos referimos exactamente a la misma clasificación.,No Legislación
Asturias,2025,29,¿Cuál de los siguientes no es un criterio de exclusión para que un paciente sea admitido en Hospitalización a Domicilio?,Estar clínicamente estable.,Tener un diagnóstico provisional poco claro.,Presentar patología psiquiátrica aguda no controlada.,Tener impedimentos cognitivos o incapacidad física sin que un cuidador con experiencia pueda asumir la responsabilidad del cuidado.,A,Estar clínicamente estable.,No Legislación
Asturias,2025,30,¿Cuál de las siguientes es una característica del proceso de hospitalización?,Relación profesional-paciente simétrica.,Mayor intimidad.,Despersonalización.,Movilidad ilimitada.,C,Despersonalización.,No Legislación
Asturias,2025,31,¿Cuál de las siguientes es un estadio o etapa en la Teoría del Desarrollo Cognoscitivo de Jean Piaget?,Preoperacional.,Oral.,Identidad.,Preconsciente.,A,Preoperacional.,No Legislación
Asturias,2025,32,¿Cuál es el macronutriente principal de los guisantes frescos en crudo?,Proteínas.,Hidratos de Carbono.,Grasas.,Vitaminas.,B,Hidratos de Carbono.,No Legislación
Asturias,2025,33,¿En cuál de los siguientes grupos ocupacionales no estaría recomendada la vacunación frente a MPOX?,Personal de laboratorio que manejan muestras potencialmente contaminadas con MPXV (virus de la viruela del mono).,Personal sanitario de consultas especializadas en ITS/VIH que atienden a personas con prácticas de alto riesgo.,Personal que se encarga de la desinfección de superficies en locales específicos donde se mantienen relaciones sexuales de riesgo.,Personal sanitario de todos los servicios de urgencias de centros hospitalarios.,D,Personal sanitario de todos los servicios de urgencias de centros hospitalarios.,No Legislación
Asturias,2025,34,"Para la estratificación del riesgo cardiovascular existen diversas tablas, modelos y calculadoras. La recomendación de las guías europeas es la utilización de la tabla de riesgo SCORE. En relación con la misma señale la opción incorrecta:",Un SCORE < 1% indica riesgo bajo.,España está entre las regiones geográficas consideradas de riesgo bajo.,"Se consideran los siguientes factores: sexo, edad, hábito tabáquico, presión arterial diastólica y colesterol total.",Calcula el riesgo de eventos de enfermedad cardiovascular a 10 años.,C,"Se consideran los siguientes factores: sexo, edad, hábito tabáquico, presión arterial diastólica y colesterol total.",No Legislación
Asturias,2025,35,"En cuanto a las recomendaciones generales de actividad física y reducción del sedentarismo para menores de 5 años del Ministerio de Sanidad, indique la opción correcta:",En la población infantil de 0 a 2 años se recomienda pasar 1 hora al día delante de una pantalla.,"Cuando aún no andan se recomienda minimizar el tiempo que pasan sentados o sujetos en sillas, carritos o balancines, cuando están despiertos, a menos de 1 hora seguida.",Cuando ya andan debe promoverse que sean físicamente activos al menos 120 minutos distribuidos a lo largo de la semana.,Todas las opciones son correctas.,B,"Cuando aún no andan se recomienda minimizar el tiempo que pasan sentados o sujetos en sillas, carritos o balancines, cuando están despiertos, a menos de 1 hora seguida.",No Legislación
Asturias,2025,36,La clorhexidina pertenece al grupo de:,Los alcoholes.,Las biguanidas.,Los halógenos.,Los fenoles y derivados.,B,Las biguanidas.,No Legislación
Asturias,2025,37,¿Cuál de las siguientes no es una medida preventiva específica incluida en el Proyecto Infección Quirúrgica Zero para la prevención de las infecciones de localización quirúrgica?,"Profilaxis antibiótica adecuada en todas las intervenciones quirúrgicas, independientemente del tipo de intervención y de la localización de la misma.",Antisepsia de la piel con solución de clorhexidina alcohólica al 2%.,"Mantenimiento de la normotermia, particularmente en intervenciones de larga duración.",Mantenimiento de la normoglucemia.,A,"Profilaxis antibiótica adecuada en todas las intervenciones quirúrgicas, independientemente del tipo de intervención y de la localización de la misma.",No Legislación
Asturias,2025,38,¿Cuál es el primer movimiento que aparece en el recién nacido cuando se explora el reflejo de Moro?,Flexión de brazos y piernas.,Apertura de dedos.,Extensión de brazos y piernas.,Aducción de brazos y piernas.,C,Extensión de brazos y piernas.,No Legislación
Asturias,2025,39,Señale qué ítem no se evalúa en la escala CRIES para la valoración del dolor postoperatorio del recién nacido:,Expresión facial.,Llanto.,Periodo de vigilia.,Frecuencia cardiaca y tensión arterial.,C,Periodo de vigilia.,No Legislación
Asturias,2025,40,"Todos los siguientes son factores que pueden estar relacionados con el vaginismo, excepto:",Trastornos psicosociales.,Trastornos por patología pélvica.,Estrés postraumático.,Hipertonía del suelo pélvico.,B,Trastornos por patología pélvica.,No Legislación
Asturias,2025,41,Señale el orden correcto de los principales hitos de desarrollo motor infantil según la OMS:,"Sentarse sin apoyo, mantenerse de pie con ayuda, gatear, caminar con ayuda, mantenerse de pie solo, caminar solo.","Sentarse sin apoyo, gatear, mantenerse de pie con ayuda, caminar con ayuda, mantenerse de pie solo, caminar solo.","Sentarse sin apoyo, gatear, mantenerse de pie con ayuda, mantenerse de pie solo, caminar con ayuda, caminar solo.","Sentarse sin apoyo, gatear, mantenerse de pie con ayuda, caminar sin ayuda, mantenerse de pie solo, caminar con ayuda.",B,"Sentarse sin apoyo, gatear, mantenerse de pie con ayuda, caminar con ayuda, mantenerse de pie solo, caminar solo.",No Legislación
Asturias,2025,42,"La escala de Gorelick es una herramienta utilizada para evaluar la gravedad de la deshidratación en pacientes pediátricos, clasificándola en tres niveles. ¿Qué nos indicaría una puntuación de 3?",Deshidratación leve.,No se utiliza esa escala para evaluar la deshidratación en pediatría.,Deshidratación grave.,Ausencia de deshidratación.,A,Deshidratación leve.,No Legislación
Asturias,2025,43,"Las convulsiones en niños son una situación súbita caracterizada por movimientos musculares repetidos que suelen acompañarse de pérdida de consciencia. En los niños, la causa más frecuente es la fiebre. ¿Qué información es correcta proporcionar a los padres?",Las convulsiones febriles se producen cuando la fiebre es alta.,"Administrar antitérmicos de forma precoz evita que suba la fiebre y, por lo tanto, previene las convulsiones.",Las convulsiones siempre provocan daño en el cerebro dejando secuelas.,No existe relación entre la convulsión febril típica y la gravedad de la infección.,D,No existe relación entre la convulsión febril típica y la gravedad de la infección.,No Legislación
Asturias,2025,44,En relación con la dispareunia femenina indique la incorrecta:,Un 90% de los casos se relaciona con anomalías congénitas.,Se puede relacionar con incapacidad para relajarse y disfrutar.,Puede asociarse a experiencias previas negativas.,Puede deberse a problemas de lubricación.,A,Un 90% de los casos se relaciona con anomalías congénitas.,No Legislación
Asturias,2025,45,"¿A qué nos referimos cuando hablamos de ""identidad de género""?","Se refiere a la experiencia de género innata, profundamente interna e individual de una persona, que puede o no corresponder con la fisiología de la persona o su sexo al nacer.","Se refiere a roles, características y oportunidades definidos por la sociedad que se consideran apropiados para hombres y mujeres.","Es la característica biológica, anatómica y fisiológica que define a los seres humanos como hombre o mujer.",Es la forma de jerarquizar las diferencias entre el hombre y la mujer.,A,"Se refiere a la experiencia de género innata, profundamente interna e individual de una persona, que puede o no corresponder con la fisiología de la persona o su sexo al nacer.",No Legislación
Asturias,2025,46,¿Cuál no es una recomendación para mejorar el estilo de vida en la menopausia según la Asociación Española para el Estudio de la Menopausia?,"Seguir una dieta saludable, evitando el sobrepeso y la obesidad.",Practicar ejercicio físico intenso.,Reducir el consumo de alcohol.,No fumar.,B,Practicar ejercicio físico intenso.,No Legislación
Asturias,2025,47,"¿Quién acuñó el término de ""Dolor Total"", que incluye elementos físicos, sociales, emocionales y espirituales?",Kübler-Ross.,Cicely Saunders.,ChernyPostenov.,Max Chochinov.,B,Cicely Saunders.,No Legislación
Asturias,2025,48,¿Qué cuidados debemos proporcionar a una madre en las fases iniciales de la lactancia materna?,Hay que dejar que madre e hijo aprendan solos y apoyar a las madres solo a partir del primer día posparto.,Intervenir para fomentar y corregir el contacto piel con piel.,La observación de la toma será realizada de forma exclusiva por las matronas una vez al día a las 24 horas posparto.,"Si la observación de la toma confirma que todo va bien, no intervenir. La postura que mejor facilita el agarre eficaz varía de una mujer a otra.",D,"Si la observación de la toma confirma que todo va bien, no intervenir. La postura que mejor facilita el agarre eficaz varía de una mujer a otra.",No Legislación
Asturias,2025,49,"En cuanto a la hidratación en las personas mayores, señale la opción correcta:","La ingesta de líquidos recomendada en una persona mayor, sin patología que indique lo contrario, es de 1-1.5 litros al día.",Una persona mayor necesita menos agua para excretar la misma cantidad de urea y sodio que un adulto joven.,"Con la edad se producen cambios en la función renal y una importante disminución de la sensación de sed, alteraciones muy relacionadas con la deshidratación en personas de edad avanzada.","El anciano sólo tiene pérdida de agua por eliminación por vía urinaria, ya que la transpiración cutánea es mínima.",C,"Con la edad se producen cambios en la función renal y una importante disminución de la sensación de sed, alteraciones muy relacionadas con la deshidratación en personas de edad avanzada.",No Legislación
Asturias,2025,50,"Tomando como referencia la actualización del documento de consenso sobre prevención de la fragilidad en la persona mayor del Ministerio de Sanidad, ¿cuál de las siguientes es una prueba utilizada para la detección precoz de la fragilidad en una persona de 70 años o más y con un índice de Barthel igual o superior a 90?",Fenotipo de Fragilidad de Fried.,Prueba Corta de Desempeño Físico o Short Physical Performance Battery (SPPB).,Escala de Rasgos de Fragilidad forma corta (FTS-5).,Índice de Fragilidad (FrailtyIndex-FI).,B,Prueba Corta de Desempeño Físico o Short Physical Performance Battery (SPPB).,No Legislación
Asturias,2025,51,"Juan tiene 88 años, necesita ayuda para cortar carne o pan, necesita ayuda importante para los traslados, pero es capaz de mantenerse sentado sin ayuda, es dependiente para el aseo personal, necesita ayuda para ir al WC pero se limpia solo, es dependiente para bañarse o ducharse, es independiente para desplazarse en silla de ruedas, es dependiente para bajar y subir escalones, necesita ayuda para vestirse, ocasionalmente tiene algún episodio de incontinencia fecal y presenta incontinencia urinaria. ¿Qué grado de dependencia según el Índice de Barthel tiene Juan para las actividades básicas de la vida diaria?",Leve.,Severa/Grave.,Moderada.,Total.,B,Severa/Grave.,No Legislación
Asturias,2025,52,Señale la respuesta incorrecta con relación a la escala de expresiones faciales (EFF):,Se conoce también como escala facial de Wong y Baker.,"Se representan 10 caras, la 1 indica ""sin dolor"" y la 10 ""dolor insoportable"".",Se utiliza especialmente en pacientes pediátricos o con dificultades cognitivas.,Es una escala utilizada para la valoración del dolor.,B,"Se representan 10 caras, la 1 indica ""sin dolor"" y la 10 ""dolor insoportable"".",No Legislación
Asturias,2025,53,"Para el abordaje y cuidados del paciente agitado en el servicio de urgencias, señale la incorrecta en relación con la desactivación verbal:",Es el primer nivel de actuación con un paciente agitado.,Consiste en la utilización de estrategias para facilitar el paso de un estímulo potencialmente amenazante a uno más inocuo.,Hay que evitar en la medida de lo posible las preguntas que puedan responderse con monosílabos y la verbalización de las preocupaciones.,Debe ser llevada a cabo por personal entrenado.,C,Hay que evitar en la medida de lo posible las preguntas que puedan responderse con monosílabos y la verbalización de las preocupaciones.,No Legislación
Asturias,2025,54,¿Cuál de las siguientes manifestaciones no es característica de la espondiloartritis axial?,Dolor lumbar inflamatorio.,Uveítis.,Tofos en articulaciones periféricas.,Entesitis.,C,Tofos en articulaciones periféricas.,No Legislación
Asturias,2025,55,¿Cuáles se consideran pautas generales de actuación en un paciente con problemas de somatización?,No es necesario planificar citas regulares.,Evitar reconocer y legitimar sus síntomas.,Mantener comunicación con otros profesionales implicados en la atención del paciente.,Dar información ambigua acerca de hallazgos clínicos para evitar que aumente sus preocupaciones.,C,Mantener comunicación con otros profesionales implicados en la atención del paciente.,No Legislación
Asturias,2025,56,Durante la intervención de la enfermera con pacientes con trastorno de la alimentación es necesario:,Establecer metas a largo plazo.,Disminuir su autocontrol y autoconfianza.,No minimizar los comentarios relacionados con la alimentación.,No ser disciplinados frente a ciertas conductas que pueda presentar el individuo.,C,No minimizar los comentarios relacionados con la alimentación.,No Legislación
Asturias,2025,57,¿Qué porcentaje de las infecciones relacionadas con la asistencia sanitaria son potencialmente prevenibles mediante estrategias de prevención y control de la infección?,Más del 50%.,Menos del 50%.,No son prevenibles.,Todas son prevenibles.,A,Más del 50%.,No Legislación
Asturias,2025,58,¿Qué indicaciones daría a una persona que presenta deposiciones frecuentes y líquidas tras el inicio de tratamiento antituberculoso con fluoroquinolonas?,La diarrea es un cuadro clínico infrecuente.,Restringir ingesta hídrica.,Los lactobacilos no mejoran nunca los síntomas.,No tomar yogur en las 2 horas siguientes a la fluoroquinolona.,D,No tomar yogur en las 2 horas siguientes a la fluoroquinolona.,No Legislación
Asturias,2025,59,"Con relación a la infección del lugar quirúrgico, señale la incorrecta:",Está relacionada con el procedimiento quirúrgico.,Se presenta en los primeros 15 días de postoperatorio.,Se produce en la incisión quirúrgica o en su vecindad.,"Aparece durante los primeros 30 o 90 días del postoperatorio quirúrgico, según los tipos de intervención.",B,Se presenta en los primeros 15 días de postoperatorio.,No Legislación
Asturias,2025,60,Indique qué se valora en el paso 6 de la estrategia TIMERS para el manejo de heridas de difícil cicatrización:,"S, factores sociales.","R, cierre y cicatrización.","E, margen de la herida.","I, inflamación.",A,"S, factores sociales.",No Legislación
Asturias,2025,61,"¿Qué actividad no incluiría en el manejo efectivo de la ansiedad preoperatoria, para que los pacientes se sientan seguros, informados y apoyados en este proceso?",Evaluación integral del estado emocional del paciente identificando fuentes de ansiedad.,Implementar técnicas de relajación y control del estrés.,No involucrar a la familia en el proceso de cuidado ya que pueden crear un entorno desfavorable para la recuperación.,Escucha activa y validación de sentimientos.,C,No involucrar a la familia en el proceso de cuidado ya que pueden crear un entorno desfavorable para la recuperación.,No Legislación
Asturias,2025,62,¿Qué intervención domiciliaria es prioritaria para pacientes con insuficiencia respiratoria crónica grave y fatiga respiratoria significativa?,Oxigenoterapia domiciliaria.,Ventilación mecánica no invasiva.,Aerosolterapia con nebulizador.,Tos asistida domiciliaria.,B,Ventilación mecánica no invasiva.,No Legislación
Asturias,2025,63,Indique cuál es el mecanismo de acción de los apósitos de hidrogel:,Proporcionan la humedad necesaria para favorecer el proceso natural de cicatrización en las fases de granulación y epitelización.,Absorben rápidamente el exudado de la herida en sentido vertical hacia el interior del apósito formado un gel cohesivo.,El impregnado viscoso permite optimizar las condiciones de ambiente húmedo que favorecen la cicatrización.,"El apósito, cuando entra en contacto con el lecho de la herida, irriga la solución salina, al mismo tiempo que absorbe el exudado y las bacterias junto a sus toxinas.",A,Proporcionan la humedad necesaria para favorecer el proceso natural de cicatrización en las fases de granulación y epitelización.,No Legislación
Asturias,2025,64,¿En qué situación no estaría indicado prorrogar la indicación de un medicamento por parte de la enfermera?,Cuando se estén alcanzando con el medicamento los objetivos terapéuticos que se establecieron en el momento de la prescripción y estos estén dentro del margen o intervalo previsto en el protocolo o guía asistencial específica.,Cuando la tolerabilidad al tratamiento del paciente sea adecuada.,Cuando la adherencia al tratamiento por parte del paciente sea adecuada.,Cuando haya habido cambios relevantes en la situación clínica y características del paciente desde el inicio del tratamiento que puedan influir en la indicación del medicamento.,D,Cuando haya habido cambios relevantes en la situación clínica y características del paciente desde el inicio del tratamiento que puedan influir en la indicación del medicamento.,No Legislación
Asturias,2025,65,"Para evitar las alteraciones del sueño producidas por el trabajo a turnos, señale la incorrecta:",La melatonina (1-3 mg) mejora el sueño diurno y la vigilancia nocturna.,"Los hipnóticos de acción corta facilitan el sueño diurno, pero pueden producir somnolencia residual, incluso nocturna por lo que no se recomiendan.",La cafeína mejora la vigilancia nocturna.,Una siesta previa al turno de trabajo de noche disminuye la somnolencia.,A,La melatonina (1-3 mg) mejora el sueño diurno y la vigilancia nocturna.,No Legislación
Asturias,2025,66,"Según la Sociedad Española de Enfermería Neurológica, ¿cuál de las siguientes no es una recomendación para una buena alimentación en las personas con Parkinson?",Tomar conjuntamente alimentos ricos en proteínas y L-Dopa para aumentar la eficacia del medicamento.,Realizar comidas frecuentes y poco abundantes.,Consumir alimentos ricos en proteínas solo por la noche.,Evitar caldos o sopas muy líquidos.,A,Tomar conjuntamente alimentos ricos en proteínas y L-Dopa para aumentar la eficacia del medicamento.,No Legislación
Asturias,2025,67,"Jorge, de 28 años, acude por sensación de falta de aire intensa tras un episodio de ansiedad. La exploración muestra taquipnea con respiración rápida y superficial, palidez y sudoración. Gasometría arterial: pH: 7,53, PaCO2: 28mm Hg, HCO3: 24 mmol/L. ¿Qué tipo de trastorno ácido-base presenta?",Acidosis metabólica.,Alcalosis metabólica.,Acidosis respiratoria.,Alcalosis respiratoria.,D,Alcalosis respiratoria.,No Legislación
Asturias,2025,68,¿Qué propiedad permite a ciertas células cardíacas auto excitarse de forma rítmica?,Excitabilidad.,Refractariedad.,Automatismo.,Conductividad.,C,Automatismo.,No Legislación
Asturias,2025,69,¿Qué manifestación dermatológica es típica en la enfermedad celiaca?,Psoriasis.,Dermatitis herpetiforme.,Eczema atópico.,Acné.,B,Dermatitis herpetiforme.,No Legislación
Asturias,2025,70,"En el abordaje multidisciplinar de la obesidad, ¿qué tratamiento farmacológico actúa como agonista de la hormona incretina y su pauta de administración es subcutánea semanal?",Orlistat.,Liraglutida.,Semaglutida.,Deruxtecan.,C,Semaglutida.,No Legislación
Asturias,2025,71,"De acuerdo con las recomendaciones de la Sociedad Española de Cardiología, ¿cuándo puede un paciente con marcapasos volver a conducir un vehículo con permiso tipo B tras la implantación?","Dos días después, tras acudir a la consulta de enfermería de cardiología.","Dos semanas después del implante, con informe médico positivo cada tres años para renovaciones.","Dos meses después del implante, con informe médico positivo cada tres años para renovaciones.",Está contraindicado volver a conducir una vez se ha implantado el marcapasos.,B,"Dos semanas después del implante, con informe médico positivo cada tres años para renovaciones.",No Legislación
Asturias,2025,72,"María, 55 años, acude a consulta de enfermería refiriendo pérdida de orina al toser y reír. Tuvo tres embarazos y presenta estreñimiento crónico. ¿Cuál es el tipo más probable de incontinencia urinaria?",Incontinencia urinaria de urgencia.,Incontinencia urinaria de esfuerzo.,Incontinencia urinaria por rebosamiento.,Goteo posmiccional.,B,Incontinencia urinaria de esfuerzo.,No Legislación
Asturias,2025,73,Indique la correcta con relación a la reducción de la acidez urinaria:,Aumenta la defensa natural frente a bacterias.,Favorece la proliferación bacteriana y el riesgo de infección urinaria.,Elimina hongos en el tracto urinario.,Promueve la regeneración de la mucosa vesical.,B,Favorece la proliferación bacteriana y el riesgo de infección urinaria.,No Legislación
Asturias,2025,74,El Test de Snellen se utiliza principalmente para:,Evaluar la presión intraocular.,Valorar el equilibrio.,Detectar hipoacusia.,Medir agudeza visual.,D,Medir agudeza visual.,No Legislación
Asturias,2025,75,Indique la opción incorrecta en relación con el hipoparatiroidismo:,Es un trastorno endocrino que afecta al funcionamiento de las glándulas paratiroides y que consiste en una producción insuficiente de hormona paratiroidea.,Se caracteriza por hipocalcemia e hiperfosfatemia.,"Las parestesias, tetania y laringoespasmo son síntomas asociados a niveles bajos de calcio.","El embarazo en mujeres con hipoparatiroidismo está contraindicado, ya que existe alto riesgo de complicaciones materno-fetales.",D,"El embarazo en mujeres con hipoparatiroidismo está contraindicado, ya que existe alto riesgo de complicaciones materno-fetales.",No Legislación
Asturias,2025,76,En relación con la osteoporosis señala la opción correcta:,A nivel mundial 1 de cada 5 mujeres y 1 de cada 3 hombres mayores de 50 años sufrirán una fractura osteoporótica a lo largo de su vida.,Tener bajo peso con un IMC inferior a 19 es un factor de riesgo clave.,Las mujeres que experimentan una menopausia temprana tienen mayor riesgo de sufrir osteoporosis debido al aumento de los niveles de estrógenos.,La prevención de la osteoporosis comienza a partir de los 40 años en las mujeres y 45 en los hombres.,B,Tener bajo peso con un IMC inferior a 19 es un factor de riesgo clave.,No Legislación
Asturias,2025,77,¿Cuál de los siguientes alimentos toleran mejor las personas con intolerancia a la lactosa?,Leche condensada.,Leche entera.,Leche desnatada.,Queso curado.,D,Queso curado.,No Legislación
Asturias,2025,78,Las terapias con células CAR-T consisten en:,Bloquear receptores de estrógeno en células tumorales.,Modificar linfocitos T del paciente para que ataquen antígenos tumorales.,Administrar anticuerpos monoclonales contra proteínas tumorales.,Inhibir la angiogénesis tumoral.,B,Modificar linfocitos T del paciente para que ataquen antígenos tumorales.,No Legislación
Asturias,2025,79,¿Cuál es la principal ventaja de la biopsia de ganglio centinela frente a la linfadenectomía completa?,Mayor sensibilidad diagnóstica.,Permite tratamiento inmediato del tumor.,Evita la cirugía del tumor primario.,Menor riesgo de complicaciones.,D,Menor riesgo de complicaciones.,No Legislación
Asturias,2025,80,¿Qué es un evento centinela?,"Incidencia imprevista en la que se produce la muerte o una lesión física o psíquica grave, o el riesgo de que se produzca.","Evento que se podría haber previsto y para el que se podría haber estado preparado, pero que ocurre debido a un error u otro fallo del sistema.",El hecho de que un profesional no aplique el grado de diligencia considerado razonable dadas las circunstancias y ello cause una lesión involuntaria a otro.,"Situación con gran capacidad de causar daños, pero en la que no se produce ningún incidente.",A,"Incidencia imprevista en la que se produce la muerte o una lesión física o psíquica grave, o el riesgo de que se produzca.",No Legislación
Asturias,2025,81,El derecho a la protección de la salud es:,Directamente exigible ante los tribunales.,Un derecho fundamental.,Un principio rector.,Una garantía institucional.,C,Un principio rector.,Legislación
Asturias,2025,82,La Ley General de Sanidad prevé la participación:,Solo de médicos y enfermeros.,Comunitaria a través de las Corporaciones territoriales correspondientes en la formulación de la política sanitaria y en el control de su ejecución.,De las farmacias únicamente.,De los sindicatos de trabajadores.,B,Comunitaria a través de las Corporaciones territoriales correspondientes en la formulación de la política sanitaria y en el control de su ejecución.,Legislación
Asturias,2025,83,Los profesionales sanitarios deben:,Actuar según su criterio personal.,Atender solo a pacientes privados.,Delegar la responsabilidad al centro de salud.,Hacer un uso racional de los recursos diagnósticos y terapéuticos a su cargo.,D,Hacer un uso racional de los recursos diagnósticos y terapéuticos a su cargo.,Legislación
Asturias,2025,84,Señale la respuesta incorrecta:,El calostro tiene un aspecto más denso y amarillo que la leche madura.,El calostro tiene más grasa que la leche madura.,El calostro tiene más proteínas que la leche madura.,El calostro tiene menos lactosa que la leche madura.,B,El calostro tiene más grasa que la leche madura.,No Legislación
Asturias,2025,85,"El carbón activado está indicado en el tratamiento de las intoxicaciones agudas producidas por vía oral, siempre y cuando el agente tóxico pueda ser adsorbido por el mismo. Señale el tóxico para el que no estaría indicada su administración:",Opiáceos.,Fenobarbital.,Carbamazepina.,Litio.,D,Litio.,No Legislación
Asturias,2025,86,¿Cuál no es uno de los objetivos de la implantación de los Programas de Optimización de Uso de los Antibióticos?,Mejorar el pronóstico de los pacientes que necesitan tratamiento antibiótico.,Minimizar los efectos adversos.,Controlar la aparición de resistencias.,Reducir tratamientos que no sean costos eficaces.,D,Reducir tratamientos que no sean costos eficaces.,No Legislación
Asturias,2025,87,¿Qué mide el cociente FEV1/FVC en la espirometría?,El volumen total de aire que puede almacenar el pulmón.,El porcentaje de aire expulsado en el primer segundo de la capacidad vital forzada.,La velocidad del flujo inspiratorio máximo.,La frecuencia respiratoria.,B,El porcentaje de aire expulsado en el primer segundo de la capacidad vital forzada.,No Legislación
Asturias,2025,88,¿Cuál es un efecto adverso característico del paclitaxel?,Neuropatía periférica.,Hipoacusia.,Retinopatía.,Cistitis hemorrágica.,A,Neuropatía periférica.,No Legislación
Asturias,2025,89,¿Cuál de las siguientes no es una de las 10 líneas estratégicas recogidas en la Estrategia de Salud Mental del Sistema Nacional de Salud 2022-2026?,Autonomía y derechos. Atención centrada en la persona.,Promoción de la salud mental de la población y prevención de los problemas de salud mental.,"Prevención, detección precoz y atención a la conducta suicida.",Atención a las personas con problemas de salud mental basada en el modelo de recuperación en el ámbito hospitalario.,D,Atención a las personas con problemas de salud mental basada en el modelo de recuperación en el ámbito hospitalario.,No Legislación
Asturias,2025,90,El clopidogrel es un:,Antiagregante plaquetario.,Anticoagulante oral antagonista de la vitamina K.,Inhibidor de la bomba de protones.,Betabloqueante.,A,Antiagregante plaquetario.,No Legislación
Asturias,2025,91,Cuando hablamos de la Cianocobalamina nos estamos refiriendo a la:,Vitamina B12.,Vitamina B2.,Vitamina B6.,Vitamina B1.,A,Vitamina B12.,No Legislación
Asturias,2025,92,Señale la respuesta correcta en relación con la Pirámide de Alimentación saludable y las recomendaciones en la población infantil de la Sociedad Española de Nutrición Comunitaria:,Las verduras y hortalizas deben ser consumidas de 4 a 5 al día.,Los lácteos deben consumirse de 4 a 5 al día priorizando las preparaciones ricas en grasas y sin azúcares añadidos.,Las frutas deben consumirse de 3-4 al día.,Todas son correctas.,C,Las frutas deben consumirse de 3-4 al día.,No Legislación
Asturias,2025,93,Indique uno de los criterios diagnósticos del trastorno por atracones:,Ingesta más lenta de lo normal.,Ingesta hasta sentirse confortablemente lleno.,Ingesta en soledad de alimentos por vergüenza asociada a la cantidad ingerida.,Sentimientos positivos sobre sí mismo tras la ingesta.,C,Ingesta en soledad de alimentos por vergüenza asociada a la cantidad ingerida.,No Legislación
Asturias,2025,94,"Cuando María valora el acceso venoso de una de las personas que está ingresada en su unidad, encuentra que hay dolor con eritema o hinchazón, sin cordón palpable en la zona de punción, ¿qué grado se le otorga según la Escala de Maddox?",1,2,3,4,B,2,No Legislación
Asturias,2025,95,"Respecto al tiempo de espera según la prioridad y color asignada en el Sistema de Triaje Manchester, señale la incorrecta:","Prioridad 1, color rojo, atención inmediata.","Prioridad 5, atención no urgente, color azul, antes de 240 minutos.","Prioridad 3, atención urgente, color naranja, antes de 60 minutos.","Prioridad 4, atención menos urgente, color verde, antes de 120 minutos.",C,"Prioridad 3, atención urgente, color naranja, antes de 60 minutos.",No Legislación
Andalucía,2018,1,La constitución Española de 1978 reconoce expresamente el derecho a la protección de la salud constituyendo,Sólo valor declarativo o programático,Un derecho fundamental,Un derecho constitucional,Un principio de política social y económica,D,Un principio de política social y económica,Legislación
Andalucía,2018,2,"El estatuto de Autonomía de Andalucía aprobado mediante Ley Orgánica 2/2007, de 19 de marzo, de reforma del Estatuto de Autonomía para Andalucía reconoce el derecho a las personas mayores, a recibir de los poderes públicos de Andalucía:","Una protección y una atención integral para la promoción de su autonomía personal y del envejecimiento activo, que les permita una vida digna e independiente y su bienestar social e individual","Acceder a una atención gerontológica adecuada, en el ámbito sanitario, social y asistencial",Percibir las prestaciones que el estatuto detalla.,La respuestas A) y B) son correctas,D,La respuestas A) y B) son correctas,Legislación
Andalucía,2018,3,"Según el artículo 56 de la Ley General de Sanidad, como regla general y sin perjuicio de las excepciones a que hubiera lugar, el Área de Salud extenderá su acción a una población:",No inferior a 100.000 habitantes ni superior a 150.000 habitantes,No inferior a 150.000 habitantes ni superior a 200.000 habitantes,No inferior a 200.000 habitantes ni superior a 250.000 habitantes,No inferior a 250.000 habitantes ni superior a 300.000 habitantes,C,No inferior a 200.000 habitantes ni superior a 250.000 habitantes,Legislación
Andalucía,2018,4,"En relación con la regulación de las Juntas de Enfermería de la Áreas Hospitalarias, una de las siguientes afirmaciones es incorrecta:",Será Vocal de la Junta de Enfermería el Director Médico,La Junta de Enfermería tiene como función principal velar por la calidad de los cuidados de enfermería prestados en el Hospital,"La Junta de Enfermería estará presidida por el Director Gerente del Hospital, actuando como secretario el Director Económico Administrativo",Será función de la Junta de Enfermería proponer el nombramiento del Director de Enfermería,C,"La Junta de Enfermería estará presidida por el Director Gerente del Hospital, actuando como secretario el Director Económico Administrativo",Legislación
Andalucía,2018,5,"De acuerdo con lo previsto en la Ley Orgánica 15/1999, de 13 de diciembre, de Protección de Datos de Carácter Personal y su Reglamento de desarrollo indique que respuesta es correcta",El profesional sanitario tendrá acceso exclusivamente a aquellas historias clínicas de pacientes únicamente con los que exista un vínculo asistencial con el titular de la misma siempre que sea preciso para el desarrollo de sus funciones,"En el caso de la asistencia Sanitaria dado que una parte importante de la asistencia sanitaria no tiene carácter programado, ni es posible limitarla a reglas rígidas de control administrativo los usuarios se encuentran exceptuados de la limitación de acceso previsto en estas normas",Siempre que se accede a una historia se debe dejar constancia del consentimiento del titular de la misma.,Las respuestas anteriores son falsas,D,Las respuestas anteriores son falsas,Legislación
Andalucía,2018,6,"Según el Plan de Prevención y Atención de Agresiones del SSPA ante una situación de agresión en la que el profesional perciba un posible riesgo, el primer paso es:",Avisar a la Unidad de Prevención.,Solicitar la presencia de un/a compañero/a u otra persona cercana que le ayude a acabar con la situación de violencia.,"Solicitar ayuda del vigilante de seguridad, en el caso de que el centro o servicio cuente con este personal. De no ser así, el profesional solicitará la presencia de un/a compañero/a u otra persona cercana que le ayude a acabar con la situación de violencia y que, al tiempo, pueda servir como testigo de los hechos.","Telefonear a las fuerzas y cuerpos de seguridad, bien sea la Policía Autonómica, Policía Local, Policía Nacional o Guardia Civil.",C,"Solicitar ayuda del vigilante de seguridad, en el caso de que el centro o servicio cuente con este personal. De no ser así, el profesional solicitará la presencia de un/a compañero/a u otra persona cercana que le ayude a acabar con la situación de violencia y que, al tiempo, pueda servir como testigo de los hechos.",No Legislación
Andalucía,2018,7,"Cuando se garantiza la presencia de mujeres y hombres de forma que, en el conjunto de personas a que se refiera, cada sexo no supere el 60% ni sea menos del 40%, se está cumpliendo con la:",Transversalidad,Paridad,Representación equilibrada,Discriminación por razón de sexo,B,Paridad,No Legislación
Andalucía,2018,8,Cuál de las siguientes expresiones respecto de deberes a que viene obligado el personal estatutario no es correcta:,"Ejercer la profesión o desarrollar el conjunto de las funciones que correspondan a su nombramiento, plaza o puesto de trabajo con lealtad, eficacia y con observancia de los principios técnicos, científicos, éticos y deontológicos que sean aplicables.","Informar debidamente, de acuerdo con las normas y procedimientos aplicables en cada caso y dentro del ámbito de sus competencias, a los usuarios y pacientes sobre su proceso asistencial y sobre los servicios disponibles.","Mantener la debida reserva y confidencialidad de la información y documentación relativa a los centros sanitarios y a los usuarios obtenida, o a la que tenga acceso, en el ejercicio de sus funciones.","Utilizar los medios, instrumental e instalaciones de los servicios de salud en beneficio del paciente, teniendo en cuenta exclusivamente criterios de eficacia y procurando evitar su uso ilegítimo en beneficio propio o de terceras personas.",D,"Utilizar los medios, instrumental e instalaciones de los servicios de salud en beneficio del paciente, teniendo en cuenta exclusivamente criterios de eficacia y procurando evitar su uso ilegítimo en beneficio propio o de terceras personas.",Legislación
Andalucía,2018,9,"Sobre el Derecho de acceso a la Historia Clínica, una de las siguientes afirmaciones es incorrecta:",El paciente tiene derecho al acceso a la Historia Clínica sin reservas,El derecho de acceso del paciente a la Historia Clínica puede ejercerse por representación,"El derecho de acceso del paciente a la documentación de la Historia Clínica no puede ejercitarse en perjuicio del derecho de los profesionales participantes en su elaboración, los cuales pueden oponer al derecho de acceso la reserva de sus anotaciones subjetivas.","Los Centros sanitarios sólo facilitaran el acceso a la Historia Clínica de los pacientes fallecidos a las personas vinculadas a él, por razones familiares o de hecho, salvo que el fallecido lo hubiese prohibido expresamente y así se acredite",A,El paciente tiene derecho al acceso a la Historia Clínica sin reservas,Legislación
Andalucía,2018,10,"La Ley 41/2002, Básica reguladora de la Autonomía del paciente y derechos y obligaciones en materia de información y documentación clínica, establece que el consentimiento se prestará por escrito en los casos siguientes:(señale la respuesta incorrecta)",Intervención Quirúrgica,En todos los procedimientos diagnósticos,Procedimientos diagnósticos y Terapéuticos invasores,"En general, en aplicación de procedimientos que supone riesgo o inconvenientes de notoria y previsible repercusión negativa sobre la salud del paciente",B,En todos los procedimientos diagnósticos,Legislación
Andalucía,2018,11,¿Que se entiende por alerta sanitaria en la Ley de Salud Pública?,"Aquella que incorpora en la respuesta a un problema de salud el nivel asistencial, la prevención de la enfermedad, la promoción de la salud y la rehabilitación integral, referida a la recuperación del proyecto vital","La condición, situación, conducta o elemento que aumenta la probabilidad de aparición de una enfermedad o lesión, o que se relaciona con una salud deficiente","Sistema que, en las empresas, industrias, instalaciones y servicios, permite identificar, evaluar y controlar peligros significativos en el ámbito de la protección de la salud",Todo fenómeno de potencial riesgo para la salud de la población y/o de trascendencia social frente al que sea necesario desarrollar actuaciones de salud pública urgentes y eficaces,D,Todo fenómeno de potencial riesgo para la salud de la población y/o de trascendencia social frente al que sea necesario desarrollar actuaciones de salud pública urgentes y eficaces,Legislación
Andalucía,2018,12,"De acuerdo con la Estrategia para la Seguridad del Paciente, el sistema de notificación, alojado en el Observatorio, estará dirigido a:","La mejora de los indicadores en las áreas de atención primaria y atención hospitalaria, entendiendo que los patrones de riesgo no se repiten","La mejora de la seguridad del paciente, abarcando todos los niveles y áreas de prestación, con carácter voluntario, anónimo, confidencial, no punitivo y abierto para el paciente y las personas cuidadoras",Vigilar a los profesionales y hacer un seguimiento del cumplimiento en el desempeño de su labor diaria para proceder de forma punible si es preciso,"Analizar incidentes individuales e investigarlos, identificando las tendencias de riesgo en la seguridad del paciente y poniendo en marcha soluciones para evitarla",B,"La mejora de la seguridad del paciente, abarcando todos los niveles y áreas de prestación, con carácter voluntario, anónimo, confidencial, no punitivo y abierto para el paciente y las personas cuidadoras",No Legislación
Andalucía,2018,13,El % de pruebas o evidencias cumplidas por un profesional con nivel de acreditación de Experto tiene que tener ser al menos:,"60% grupo I, 70 % grupo II y 50 % grupo III","70% grupo I, 70 % grupo II, 0 % grupo III","80% grupo I, 80 % grupo II, 50 % grupo III","70 % grupo I, 70 % grupo II, 70 % grupo III",B,"70% grupo I, 70 % grupo II, 0 % grupo III",No Legislación
Andalucía,2018,14,"El ámbito de la Ley 44/2003, de 21 de noviembre, de Ordenación de Profesiones Sanitarias es de aplicación:",A todas las profesiones,A las profesiones sanitarias,A las profesiones sanitarias universitarias,A las profesiones sanitarias tituladas,D,A las profesiones sanitarias tituladas,Legislación
Andalucía,2018,15,Las voluntades vitales anticipadas pueden ser emitidas y registradas:,Por un familiar o representante en nombre del paciente siempre que no sea menor o incapacitado,Por cualquier persona que haya sido autorizada por el paciente siempre que no sea menor o incapacitado,"Por la propia persona siempre que esta sea capaz, mayor de edad o menor emancipado y lo realice de forma consciente y libre",Por los profesionales que han seguido al paciente durante la evolución de su enfermedad,C,"Por la propia persona siempre que esta sea capaz, mayor de edad o menor emancipado y lo realice de forma consciente y libre",Legislación
Andalucía,2018,17,¿Que definimos por población de hecho de un determinado municipio?,Número de personas que oficialmente tenían su residencia en el municipio en la fecha de referencia,Número de personas que pernoctaron en el municipio en la fecha de referencia del Censo,"Conjunto de personas censables (es decir, con residencia habitual en España) que tienen algún tipo de vinculación habitual con el municipio",Ninguna de las anteriores,B,Número de personas que pernoctaron en el municipio en la fecha de referencia del Censo,No Legislación
Andalucía,2018,18,"¿ Qué tipo de estadística tiene como objeto realizar inducciones o estimaciones a partir de los datos obtenidos en un subconjunto ( muestra) , sobre la totalidad de la población ?",Estadística descriptiva,Estadística inferencial,Estadística bayesiana,Estadística aplicada,B,Estadística inferencial,No Legislación
Andalucía,2018,19,"Cuando hablamos que (en una distribución normal) "" la proporción de pacientes que mejoraron con el tratamiento X es de un 75%, con un error estándar del 3% "" podemos decir que :",La proporción de pacientes que mejoró fue del 75% con un IC95% (69% - 81%),"La proporción de pacientes que mejoró fue del 75% con un IC99% ( 67,5% - 82,5%)",La proporción de pacientes que mejoró fue del 75% con un IC95% (72% - 78%),a) y b) son correctas,D,a) y b) son correctas,No Legislación
Andalucía,2018,20,¿ Cual de las siguientes afirmaciones es correcta en un estudio ecológico?,No son baratos y necesitan mucho tiempo para obtener resultados,Permiten establecer relaciones causa-efecto,Pueden llevarse a cabo por medio de estadísticas vitales y otros registros nacionales,No permiten estudiar grandes grupos poblacionales o grandes regiones,C,Pueden llevarse a cabo por medio de estadísticas vitales y otros registros nacionales,No Legislación
Andalucía,2018,21,¿ Cual de las siguientes afirmaciones es correcta respecto a las Revisiones Sistemáticas ?,Tiene como objetivo reunir toda la evidencia empírica que cumple unos criterios de elegibilidad con el fin de responder a una pregunta de investigación,Es el método estadístico para resumir los resultados de estudios independientes,Utiliza la metodología de la investigación cualitativa aportando así resultados más fiables a partir de los cuales se puedan extraer conclusiones y tomar decisiones,a y c son correctas,A,Tiene como objetivo reunir toda la evidencia empírica que cumple unos criterios de elegibilidad con el fin de responder a una pregunta de investigación,No Legislación
Andalucía,2018,22,Identifica una característica de la metodología cualitativa:,"La investigación cualitativa no es inductiva. Los investigadores parten de conceptos preconcebidos, y recogen datos para evaluar modelos, hipótesis o teorías ya preconcebidas","En los estudios cualitativos los investigadores siguen un diseño de la investigación flexible, comienzan el estudio con interrogantes solo vagamente formulados",En la investigación cualitativa el investigador no tiene oportunidad de conocer el escenario y solo tiene una perspectiva parcial del individuo,En la investigación cualitativa el investigador no interactúa con los informantes,B,"En los estudios cualitativos los investigadores siguen un diseño de la investigación flexible, comienzan el estudio con interrogantes solo vagamente formulados",No Legislación
Andalucía,2018,23,La puerta de entrada a Diraya por un profesional viene dada por uno de estos módulos:,MACO,BDU,HSC,Citación,A,MACO,No Legislación
Andalucía,2018,24,"En términos de gestión sanitaria, ¿ Cuando podemos decir que una intervención sanitaria es eficaz?",Cuando es capaz de producir efectos mensurables en salud cuando se aplica en condiciones y entornos ideales ( pero no necesariamente experimentales),Cuando es capaz de producir efectos mensurables en salud cuando se aplica en condiciones y entornos reales o habituales de asistencia,Cuando la relación efecto / coste es positiva,Cuando la relación efecto / coste es neutra,A,Cuando es capaz de producir efectos mensurables en salud cuando se aplica en condiciones y entornos ideales ( pero no necesariamente experimentales),No Legislación
Andalucía,2018,25,Cuando adoptamos medidas para retardar o reducir las secuelas de una enfermedad hablamos de:,Prevención primaria,Prevención secundaria,Prevención terciaria,Prevención cuaternaria,C,Prevención terciaria,No Legislación
Andalucía,2018,26,En el marco de los Procesos Asistenciales Integrados de la Consejería de Salud de la Junta de Andalucía; Al conjunto de Unidades que ofrecen al Proceso Operativo los recursos necesarios para la consecución de sus objetivos se denominan:,Unidades de ayuda,Unidades de apoyo,Unidades de soporte,Unidades auxiliares del proceso,C,Unidades de soporte,No Legislación;
Andalucía,2018,27,"Entre las medidas de apoyo a las familias andaluzas, señala aquellas de carácter sanitario a favor de los/as mayores y personas con discapacidad:",Cuidados a domicilio. Fisioterapia y Rehabilitación en la Atención Primaria de Salud. Uso de instalaciones para mantenimiento físico y ayuda a la rehabilitación. Plan Andaluz de Alzheimer. Desarrollo de dispositivos socio-sanitarios de Salud Mental,Adecuación funcional básica de viviendas. Centros de día. Servicio de comedor. Programas de estancia diurna y de respiro familiar. Centros Residenciales. Cursos de formación en nuevas tecnologías,Fisioterapia y Rehabilitación en la Atención Primaria de Salud. Adecuación funcional básica de viviendas. Ayudas y subvenciones. Cursos de natación. Programa de estancia diurna y respiro familiar,Todas son correctas,A,Cuidados a domicilio. Fisioterapia y Rehabilitación en la Atención Primaria de Salud. Uso de instalaciones para mantenimiento físico y ayuda a la rehabilitación. Plan Andaluz de Alzheimer. Desarrollo de dispositivos socio-sanitarios de Salud Mental,No Legislación
Andalucía,2018,28,Señala la respuesta correcta en relación a los derechos de la madre:,"A facilitarle las medidas necesarias, a efectos de lo establecido por el Código Civil para la adopción, cuando fueran solicitadas",A recibir el informe de alta y a solicitar en su centro de Atención primaria que se cumplimente su documento de salud con los datos referidos a todo el proceso,A ser trasladada a un hospital privado si ese es su deseo,Todas son correctas,A,"A facilitarle las medidas necesarias, a efectos de lo establecido por el Código Civil para la adopción, cuando fueran solicitadas",No Legislación
Andalucía,2018,29,¿Cuál fue el elemento clave que potenció el desarrollo de una Estrategia de Bioética en el SSPA?,Una orden de los Consejos internacionales de Enfermería y de Médicos tras identificar la falta de consideraciones éticas en la toma de decisiones de sus profesionales,"El avance en conocimiento sobre Bioética a partir de la realización, por distintas Universidades Españolas, de Master y Expertos en Bioética","La inquietud del personal de enfermería ante el derecho que toda persona tiene a la libertad, seguridad y a ser reconocidos, tratados y respetados como seres humanos","Un proceso de reflexión iniciado con la evaluación del II Plan de Calidad (2005 -2008) y que culminó con el Plan de Calidad del Sistema Sanitario de Andalucía “Un espacio compartido”, donde se establece la necesidad de “Potenciar la Estrategia Ética en el SSPA”.",D,"Un proceso de reflexión iniciado con la evaluación del II Plan de Calidad (2005 -2008) y que culminó con el Plan de Calidad del Sistema Sanitario de Andalucía “Un espacio compartido”, donde se establece la necesidad de “Potenciar la Estrategia Ética en el SSPA”.",No Legislación
Andalucía,2018,30,"Dentro del entorno Diraya, en el módulo de cuidados Azahar, podemos encontrar diversas informaciones, señale la incorrecta:","Valoración inicial, diagnósticos enfermeros, requerimientos","Valoración inicial, incidencias de UPP, registros 24 horas","Valoración inicial, tratamiento medico, resumen de cuidados","Valoración inicial, cuestionarios de valoración, informe de cuidados al alta",C,"Valoración inicial, tratamiento medico, resumen de cuidados",No Legislación
Andalucía,2018,31,No es misión de la Enfermera Gestora de Casos:,Garantizar un atención excelente y personalizada,Garantizar una atención centrada en la comunidad,Garantizar una atención coordinada a personas con problemas de alta complejidad,Garantizar una atención impulsando los Valores de la organización,B,Garantizar una atención centrada en la comunidad,No Legislación
Andalucía,2018,32,¿Qué actividades a realizar no son propias del Nivel 0 (sin riesgo) o verde del Plan Andaluz para la prevención de los efectos de las temperaturas excesivas sobre la salud?,Acciones preventivas de información a la población general y de riesgo,Actualización de los censos de los grupos de población mas vulnerables,Desde el hospital se continua con el Plan de seguimiento telefónico proactivo a los pacientes frágiles dados de alta,"Se pondrá en marcha un plan de intervención local con el ayuntamiento, centro de salud y protección civil, identificando las personas en riesgo susceptible para su traslado de su domicilio a lugares mejor aclimatados",D,"Se pondrá en marcha un plan de intervención local con el ayuntamiento, centro de salud y protección civil, identificando las personas en riesgo susceptible para su traslado de su domicilio a lugares mejor aclimatados",No Legislación
Andalucía,2018,33,Señala la respuesta falsa: La fase de planificación del proceso enfermero incluye:,Determinar las prioridades inmediatas,Evaluar las intervenciones realizadas,Anotar o individualizar el plan de cuidados,Fijar los objetivos esperados,B,Evaluar las intervenciones realizadas,No Legislación
Andalucía,2018,34,¿Cuál de los siguientes cuestionarios o escalas no está relacionados con el patrón 8: Rol-Relaciones?,ZARIT,DUKE-UNC,RICHMOND,ÍNDICE DE ESFUERZO DEL CUIDADOR,C,RICHMOND,No Legislación
Andalucía,2018,35,¿Quién desarrolló una teoría en enfermería sobre el autocuidado?,Amando Martín Zurro,Dorothea Orem,Hildegard Peplau,Madeleine Leininger,B,Dorothea Orem,No Legislación
Andalucía,2018,36,"Basándonos en las fases de cambio del modelo transteórico de Prochaska y Diclemente, cuando una persona empieza a pensar que es una buena idea dejar el tabaco, pero no fija una fecha para ello, ¿en qué fase se encuentra?",Fase de Preparación,Fase Contemplativa,Fase Precontemplativa,Fase de Mantenimiento,B,Fase Contemplativa,No Legislación
Andalucía,2018,37,La persistencia de gérmenes multirresistentes en objetos y materiales del entorno de los pacientes en el medio hospitalario aconsejan el rescate de la limpieza y desinfección de las mismas. ¿ Qué desinfectante se aconseja por su eficacia?,El peróxido de hidrógeno siempre que no sean telas o celulosa,"La clorhexidina a concentraciones de 0,1%",El hipoclorito sódico a concentraciones de 1.000 ppm,El etanol al 50%,C,El hipoclorito sódico a concentraciones de 1.000 ppm,No Legislación
Andalucía,2018,38,Un profesional sanitario puede notificar de forma online una reacción adversa a un medicamento:,A través del centro andaluz de reacciones adversas,"A través de la página de ""reacciones adversa a medicamentos""",A través del observatorio para reacciones a medicamentos,A través del centro andaluz de farmacovigilancia,D,A través del centro andaluz de farmacovigilancia,No Legislación
Andalucía,2018,39,Se define HTA como la elevación persistente de la presión arterial (PA) por encima de:,150/95,145/90,160/90,140/90,D,140/90,No Legislación
Andalucía,2018,40,"¿Ante una situación de urgencia, podremos utilizar insulina por vía intravenosa?","Sólo la insulina humana soluble, es trasparente y la única a administrar por esa vía",Tanto los análogos de insulina humana de acción rápida como intermedia pueden administrarse vía intravenosa,La única vía para administración de insulina independientemente de su efecto y tipo es la vía subcutánea,Sólo las insulinas de acción rápida,D,Sólo las insulinas de acción rápida,No Legislación
Andalucía,2018,41,La morfina es el opioide mayor de primera elección en el tercer escalón de la escala analgésica de la OMS. Señale cual de las siguientes afirmaciones es incorrecta:,Analgésico de elección en dolor crónico por cáncer. Siempre que sea posible usar la vía oral,Para pasar la dosis de morfina intravenosa a oral multiplicar por 2 la dosis diaria,"Para pasar de morfina oral de liberación rápida a la forma retard, administrar la misma dosis total diaria dividida en 2 tomas ( cada 12horas)","En pacientes con sonda nasogástrica o problemas de deglución podemos usar la solución oral, con una utilización similar a la de los comprimidos de acción rápida",B,Para pasar la dosis de morfina intravenosa a oral multiplicar por 2 la dosis diaria,No Legislación
Andalucía,2018,42,La enfermera al preparar una perfusión intravenosa debe conocer perfectamente las equivalencias para poder ajustar los volúmenes y tiempo de perfusión. ¿Que afirmación es correcta?,1ml= 20microgotas,1gota=1ml,"Para perfundir 500cc en 24 horas, necesitaré una velocidad de perfusión de 7 gotas/min",1gota= 5microgotas,C,"Para perfundir 500cc en 24 horas, necesitaré una velocidad de perfusión de 7 gotas/min",No Legislación
Andalucía,2018,43,"Señala cuál de estos grupos de población, está excluido como población diana del Consejo Dietético en Atención Primaria:",Adultos con cáncer,Personas mayores sedentarias,Niños con obesidad y enfermedad cardiovascular,Cualquier persona adulta que lo solicite,C,Niños con obesidad y enfermedad cardiovascular,No Legislación
Andalucía,2018,44,En la Evaluación del estado nutricional de un paciente mediante Mini Nutritional Assesment (MNA) no es necesario tener en cuenta:,El número de medicamentos que toma,La circunferencia de la pierna (CP),Albúmina,Anorexia,C,Albúmina,No Legislación
Andalucía,2018,45,"Indica en cual de estos casos, un adulto tiene un riesgo medio de malnutrición según el sistema de cribado MUST:","Paciente con un IMC de 30 kg/m2, con una enfermedad aguda y que ha estado o es probable que esté sin aporte nutricional por más de 5 días",Paciente con un IMC de 18 kg/m2,Paciente actualmente con un IMC de 21 kg/m2 y una pérdida de peso involuntaria del 8% en los últimos 3 meses,Paciente actualmente con un IMC de 26 kg/m2 y una pérdida de peso involuntaria del 12% en los últimos 6 meses,C,Paciente actualmente con un IMC de 21 kg/m2 y una pérdida de peso involuntaria del 8% en los últimos 3 meses,No Legislación
Andalucía,2018,46,Señala las intervenciones orgánico-nutricionales más frecuentes tratadas en hospitalización completa en los trastornos alimenticios Anorexia Nerviosa y Bulimia Nerviosa:,Reposición de vitaminas y minerales. Control analítico,"Control analítico urgente diario de hierro IV, para descartar síndrome de realimentación","Manejo de nutrición artificial, cálculo de calorías y requerimientos nutricionales, así como pautas de realimentación",Son ciertas A y C,D,Son ciertas A y C,No Legislación
Andalucía,2018,47,¿Cuál es el objetivo del proyecto euregenas?,Desarrollar y aplicar estrategias para la prevención del suicidio a nivel regional que pueden ser de utilidad a la Comunidad Europea,Potenciar intervenciones psicoeducativas a nivel regional en la depresión,Realizar talleres grupales de educación psicoterapéutica a familiares de pacientes con TMG,Todas las respuestas son ciertas,A,Desarrollar y aplicar estrategias para la prevención del suicidio a nivel regional que pueden ser de utilidad a la Comunidad Europea,No Legislación
Andalucía,2018,48,"Según el modelo de Prochaska y Diclemente , en qué fase se encontraría una persona que lleva dos años sin fumar :",Fase de acción,Fase contemplativa,Exfumador en fase de consolidación,Exfumador en fase de finalización,C,Exfumador en fase de consolidación,No Legislación
Andalucía,2018,49,El test de Cage es :,"Cuestionario autoadministrado de detección de síntomas de dependencia alcohólica, consta de 4 preguntas, donde dos o más respuestas afirmativas indican posible dependencia del alcohol","Cuestionario autoadministrado de detección de síntomas de dependencia alcohólica, consta de 12 preguntas, donde dos o más respuestas afirmativas indican posible dependencia del alcohol","Cuestionario autoadministrado de detección de síntomas de dependencia tabáquica, consta de 4 preguntas, donde dos o más respuestas afirmativas indican posible dependencia tabáquica","Cuestionario autoadministrado de detección de síntomas de drogodependencia, consta de 4 preguntas, donde dos o más respuestas afirmativas indican posible drogodependencia",A,"Cuestionario autoadministrado de detección de síntomas de dependencia alcohólica, consta de 4 preguntas, donde dos o más respuestas afirmativas indican posible dependencia del alcohol",No Legislación
Andalucía,2018,50,Según el PAUE ¿Cuales son los indicadores de procesos asistenciales integrados tiempo-dependientes en Urgencias?,Trombosis venosa profunda. Fiebre alta. Hemorragia. Fractura de cadera,Síndrome coronario agudo con elevación del ST. Hemorragia. Fractura de cadera. Trauma grave,Síndrome coronario agudo con elevación del ST. Ictus isquémico agudo. Sepsis grave. Trauma grave,Hemorragia. Ictus isquémico agudo. Fiebre alta. Fractura de cadera,C,Síndrome coronario agudo con elevación del ST. Ictus isquémico agudo. Sepsis grave. Trauma grave,No Legislación
Andalucía,2018,51,¿Cuál de las siguientes escalas no se usa en la valoración de un código ictus?,Glasgow,Cincinnati,NIHSS,KARNOFSKY,D,KARNOFSKY,No Legislación
Andalucía,2018,52,"En una parada cardiorrespiratoria, ¿cuáles son los ritmos desfibrilables?",AESP,Flutter,FV/TVSP,Asistolia,C,FV/TVSP,No Legislación
Andalucía,2018,54,¿Porqué no suelen usarse suturas no-reabsorbibles en los procedimientos abiertos del tracto urinario?,Por su elevado precio,Por su grosor,Porque facilitan el desgarro de los tejidos,Porque pueden dar lugar a la formación de cálculos,D,Porque pueden dar lugar a la formación de cálculos,No Legislación
Andalucía,2018,55,La cartera de servicios de atención Primaria del Servicio Andaluz de Salud incluye la Atención al Alta Hospitalaria. Indique lo correcto:,Supone una continuidad de cuidados en el domicilio que se oferta por parte del Equipo de Atención Especializada,Incluye visita domiciliaria antes de las 48 horas tras el alta si no se puede establecer contacto con el usuario o familia en ese plazo,El criterio de atención al alta hospitalaria no tiene en cuenta la situación de fragilidad del paciente,El Hospital emitirá los informes de alta e informes de continuidad de cuidados al menos 48 horas antes de producirse el alta,B,Incluye visita domiciliaria antes de las 48 horas tras el alta si no se puede establecer contacto con el usuario o familia en ese plazo,No Legislación
Andalucía,2018,56,Respecto a la prevención de ulceras por presión (UPP) en la valoración del riesgo tiene una evidencia baja o muy baja ( sistema GRADE) : Indique la correcta:,"Utilizar una escala validada (Braden, EMINA)",Registrar en la historia clínica de la persona la valoración del riesgo realizada,Valorar el riesgo de presentar UPP en todos los pacientes,"Clasificar a las personas, tras la valoración, en las categorías de medio, bajo o alto riesgo y aplique medidas en función de este riesgo",B,Registrar en la historia clínica de la persona la valoración del riesgo realizada,No Legislación
Andalucía,2018,57,"Con el Doppler arterial, cuantificamos el ITB ( Índice Tobillo-Brazo). Indique la incorrecta:",El ITB se denomina también Índice de Yao,"Un ITB> 1, acompañado de otros síntomas como dolor en miembros inferiores, explica la presencia de enfermedad arterial oclusiva periférica con alta probabilidad",Tener en cuenta las contraindicaciones de la técnica en caso de flebitis,"Para una medición correcta, se aconseja mantener a la persona en decúbito supino durante 15 min para estabilizar la presión arterial",B,"Un ITB> 1, acompañado de otros síntomas como dolor en miembros inferiores, explica la presencia de enfermedad arterial oclusiva periférica con alta probabilidad",No Legislación
Andalucía,2018,58,¿Cuantas dosis de triple vírica se ponen según el calendario actual de vacunaciones de Andalucía?,Dos dosis: a los 12 meses y a los 3 años,Dos dosis: a los 18 meses y a los 3 años,Dos dosis: a 12 meses y a los 18 meses,"Tres dosis: a los 2, 4 y 12 meses",A,Dos dosis: a los 12 meses y a los 3 años,No Legislación
Andalucía,2018,59,¿ A que edad desaparece el reflejo de Babinski en un lactante a término?,Desaparece hacia los 2 años de vida,Desaparece a los 3 meses de vida,Desaparece entre los 8 - 12 meses de vida,Desaparece hacia los 6 años de vida,C,Desaparece entre los 8 - 12 meses de vida,No Legislación
Andalucía,2018,60,"Según recoge el PAPER( Plan de Atención a personas afectadas por Enfermedades Raras en Andalucía) , las instrucciones para los profesionales con respecto a la prueba de talón son:","Realizar la prueba del talón a las 24 horas del nacimiento , si es posible sin haber comido en las últimas 2 horas",Al 6º o 7º día de vida,En los primeros quince días de vida en función si el parto ha sido natural o cesárea,Preferiblemente el 3º día de vida y siempre deseable antes del 5º día de vida,D,Preferiblemente el 3º día de vida y siempre deseable antes del 5º día de vida,No Legislación
Andalucía,2018,61,El test de Apgar neonatal se realizará ( indique la correcta):,A los 2 minutos y 5 minutos de vida,Al minuto y 10 minutos de vida,Al minuto y a los 5 minutos de vida,A los 2 minutos y a los 10 minutos de vida,C,Al minuto y a los 5 minutos de vida,No Legislación
Andalucía,2018,62,Atendiendo a la edad gestacional ¿ que semana marca el corte entre un parto prematuro y uno a término?,No completar la semana 36 de gestación,No completar la semana 37 de gestación,No completar la semana 38 de gestación,No completar la semana 35 de gestación,B,No completar la semana 37 de gestación,No Legislación
Andalucía,2018,63,Para cuantificar la gravedad de la insuficiencia respiratoria en neonatos podemos utilizar el test de Silverman. Indica la correcta:,La puntuación irá de 0 a 12,La puntuación ideal es 12,Si no existe aleteo nasal ese ítems lo puntuaremos con 2 puntos,Una puntuación de 8 indica gravedad,D,Una puntuación de 8 indica gravedad,No Legislación
Andalucía,2018,64,¿Qué se recomienda a los padres con respecto al uso de biberones en el Programa de Salud Infantil y Adolescente de Andalucía?,Preparar el biberón a la concentración adecuada : 1 cacito raso de leche de fórmula por cada 20cc de agua,"Puede usar agua embotellada o del grifo, pero tendrá que hervir previamente 30 min",Caliente el biberón en el horno-microondas es rápido y seguro,"La temperatura de la leche, debe ser aproximada a la corporal (unos 37ºC)",D,"La temperatura de la leche, debe ser aproximada a la corporal (unos 37ºC)",No Legislación
Andalucía,2018,65,"Según nos marca el Protocolo de Intervención Sanitaria en caso de Maltrato Infantil Andaluz, actuaremos según el siguiente procedimiento:","Según procedimiento ordinario, notificación urgente con Parte al Juzgado de Guardia","En procedimiento ordinario sin lesiones, enviar Hoja de detección y Notificación de Maltrato infantil , como grave a la Delegación Territorial con competencia en protección de Menores","En Procedimiento de Urgencia enviar Hoja de detección y Notificación de Maltrato Infantil , como grave a la Delegación Territorial con competencia en protección de Menores",En Procedimiento de Urgencia enviar Hoja de detección y Notificación de Maltrato infantil a los Servicios Sociales Comunitarios de la localidad de residencia de la persona menor,C,"En Procedimiento de Urgencia enviar Hoja de detección y Notificación de Maltrato Infantil , como grave a la Delegación Territorial con competencia en protección de Menores",No Legislación
Andalucía,2018,66,Ante una chica de 15 años con indicios de padecer un trastorno de la conducta alimentaria. ¿Qué test o escalas de valoración podríamos utilizar?,Escala EEICA,Escala evaluación de Gardner,Test cribado de SCOFF,Las tres podríamos utilizar,D,Las tres podríamos utilizar,No Legislación
Andalucía,2018,67,¿Qué parámetros toma como referencia la escala de desarrollo sexual de Tanner?,En los niños el crecimiento de los testículos y en las niñas el crecimiento de las mamas,En los niños el crecimiento del pene y los testículos y en las niñas el crecimiento de las mamas,"En los niños el crecimiento de los testículos y del pene y en las niñas el crecimiento de las mamas, y en ambos aparición de pelo púbico",Dependiendo de la edad se toma como referencia un valor u otro,C,"En los niños el crecimiento de los testículos y del pene y en las niñas el crecimiento de las mamas, y en ambos aparición de pelo púbico",No Legislación
Andalucía,2018,68,Es una lesión típica del maltrato:,Herida inciso-contusa en miembros superiores,Hematomas en glúteos,Rotura de tímpanos,Quemaduras en antebrazos,C,Rotura de tímpanos,No Legislación
Andalucía,2018,69,Cual de las siguientes afirmaciones con respecto a la salud y género es incorrecta:,"La presencia de niveles bajos de hierro por la menstruación, debe ser tratado y detectado haya o no anemia manifiesta",Las mujeres reciben con mayor frecuencia que los hombres tratamiento con antifibrinolíticos,Las mujeres tiene mayor vulnerabilidad a las enfermedades de transmisión sexual,Las diferencias morfológicas y de funcionamiento humano produce variaciones en la forma de morir de unos y otros,B,Las mujeres reciben con mayor frecuencia que los hombres tratamiento con antifibrinolíticos,No Legislación
Andalucía,2018,70,"Según el último PAI embarazo, parto y puerperio (2014) en gestantes Rh(-) no sensibilizadas (Coombs indirecto negativo) se administrará profilaxis con gammaglobulina anti-D para reducir el riesgo de sensibilización a las:",20 semanas de gestación,28 semanas de gestación,32 semanas de gestación,38 semanas de gestación,B,28 semanas de gestación,No Legislación
Andalucía,2018,71,"Según el último PAI embarazo, parto y puerperio (2014) en cuanto a la lactancia materna:","Se alentará la iniciación de la lactancia materna lo antes posible tras el nacimiento, preferentemente dentro de la primera hora",Se alentará la iniciación de la lactancia materna en las primeras 12 horas tras el nacimiento,Se alentará la iniciación de la lactancia materna en las primeras 24 horas tras el nacimiento,Existe algún estudio que evidencia que en general la lactancia materna no es la mejor,A,"Se alentará la iniciación de la lactancia materna lo antes posible tras el nacimiento, preferentemente dentro de la primera hora",No Legislación
Andalucía,2018,72,Las mujeres que fuman mucho suelen tener la menopausia:,Antes que las no fumadoras,Un poco después que las no fumadoras,Mucho después que las no fumadoras,El tabaquismo no afecta en este sentido,A,Antes que las no fumadoras,No Legislación
Andalucía,2018,73,El cuestionario evaluador de la función sexual de la mujer-FSM consta de:,8 items,10 items,15 items,20 items,C,15 items,No Legislación
Andalucía,2018,74,¿Cuál de los siguientes síntomas no suele ser frecuente en las ETS?,Erupción o picor alrededor de los genitales,Fluidos diferentes de lo normal de la vagina o del pene,Flictenas dolorosas en los genitales,Bultitos alrededor de los genitales,C,Flictenas dolorosas en los genitales,No Legislación
Andalucía,2018,75,Respecto a la infección por clamidia podemos afirmar que :,Sólo se transmite por sexo vaginal y anal,Es una ITS poco frecuente,Es una infección silenciosa en las tres cuartas partes de las mujeres,La infección anal es asintomática,C,Es una infección silenciosa en las tres cuartas partes de las mujeres,No Legislación
Andalucía,2018,76,Señala la respuesta incorrecta respecto al virus de la hepatitis B (VHB):,El VHB puede sobrevivir fuera del organismo por lo menos 7 días y puede causar infección si penetra en otro organismo en ese periodo,La hepatitis B es prevenible con la vacuna actualmente disponible,El VHB se transmite por los alimentos o aguas contaminadas,"La infección crónica por el virus de la hepatitis B puede tratarse con medicamentos, en particular con agentes antivirales orales",C,El VHB se transmite por los alimentos o aguas contaminadas,No Legislación
Andalucía,2018,77,¿Cuál de los siguientes factores está relacionado con la incontinencia urinaria de esfuerzo?,Toma de diuréticos,Presión intraabdominal alta,Obstrucción uretral,Impactación fecal,B,Presión intraabdominal alta,No Legislación
Andalucía,2018,78,"Según la capacidad de absorción, los absorbentes se clasifican en:","Rectangular, anatómico y anatómico elástico","Día, noche y super-noche","Pequeño, mediano y grande","Estándar, extra y premium",B,"Día, noche y super-noche",No Legislación
Andalucía,2018,79,"En el examen de Salud a mayores de 65 años, si nos encontramos con una persona mayor de 80 años con demencia y que tenga un Índice de Barthel 90- 61, se puede clasificar como:",Autónoma,Frágil o en riesgo de dependencia,Dependiente,Discapacitada,C,Dependiente,No Legislación
Andalucía,2018,80,¿Qué grupos de riesgo son susceptibles de atención al alta hospitalaria?:,Ancianos frágiles,Mayores de 70 años,Mujeres que tienen familiares a su cargo,Pacientes que viven lejos del centro de salud,A,Ancianos frágiles,No Legislación
Andalucía,2018,81,"¿Qué herramienta se emplea en la visita domiciliaria para valorar el apoyo social percibido, no el real?",Índice de Apgar Familiar,Cuestionario autoadministrado de Duke-Unc,Escala de sobrecarga del cuidador-Zarit,Índice de esfuerzo del cuidador,B,Cuestionario autoadministrado de Duke-Unc,No Legislación
Andalucía,2018,82,¿Cómo se denomina el tipo de familia constituida por un solo cónyuge y su hijo?,Familia monoparental,Familia mononuclear,Familia reconstituida,Familia unipersonal,A,Familia monoparental,No Legislación
Andalucía,2018,83,"De entre los siguientes diagnósticos enfermeros relacionados con la comunidad, señale el incorrecto:",Disposición para mejorar el afrontamiento de la comunidad (00076),Afrontamiento ineficaz de la comunidad (00077),Salud deficiente de la comunidad (00215),Fomento de la salud en la comunidad (8500),D,Fomento de la salud en la comunidad (8500),No Legislación
Andalucía,2018,84,Señale el diagnóstico enfermero relacionado con la comunidad:,Manejo de la inmunización/vacunación,Disposición para mejorar el afrontamiento de la comunidad,Fomento de la salud ambiental,Control de las enfermedades transmisibles,B,Disposición para mejorar el afrontamiento de la comunidad,No Legislación
Andalucía,2018,85,Para una correcta valoración integral de un paciente pluripatológico utilizaremos escalas validadas apropiadas a cada área. Indique la correcta:,En la valoración del área afectiva en un paciente <65 años utilizaremos la escala de Yesavage,En la valoración del área cognitiva utilizaremos la escala de Pheiffer si es <65 años y la escala de Yesavage si es > de 65 años,En la valoración sociofamiliar el proceso asistencial integrado nos recomienda usar la escala sociofamiliar de Gijón y se valorará a la cuidadora ( si tiene) con la escala índice del esfuerzo del cuidador,"En la valoración del área funcional utilizaremos las escalas de Barthel, la de Braden y la escala deLawton y Brody",C,En la valoración sociofamiliar el proceso asistencial integrado nos recomienda usar la escala sociofamiliar de Gijón y se valorará a la cuidadora ( si tiene) con la escala índice del esfuerzo del cuidador,No Legislación
Andalucía,2018,86,"El estudio DRECA 2 (Evolución del riesgo vascular en Andalucía (1992-2007) recogido en el actual Plan andaluz Atención al ICTUS, nos muestra los siguientes resultados:","El porcentaje de personas sin ningún FR (factor de riesgo) es bajo, alrededor del 33% de la muestra tienen 2 o más FR",La prevalencia global de FV ( factores riesgo vascular) clásicos es elevada especialmente en hombres y va disminuyendo a medida que aumenta la edad,Los factores de riesgo vascular son más frecuentes en hombres en todas las edades,La Prevalencia de Dislipemia es algo menor que la de Hipertensión arterial,A,"El porcentaje de personas sin ningún FR (factor de riesgo) es bajo, alrededor del 33% de la muestra tienen 2 o más FR",No Legislación
Andalucía,2018,87,Dentro de las líneas de acción del Plan Integral de Atención a la Accidentabilidad se contempla la Información a la ciudadanía por medio de: (Señale la INCORRECTA),Campañas de información y divulgación a la ciudadanía sobre accidentes,Consejo preventivo en Atención Primaria para prevenir los accidentes de tráfico o reducir sus efectos,Consejos preventivos para evitar las caídas en mayores o reducir sus efectos,"Proporcionar información a ciudadanía y pacientes durante el proceso asistencial, evitando el interrogar sobre el uso de drogas",D,"Proporcionar información a ciudadanía y pacientes durante el proceso asistencial, evitando el interrogar sobre el uso de drogas",No Legislación
Andalucía,2018,88,"Son antidiabéticos orales no hipoglucemiantes, señale la incorrecta:",Pioglitazona,Inhibidores de la DPP-4,Repaglinida,Metformina,C,Repaglinida,No Legislación
Andalucía,2018,89,¿Cual de los siguientes es un efecto secundario del uso de opioides en pacientes con dolor crónico maligno?,Hipersudoración,Convulsiones,Estreñimiento,Todos son efectos secundarios,D,Todos son efectos secundarios,No Legislación
Andalucía,2018,90,¿Qué grupo de fármacos es mas frecuente que este implicado en una caída?:,Benzodiacepinas,Antidiabéticos orales,Vasodilatadores,Antihistamínicos de primera generación,A,Benzodiacepinas,No Legislación
Andalucía,2018,91,Qué escala o cuestionario no utilizaría para valorar el riesgo de caídas:,Cuestionario de riesgo de caídas en el hospital de Morse,Cuestionario de riesgo de caídas de Moretti,Escala de riesgo de caídas de Downton,Escala de riesgo de caídas múltiples en la comunidad,B,Cuestionario de riesgo de caídas de Moretti,No Legislación
Andalucía,2018,92,¿Que ofrece la teleasistencia en Andalucía a los pacientes dependientes?,Un servicio interactivo en el que se ofrece a los pacientes dependientes programas televisivos de su interés,Los servicios que son contratados por el paciente o su familia,Apoyo psicológico a los pacientes drogodependientes,"Facilitar la permanencia de las personas en situación de dependencia en el entorno en el que desarrollan su vida, en algunos casos como instrumento suficiente para mantener su autonomía personal, y en otros, como servicio complementario a otros recursos",D,"Facilitar la permanencia de las personas en situación de dependencia en el entorno en el que desarrollan su vida, en algunos casos como instrumento suficiente para mantener su autonomía personal, y en otros, como servicio complementario a otros recursos",No Legislación
Andalucía,2018,93,"¿Qué escala, índice o cuestionario se recomienda en el PAI Fractura de cadera para realizar la valoración funcional al alta en pacientes que han sufrido ictus?",Escala de Rankin modificada,Índice de Barthel,Índice de Estado Funcional,Cuestionario de salud general de Goldberg,A,Escala de Rankin modificada,No Legislación
Andalucía,2018,94,"En una espirometría, el valor normal de la FVC es:",>60 % del valor teórico,>70 % del valor teórico,>80 % del valor teórico,>90 % del valor teórico,C,>80 % del valor teórico,No Legislación
Andalucía,2018,95,"Según el Proceso Asistencial Integrado de Cuidados Paliativos de Andalucía, el plazo considerado como normal para la resolución del duelo se sitúa:",Entre 1 o 2 años,Entre 3 y 5 meses,Mas de 2 años,Ninguna de las anteriores,A,Entre 1 o 2 años,No Legislación
Andalucía,2018,96,Cuando se va a hacer una gasometría arterial basal a un paciente con oxigenoterapia (si el estado del paciente lo permite) debemos hacer lo siguiente:,"Retirar el oxígeno 20 minutos antes de realizar la extracción, habiendo permanecido en reposo los 10 últimos minutos como mínimo","Retirar el oxígeno 60 minutos antes de realizar la extracción, habiendo permanecido en reposo los 30 últimos minutos como mínimo",Retirar el oxígeno 2-3 minutos antes de realizar la extracción,Da igual retirar el oxígeno que dejarlo puesto,A,"Retirar el oxígeno 20 minutos antes de realizar la extracción, habiendo permanecido en reposo los 10 últimos minutos como mínimo",No Legislación
Andalucía,2018,97,La posición correcta para un lavado gástrico en un paciente intoxicado es:,Sentado,Decúbito lateral izquierdo,Decúbito lateral derecho,Da igual la postura,B,Decúbito lateral izquierdo,No Legislación
Andalucía,2018,98,¿Cual es la MISIÓN del Plan Integral de Cuidados de Andalucía (PI CUIDA)?,"Impulsar en el Sistema Sanitario Público de Andalucía el cuidado excelente, que dé respuesta a las necesidades cotidianas de la ciudadanía andaluza de una forma más cálida, humana y personal",Lograr dos metas fundamentales: Inspirar momentos de optimismo y felicidad creando valor y marcando la diferencia,"Dar respuesta a los requerimientos de los servicios, construyendo una infraestructura de apoyo, de manera oportuna y eficiente para la ciudadanía","Administrar justicia para resolver conflictos y garantizar los derechos de las personas, consolidar la paz social y el desarrollo de la democracia dentro del marco del estado de derecho",A,"Impulsar en el Sistema Sanitario Público de Andalucía el cuidado excelente, que dé respuesta a las necesidades cotidianas de la ciudadanía andaluza de una forma más cálida, humana y personal",No Legislación
Andalucía,2018,99,¿Que estrategias de innovación en cuidados existen dentro del Plan Integral de Cuidados de Andalucía?,"Prescripción enfermera, Atención a personas dependientes, Atención social y sanitaria","Curas y heridas, Plan de cuidadoras, Telecontinuidad","Prestación farmacéutica, Atención urgente, Telecontinuidad, Gestión de casos, Cirugía menor",Son ciertas A y C,C,"Prestación farmacéutica, Atención urgente, Telecontinuidad, Gestión de casos, Cirugía menor",No Legislación
Andalucía,2018,100,¿Que es un AMFE ( Análisis Modal de fallos y efectos)?,Es un método proactivo y sistemático de evaluación de procesos que permite identificar dónde y cómo podrían fallar tales procesos,Es una herramienta de uso exclusivo la Agencia de Evaluación de Tecnología Sanitaria para valorar los procesos con fallos potenciales,Es el paso previo a la realización de un ACR,a y c son ciertas,A,Es un método proactivo y sistemático de evaluación de procesos que permite identificar dónde y cómo podrían fallar tales procesos,No Legislación
Andalucía,2018,101,¿Se tenía que haber activado el código Ictus según el último PAI ictus (2015)?,"Si, el código Ictus se activa sin tener en cuenta el tiempo trascurrido con síntomas","Sí, el código Ictus se activa si los síntomas tienen menos de 4.5 h de evolución","SI, el código Ictus se activa si los síntomas tienen menos de 8 h de evolución","No, el código Ictus se activa cuando el paciente tiene 75 años o menos",B,"Sí, el código Ictus se activa si los síntomas tienen menos de 4.5 h de evolución",No Legislación
Andalucía,2018,102,"Con un Barthel de 45, el paciente para las ABVD tiene:",Dependencia escasa,Dependencia moderada,Dependencia severa,Dependencia total,C,Dependencia severa,No Legislación
Andalucía,2018,104,Su enfermera está acreditada en prescripción colaborativa en anticoagulación oral. ¿Con un INR de 1.5 qué debe hacer según el último protocolo de prescripción colaborativa?,"Cuando un INR está fuera de rango terapéutico, la dosis de Sintrom siempre la tiene que ajustar el médico","Con un INR de 1.5, siempre tiene que dosificarlo el médico","Si está acreditada por la Consejería de Salud, le subiría la dosis un 5-10 % y nuevo control a las 2 semanas",Si tiene mucha experiencia con pacientes anticoagulados le subiría la dosis un 5-10 % y nuevo control a las 2 semanas,B,"Con un INR de 1.5, siempre tiene que dosificarlo el médico",No Legislación
Andalucía,2018,105,"Según el último protocolo de la Consejería de Salud en seguimiento protocolizado en pacientes con anticoagulación oral, si el INR en lugar de 1.5 hubiese sido 1.7, el próximo control del INR debería ser:",3-5 días,7-10 días,10-15 días,3 semanas,B,7-10 días,No Legislación
Andalucía,2018,106,Andrés está con absorbentes. La capacidad de absorción de un absorbente NOCHE según la guía de incontinencia de la ASANEC es de:,500-700 ml,700-900 ml,900-1200 ml,1200-1600 ml,C,900-1200 ml,No Legislación
Andalucía,2018,107,"Como es un paciente polimedicado, ¿qué test le harías para saber si tiene adherencia al tratamiento?",Test de Morisky-Green,Test de Barber,Test de Isaacs,Test de Aldrete,A,Test de Morisky-Green,No Legislación
Andalucía,2018,108,Al ser un paciente encamado ¿está recomendado el uso de Ácidos Grasos Hiper Oxigenados?,"No, su uso puede perjudicarle en vez de beneficiarle","No, el uso de AGHO está indicado en pacientes que no están encamados","Sí, en la piel sometida a presión","Si, para retrasar el deterioro cognitivo",C,"Sí, en la piel sometida a presión",No Legislación
Andalucía,2018,109,Presenta una UPP de estadio IV en sacro de 4 cms de diámetro. Eso significa que tiene:,"Pérdida total del grosor de la piel con destrucción extensa, necrosis del tejido o lesión en músculo, hueso o estructuras de sostén","Pérdida total del grosor de la piel que implica lesión o necrosis del tejido subcutáneo, que puede extenderse hacia abajo pero no por la fascia subyacente","Pérdida parcial del grosor de la piel que afecta a la epidermis, dermis o ambas. Úlcera superficial que tiene aspecto de abrasión, ampolla o cráter superficial","Alteración observable en la piel integra, relacionada con la presión, que se manifiesta por un eritema cutáneo que no palidece al presionar",A,"Pérdida total del grosor de la piel con destrucción extensa, necrosis del tejido o lesión en músculo, hueso o estructuras de sostén",No Legislación
Andalucía,2018,110,El uso se superficies especiales de manejo de presiones tiene una evidencia en este paciente:,Muy baja,Baja,Moderada,Alta,D,Alta,No Legislación
Andalucía,2018,111,En cuanto a la protección de los talones:,Debe realizarse una protección especial. Los apósitos especiales de espuma de poliuretano han demostrado mayor eficacia y ser más costo efectivo que el uso de vendajes almohadillados,Los vendajes almohadillados son los más indicados,No es necesario protegerlos hasta que no empiecen a enrojecerse para que estén mas ventilados,Frotar de forma enérgica con Ácidos grasos hiper oxigenados,A,Debe realizarse una protección especial. Los apósitos especiales de espuma de poliuretano han demostrado mayor eficacia y ser más costo efectivo que el uso de vendajes almohadillados,No Legislación
Andalucía,2018,112,La colagenasa en este caso se usa para:,Desinfectar la herida,Desbridamiento autolítico,Desbridamiento enzimático,Favorecer la granulación,C,Desbridamiento enzimático,No Legislación
Andalucía,2018,113,Para la UPP su enfermera está usando un apósito de hidrofibra como apósito primario. ¿A qué nos referimos cuando hablamos de apósito primario?,Es el apósito indicado en primer lugar,Es el apósito recomendado en Atención Primaria en estos pacientes,Es el apósito que está en contacto con la herida,Es el apósito recomendado por la mayoría de las guías de práctica clínica,C,Es el apósito que está en contacto con la herida,No Legislación
Andalucía,2018,114,Tiene un deterioro de la integridad tisular porque el estadío de la UPP es:,I-II,II-III,III-IV,"No es deterioro de la integridad tisular, sino deterioro de la integridad cutánea",C,III-IV,No Legislación
Andalucía,2018,115,"Para minimizar el efecto de la presión como causa de UPP, el GNEAUPP recomienda considerar cuatro elementos. (¿Cuál es la respuesta falsa?):",Uso de AGHO,Movilización,Cambios posturales,Utilización de superficies especiales de manejo de la presión,A,Uso de AGHO,No Legislación
Andalucía,2018,116,El diagnostico 00044 Deterioro de la integridad tisular está relacionado con:,Alteración de la circulación,Deterioro de la movilidad física,Factores nutricionales,Todas son correctas,D,Todas son correctas,No Legislación
Andalucía,2018,117,¿La hija tiene derecho a la tarjeta + cuidados?,"No, la tarjeta + cuidados es para el paciente","No, solo es para pacientes con demencias","Sí, la cuidadora de todo paciente de más de 80 años tiene derecho a esta tarjeta","Sí, la tarjeta es para cuidadoras de pacientes con demencias o grandes discapacitados",D,"Sí, la tarjeta es para cuidadoras de pacientes con demencias o grandes discapacitados",No Legislación
Andalucía,2018,118,"Como es un paciente con EPOC, cuando tiene una recaída y usa una nebulización, esta debe ser a un flujo de:",2-4 litros/min,4-6 litros/min,6-8 litros/min,Más de 10 litros/min,C,6-8 litros/min,No Legislación
Andalucía,2018,119,¿Cuál de los siguientes dispositivos no es un dispositivo de inhalación?,Inhalador en cartucho presurizado (ICP),Dispositivos de polvo seco inhalado (DPI),Dispositivos de polvo húmedo inhalado (DPH),Nebulizadores,C,Dispositivos de polvo húmedo inhalado (DPH),No Legislación
Andalucía,2018,120,"La nieta que tiene 16 meses está bien vacunada. Según el actual calendario de vacunaciones de Andalucía, ¿cuántas vacunas del tétanos debería tener puesta?",1 vacuna,2 vacunas,3 vacunas,4 vacunas,C,3 vacunas,No Legislación
Andalucía,2018,121,"Según el actual calendario de vacunaciones de Andalucía, ¿cuál es la siguiente vacuna que le tocaría?",Triple vírica y varicela,Triple vírica,Varicela,Neumococo,A,Triple vírica y varicela,No Legislación
Andalucía,2018,122,La última espirometría que se hizo Andrés fue hace un mes y tenia un FEV1 del 35%. Eso significa que el estadio de la EPOC según la GOLD es:,EPOC leve,EPOC Moderada,EPOC grave,EPOC severa,C,EPOC grave,No Legislación
Andalucía,2018,123,"En la primera visita domiciliaria, la enfermera le hace algún cuestionario a la hija para evaluar el cansancio del cuidador. ¿Cuál de los siguientes cuestionarios no estaría indicado?",Escala de Goldberg,Escala de Gardner,Cuestionario de salud SF36,Test de Zarit,B,Escala de Gardner,No Legislación
Andalucía,2018,124,"Un paciente con EPOC que nos refiere tos, candidiasis orofaringea y aftas bucales podemos sospechar que son efectos adversos de :",Estar tomando anticolinérgicos ( bromuro de ipratropio),Estar tomando corticoides inhalados ( budesonida),Estar tomando beta-2 de acción corta (salbutamol),Estar tomando metilxantinas ( teofilina),B,Estar tomando corticoides inhalados ( budesonida),No Legislación
"Andalucía,2018,125,La ulcera del sacro presenta bastantes esfacelos y la enfermera va a hacerle un desbridamiento. ¿Cuál de las siguientes actuaciones tiene una evidencia más alta?,La limpieza y el desbridamiento minimizan la contaminación y mejoran la curación ya que eliminan los niveles altos de bacterias en heridas que contienen tejidos necróticos,""Seleccione un método de desbridamiento en base a criterios clínicos. Actualmente, no existen evidencias que demuestren una mayor eficacia de un sistema de desbridamiento frente a otro"",""En el caso de placas necróticas situadas en talón, que no presenten edema, eritema, fluctuación o drenaje, puede no ser necesario su desbridamiento inmediato";" precisando el seguimiento diario de la lesión y controlando la aparición de dichos signos"",""Una vez resuelta la colonización crítica o la infección, cambiar a productos específicos para la fase de granulación"",A,La limpieza y el desbridamiento minimizan la contaminación y mejoran la curación ya que eliminan los niveles altos de bacterias en heridas que contienen tejidos necróticos,No Legislación";
Andalucía,2018,126,¿Cuál de las siguientes intervenciones no sería correcta si durante el ingreso se ha detectado un deterioro de la deglución?,Aconsejar a la cuidadora el uso de pajitas para la deglución de líquidos,Utilizar agentes espesantes,"Ayudar al paciente a colocar la cabeza flexionada hacia delante, en preparación para la deglución",Evitar líquidos,A,Aconsejar a la cuidadora el uso de pajitas para la deglución de líquidos,No Legislación
Andalucía,2018,127,¿Qué test no utilizaría para evaluar la sobrecarga del cuidador y sus posibles síntomas?,Test de Zarit,Cuestionario de salud SF36,Escala de Goldberg,Escala de Gardner,D,Escala de Gardner,No Legislación
Andalucía,2018,128,¿Qué diagnostico enfermero principal definiría mejor la situación familiar?,Afrontamiento familiar incapacitante,Gestión ineficaz del régimen terapéutico familiar,Incumplimiento,Deterioro del mantenimiento del hogar,B,Gestión ineficaz del régimen terapéutico familiar,No Legislación
Andalucía,2018,129,"¿En este caso, de qué tipo de prevención estaríamos hablando cuando prestamos cuidados al cuidador?",Promoción de envejecimiento saludable,Prevención primaria,Prevención secundaria,Prevención terciaria,C,Prevención secundaria,No Legislación
Andalucía,2018,130,"¿Cada cuánto tiempo, como mínimo, su enfermera debería realizar una valoración integral y revisión del plan de cuidados, estando en un estadio moderado de la evolución de la enfermedad?",9-12 meses,3-6 meses,1-3 meses,mas de 12 meses,B,3-6 meses,No Legislación
Andalucía,2018,131,"Durante el ingreso la puntuación de INTERMED es de 42 alta complejidad, ¿que profesionales tendrán que intervenir?",La Trabajadora Social,Enfermera Gestora de Casos,El médico Especialista,Todos los anteriores,D,Todos los anteriores,No Legislación
Andalucía,2018,132,Al realizar la valoración nutricional se observa un MNA (Mini Nutritional Assessment) de 15 puntos ¿qué significa dicha puntuación?,Estado nutricional normal,Riesgo de malnutrición,Malnutrición,Desnutrición,C,Malnutrición,No Legislación
Andalucía,2018,133,"Debido al deterioro de la deglución que manifiesta el paciente, que actuación no es correcta para evitar la aspiración:",Informar a la cuidadora de las consecuencias de no espesar los líquidos que le administre a su marido,Instruir a la cuidadora de los posibles efectos adversos de la medicación,"Romper o desmenuzar las pastillas antes de su administración, si es posible",Pedir la colaboración del medico o farmacéutico para cambiar las pastillas a otra presentación,B,Instruir a la cuidadora de los posibles efectos adversos de la medicación,No Legislación
Andalucía,2018,134,"El Índice de Barthel en la visita a domicilio tiene una puntuación de 20 y antes del ingreso hospitalario tenia una puntuación de 65, esto quiere decir que ha pasado de una:",Dependencia severa a dependencia total,Dependencia moderada a dependencia total,Dependencia moderada a severa,Dependencia escasa a moderada,B,Dependencia moderada a dependencia total,No Legislación
Andalucía,2018,135,Se puede decir que la cuidadora esta comenzando a tener un cansancio en el rol del cuidado. ¿qué factores no le sugerirían este diagnóstico?,Aumento de la dificultad para llevar a cabo las tareas requeridas,Una puntuación de la escala de sobrecarga del cuidador- Test de Zarit- de 32,El aislamiento de la cuidadora,Una puntuación de 11 en el Índice de Esfuerzo del Cuidador,B,Una puntuación de la escala de sobrecarga del cuidador- Test de Zarit- de 32,No Legislación
Andalucía,2018,136,"¿Qué condiciones debe reunir la situación de María, para que, sea considerada cuidadora de gran discapacitado?",Deterioro cognitivo del receptor de sus cuidados,Pasar de 5 a 9 horas en el domicilio de la persona a la que cuida,Paciente con problema de salud en situación de encamamiento intermitente,Recibir ayuda de una cuidadora formal al menos 12 horas,A,Deterioro cognitivo del receptor de sus cuidados,Legislación
Andalucía,2018,137,"En el caso que soliciten una ayuda de la Ley de Dependencia (La Ley 39/2006,de 14 de diciembre, de Promoción de la Autonomía Personal y Atención a las personas en situación de dependencia), ¿qué servicio no podría recibir?",Teleasistencia,Prestación económica alimenticia,Ayuda a Domicilio,Centro de estancia nocturna,B,Prestación económica alimenticia,Legislación
Andalucía,2018,138,"¿En qué ley dice que la continuidad asistencial requiere de la existencia de procedimientos, protocolos de elaboración conjunta e indicadores para asegurar dicha continuidad?",El Estatuto de Autonomía para Andalucía,"Ley 14/1986, de 25 de abril, General de Sanidad","Ley 16/2011, de 23 de diciembre, de Salud Publica de Andalucía","Ley 44/2003, de 21 de noviembre de Ordenación de las Profesiones Sanitarias",D,"Ley 44/2003, de 21 de noviembre de Ordenación de las Profesiones Sanitarias",Legislación
Andalucía,2018,139,¿Qué respuesta es correcta en cuanto a las caídas de las personas mayores?,El 70 % de las personas que se han caído en los últimos 6 meses lo han hecho dentro del hogar,Las caídas en el hogar suelen ser las mas graves,a y b son ciertas,Todas son falsas,A,El 70 % de las personas que se han caído en los últimos 6 meses lo han hecho dentro del hogar,No Legislación
Andalucía,2018,140,En el caso clínico que nos ocupa puede producirse la caída durante la noche en el dormitorio debido al estado de agitación del paciente ¿Cuál seria la medida mas eficaz que se debería tomar?,"Uso correcto de medidas de protección, colocación de barandillas",Intervención multifactorial,Vigilancia del paciente por vídeo y/o monitores,Todas son igual de eficaces,A,"Uso correcto de medidas de protección, colocación de barandillas",No Legislación
Andalucía,2018,141,"¿Cuándo hay que derivar un caso de demencia a la Trabajadora Social, según el PAI de Demencia?",Anciano que viva solo,Anciano que viva acompañado,No tener resuelta la solicitud de ayuda de la Ley de Dependencia,a y c son ciertas,A,Anciano que viva solo,No Legislación
Andalucía,2018,142,"En cuanto a las Úlceras por presión, ¿que es más eficaz?",Utilizar un dispositivo tipo rosco para proteger sacro y coxis,Utilizar apósitos de espuma de poliuretano para proteger talones,Utilizar vendajes almohadillados para proteger prominencias óseas,Dar friegas con alcohol en las prominencias óseas,B,Utilizar apósitos de espuma de poliuretano para proteger talones,No Legislación
Andalucía,2018,143,El efecto secundario más frecuente de las sulfonilureas es:,La hipoglucemia,El aumento de peso,La disminución de peso,a y b son ciertas,D,a y b son ciertas,No Legislación
Andalucía,2018,144,¿Cuándo utilizaría espesantes o bebidas de textura modificada para la hidratación del paciente?,Cuando el paciente tiene estreñimiento,Cuando el paciente tiene disfagia,Cuando el paciente tiene una colostomía,Cuando el paciente no puede utilizar la prótesis dental,B,Cuando el paciente tiene disfagia,No Legislación
Andalucía,2018,145,¿Qué indicador no estaría relacionado con la valoración de la deglución?,Glucemia superior a 270 mg/dl,Tos tras la deglución,Mantiene la comida en la boca,Controla las secreciones orales,A,Glucemia superior a 270 mg/dl,No Legislación
Andalucía,2018,146,En el momento del ingreso hospitalario se debe realizar una evaluación del riesgo para desarrollar UPP (Úlceras por presión). ¿Cuál de los siguientes no es un factor de riesgo para las UPP?,Deterioro cognitivo significativo,Deficiencias nutricionales,Afrontamiento ineficaz,Edad avanzada,C,Afrontamiento ineficaz,No Legislación
Andalucía,2018,147,¿Cuándo se considera que hay una incontinencia urinaria funcional?,Cuando hay una pérdida súbita de orina al realizar actividades que aumentan la presión intrabdominal,"Incapacidad de una persona, normalmente continente, para llegar al inodoro a tiempo de evitar la pérdida involuntaria de orina",Cuando hay una emisión involuntaria de orina poco después de sentir sensación de orinar,Cuando hay una pérdida involuntaria de orina asociada a una sobredistensión de la vejiga,B,"Incapacidad de una persona, normalmente continente, para llegar al inodoro a tiempo de evitar la pérdida involuntaria de orina",No Legislación
Andalucía,2018,148,Un IMC (Índice de Masa Corporal) de 18 indica:,Sobrepeso grado I,Normopeso,Obesidad Mórbida,Peso insuficiente,D,Peso insuficiente,No Legislación
Andalucía,2018,149,Uno de los medicamentos que toma para la diabetes es la Metformina. ¿Su enfermera puede ajustar la dosis de Metformina?,"No, la dosis de Metformina siempre la tiene que ajustar el médico","No, podría tener un problema legal","Sí, si su enfermera tiene bastante experiencia con pacientes diabetes","Sí, si está acreditada para ello por la Consejería de Salud",D,"Sí, si está acreditada para ello por la Consejería de Salud",No Legislación
Andalucía,2018,150,Con cuáles de los siguientes hallazgos no se puede decir que se padece una Diabetes Mellitus:,"Hemoglobina Glicosilada HbA1c es mayor o igual a 6,5%",Glucemia casual es mayor o igual a 200 mg/dl,Glucemia tras Sobrecarga Oral de Glucosa de 150 mg/dl,Glucemia basal en ayunas mayor o igual a 126 mg/dl,C,Glucemia tras Sobrecarga Oral de Glucosa de 150 mg/dl,No Legislación
Andalucía,2018,151,"En el SSPA, la gestión de incidentes de Seguridad se deben realizar a través de :",El Servicio Andaluz de Salud mediante un modelo de evaluación de buenas prácticas asistenciales,El Observatorio de Seguridad del paciente dependiente de la Agencia de Calidad Sanitaria de Andalucía,La Agencia de Evaluación de Tecnología Sanitaria de Andalucía dependiente de la Consejería de Salud,No existe ningún Organismo autonómico que se dedique a estos eventos,B,El Observatorio de Seguridad del paciente dependiente de la Agencia de Calidad Sanitaria de Andalucía,No Legislación
Andalucía,2018,152,¿Cual de las siguientes recomendaciones no es útil para la prevención de la infección de la herida quirúrgica?,Se recomienda a los pacientes realizar una ducha o un baño con jabón como mínimo la noche antes de la intervención quirúrgica,"Se recomienda, cuando sea conveniente rasurar, utilizar una maquinilla eléctrica con cabezal de un solo uso el mismo día de la cirugía","Por conveniencia y eficacia, se prefiere el uso de un gel de base alcohólica a no ser que las manos estén visiblemente sucias",Todas son recomendaciones útiles de evidencia fuerte,D,Todas son recomendaciones útiles de evidencia fuerte,No Legislación
Andalucía,2018,153,"Dentro de las estrategias para la seguridad del paciente , una de las escalas de riesgo de caídas recomendadas para la prevención, detección y actuación ante el riesgo de caídas es :",Escala de riesgo de caídas de JH Downton,Escala de riesgo de caídas modificada de Karnofsky,Cuestionario Malt para riesgo de caídas,Escala de valoración de riesgo de Zarit,A,Escala de riesgo de caídas de JH Downton,No Legislación
Andalucía,2019,1,"1. La iniciativa legislativa corresponde en Andalucía, según dispone el Estatuto de Autonomía (L.O. 2/2007 de 19 de marzo):",Al Consejo de Gobierno.,"A los Diputados, en los términos previstos en el Reglamento del Parlamento y al Consejo de Gobierno.",A los Diputados del Parlamento Andaluz.,A la Asamblea Legislativa.,B,"A los Diputados, en los términos previstos en el Reglamento del Parlamento y al Consejo de Gobierno.",Legislación
Andalucía,2019,2,"2. La ley 2/1998 de 15 de junio, de Salud de Andalucía dispone que el marco territorial elemental para la prestación de la atención primaria de salud, de acceso directo de la población, en el que se ha de tener la capacidad de proporcionar una asistencia continuada, integral, permanente y accesible es:",El Distrito de Atención Primaria.,El Centro de Atención Primaria de Salud.,La Zona Básica de Salud.,El Área de Gestión Sanitaria.,C,La Zona Básica de Salud.,Legislación
Andalucía,2019,3,"3. El Sistema Sanitario Público de Andalucía, según el artículo 47 de la Ley de Salud de Andalucía, se organiza en demarcaciones territoriales denominadas:",Áreas de Salud.,Zonas Básicas de Salud.,Demarcación Territorial de Salud.,Áreas Territoriales de Salud.,A,Áreas de Salud.,Legislación
Andalucía,2019,4,"4. La atención especializada a las personas con problemas de Salud Mental se organiza, en el Servicio Andaluz de Salud, a través de diferentes dispositivos asistenciales, entre los que NO se encuentra:",Unidad de salud mental comunitaria.,Unidad de rehabilitación de salud mental.,Unidad de adaptación e integración social.,Comunidad terapéutica de salud mental.,D,Comunidad terapéutica de salud mental.,No Legislación
Andalucía,2019,5,5. Indique cual de los siguientes derechos reconocidos en la Constitución Española de 1978 no es susceptible de amparo ante el Tribunal Constitucional:,El derecho a la igualdad.,El derecho a la libertad y la seguridad.,El derecho a la objeción de conciencia.,El derecho a la propiedad privada.,D,El derecho a la propiedad privada.,Legislación
Andalucía,2019,6,"6. El Estatuto de Autonomía de Andalucía (L.O. 2/2007 de 19 de marzo) dispone, en su artículo 22, que:",Se garantiza la protección de la salud mediante un sistema sanitario público y privado de carácter universal.,Se garantiza la protección de la salud mediante un sistema sanitario público para todos los andaluces.,Se garantiza la protección de la salud mediante un sistema sanitario público de carácter nacional.,Se garantiza la protección de la salud mediante un sistema sanitario público de carácter universal.,D,Se garantiza la protección de la salud mediante un sistema sanitario público de carácter universal.,Legislación
Andalucía,2019,7,7. El manual para la Acreditación de Competencias Profesionales de la ACSA (Agencia de Calidad Sanitaria de Andalucía) se estructura en 5 Bloques. ¿Cuál de las siguientes respuestas no es un bloque?,El ciudadano.,La atención sanitaria integral.,La eficiencia.,Las buenas prácticas.,D,Las buenas prácticas.,No Legislación
Andalucía,2019,8,8. El % de pruebas o evidencias cumplidas por un profesional con nivel de acreditación de nivel avanzado tiene que tener ser al menos:,"70% del grupo I, 0 % del grupo II, 0 % del grupo III.","60% del grupo I, 70 % del grupo II y 50 % del grupo III.","50% del grupo I, 60 % del grupo II, 0 % del grupo III.","60 % del grupo I, 60 % del grupo II, 60 % del grupo III.",A,"70% del grupo I, 0 % del grupo II, 0 % del grupo III.",No Legislación
Andalucía,2019,9,9. ¿Podemos modificar en Diraya las preferencias del navegador para adaptarlo a nuestras necesidades?,Si se puede hacer por parte de cualquier profesional sanitario.,"No, solo lo puede hacer el informático con su perfil de administrador.","No, la visualización de Diraya es inamovible.",Solo lo pueden hacer los sanitarios que tengan perfil de administrador.,A,Si se puede hacer por parte de cualquier profesional sanitario.,No Legislación
Andalucía,2019,10,"10. En Diraya, un problema del usuario",Lo puede proponer y aceptar cualquier médico de la unidad.,Lo puede proponer y aceptar solo el médico del cupo.,Lo puede proponer y aceptar el médico y la enfermera.,Lo puede proponer y aceptar solo el informático.,B,Lo puede proponer y aceptar solo el médico del cupo.,No Legislación
Andalucía,2019,11,11. ¿Cuál de los siguientes test sirve para clasificar las úlceras vasculares?,YESAVAGE.,WAGNER.,FAGERSTRÖM.,SCOFF.,B,WAGNER.,No Legislación
Andalucía,2019,12,12. ¿Cuál de los siguientes no es un diagnostico NANDA?,Aislamiento social.,Duelo.,Intolerancia a la actividad.,Afrontamiento de problemas.,D,Afrontamiento de problemas.,No Legislación
Andalucía,2019,13,13. Una reacción adversa a un medicamento se puede notificar:,Solo en papel.,Solo online.,En papel y online.,Por teléfono.,C,En papel y online.,No Legislación
Andalucía,2019,14,"14. Según el Protocolo de Seguimiento Farmacológico Individualizado en Personas con Anticoagulación Oral, si al hacer el INR, es de 5,2, la enfermera:",Lo dosificará si está acreditada para ello bajando la dosis de Sintrom.,Le suspenderá el Sintrom un día y hará un control al día siguiente.,Derivará al médico responsable que será el que lo dosificará obligatoriamente.,Con ese INR es necesario un control hospitalario.,C,Derivará al médico responsable que será el que lo dosificará obligatoriamente.,No Legislación
Andalucía,2019,15,15. Cuál de los siguientes fármacos no está incluido en el seguimiento protocolizado del tratamiento farmacológico individualizado en pacientes con diabetes:,Glitazonas.,Metformina.,Glibenclamida.,Insulina basal.,A,Glitazonas.,No Legislación
Andalucía,2019,16,16. ¿Qué medicamento no se pone en la bradicardia sintomática?:,Amiodarona.,Atropina.,Adrenalina.,Isoproterenol.,A,Amiodarona.,No Legislación
Andalucía,2019,17,"17. Respecto a la conservación de la vacuna de la meningitis C (Neisvac), es correcto que",Puede conservarse a temperatura ambiente (hasta +25°) durante un periodo único máximo de 9 meses.,Se puede congelar como máximo 24h.,Se debe conservar entre 2ºC y 18 ºC.,No es preciso protegerla de la luz.,A,Puede conservarse a temperatura ambiente (hasta +25°) durante un periodo único máximo de 9 meses.,No Legislación
Andalucía,2019,18,"18. Según el PAI embarazo, parto y puerperio, la primera visita prenatal se desarrollará preferentemente en el transcurso de las:",4 primeras semanas de gestación.,8 primeras semanas de gestación.,15 primeras semanas de gestación.,20 primeras semanas de gestación.,B,8 primeras semanas de gestación.,No Legislación
Andalucía,2019,19,19. ¿Cuál de estos síntomas o patologías no suelen estar relacionados directamente con la menopausia o después de la misma?,Los sofocos.,Sequedad vaginal.,Osteoporosis.,Artritis.,D,Artritis.,No Legislación
Andalucía,2019,20,20. El ciclo de la ovulación y la menstruación está controlado por el circuito:,Hipotálamo-hipófisis-ovarios.,Hipófisis-hipotálamo-ovarios.,Ovarios-hipotálamo-hipófisis.,Epífisis-hipotálamo-ovarios.,A,Hipotálamo-hipófisis-ovarios.,No Legislación
Andalucía,2019,21,21. La sexualidad es el resultado de factores:,"Biológicos, psicológicos y económicos.","Biológicos, psicológicos, culturales, éticos, religiosos, espirituales y socio-económicos.","Biológicos, psicológicos, sociales y espirituales/éticos.",Biológicos y psicológicos.,B,"Biológicos, psicológicos, culturales, éticos, religiosos, espirituales y socio-económicos.",No Legislación
Andalucía,2019,22,22. El cuestionario evaluador de la función sexual de la mujer-FSM consta de:,5 items.,10 items.,15 items.,20 items.,C,15 items.,No Legislación
Andalucía,2019,23,23. El código NIC 5622 es Enseñanza: Relaciones sexuales seguras. Se define como:,Utilización de un proceso de ayuda interactivo que se centre en la necesidad de realizar ajustes de la práctica sexual o para potenciar el afrontamiento de un suceso/trastorno sexual.,Ayudar a las personas a comprender las dimensiones físicas y psicosociales del crecimiento y el desarrollo sexuales.,Analizar y proporcionar información y apoyo a las personas en edad fértil antes del embarazo para fomentar la salud y reducir riesgos.,Proporcionar instrucciones acerca de medidas de protección durante las relaciones sexuales.,D,Proporcionar instrucciones acerca de medidas de protección durante las relaciones sexuales.,No Legislación
Andalucía,2019,24,24. ¿Cuál de los siguientes diagnósticos NANDA de incontinencia urinaria no existe?,Incontinencia urinaria de esfuerzo.,Incontinencia urinaria de urgencias.,Incontinencia urinaria de por rebosamiento.,Incontinencia urinaria del anciano.,D,Incontinencia urinaria del anciano.,No Legislación
Andalucía,2019,25,25. ¿Cuál de los siguientes enunciados no es un diagnóstico NANDA relacionado con el paciente encamado?,Cuidados de las ulceras por presión.,Riesgo de deterioro de la integridad cutánea.,Deterioro de la integridad cutánea.,Deterioro de la integridad tisular.,A,Cuidados de las ulceras por presión.,No Legislación
Andalucía,2019,26,"26. ¿En una gasometría arterial, la prueba de Allen se realiza para?",Saber cual es la arteria más fácil de pinchar.,Saber a que profundidad está la arteria.,Diferenciar entre arteria y vena.,"Comprobar la circulación colateral, en caso de que pinchemos la arteria radial.",D,"Comprobar la circulación colateral, en caso de que pinchemos la arteria radial.",No Legislación
Andalucía,2019,27,"27. Si a un paciente del grupo sanguíneo A (+) se le transfunde un concentrado de hematíes del grupo 0 (-), lo más probable es que: (señala la correcta)",No tenga ningún efecto adverso.,Tenga una reacción importante por ser grupos incompatibles.,A un paciente Rh positivo no se le debe transfundir sangre Rh negativo.,Obligatoriamente hay que transfundir la sangre del mismo grupo sanguíneo.,A,No tenga ningún efecto adverso.,No Legislación
Andalucía,2019,28,"28. Atendiendo a la Ley 39/2015, de 1 de octubre, del Procedimiento Administrativo Común de las Administraciones Públicas, los interesados pueden solicitar el inicio de un procedimiento de responsabilidad patrimonial cuando:",No hayan transcurridos mas de 30 días de producido el hecho que lo motive.,Los daños o lesiones producidas no superen el valor de 10.000 euros.,"No existe daño físico o psíquico de personas, sólo de bienes.",Todas las respuestas son falsas.,D,Todas las respuestas son falsas.,Legislación
Andalucía,2019,29,29. La Ley 39/2015 del Procedimiento Administrativo Común de las Administraciones Públicas es aplicable a: (Señala la respuesta correcta),La Administración General del Estado.,Las Entidades que integran la Administración Local.,Las Administraciones de las Comunidades Autónomas.,Todas son correctas.,D,Todas son correctas.,Legislación
Andalucía,2019,30,30. ¿Cual de los siguientes no serían indicadores demográficos básicos para el INE (Instituto Nacional de Estadística)?,Indicadores de Mortalidad.,Indicadores de Natalidad.,Indicadores de Divorcialidad.,Indicadores de Obesidad infantil.,D,Indicadores de Obesidad infantil.,No Legislación
Andalucía,2019,31,31. ¿Qué se entiende por población de hecho de un determinado territorio?,"Conjunto de personas que en la fecha censal se encuentran en el territorio de referencia, tanto si son residentes presentes como si son transeúntes.","Conjunto de personas que están empadronadas en el territorio de referencia, estén presentes o ausentes en el momento que se realiza la estadística.",Conjunto de personas que están empadronadas en el territorio de referencia y están presentes en el momento que se realiza la estadística.,Ninguna es correcta.,A,"Conjunto de personas que en la fecha censal se encuentran en el territorio de referencia, tanto si son residentes presentes como si son transeúntes.",No Legislación
Andalucía,2019,32,32. ¿Cual de los siguientes errores sistemáticos o sesgos de un estudio de investigación se puede controlar en la fase de análisis y no solo en la de diseño?,Sesgo de selección.,Sesgo de clasificación o información.,Sesgo de confusión.,Ninguno de los anteriores se puede controlar en la fase de análisis.,C,Sesgo de confusión.,No Legislación
Andalucía,2019,33,33. ¿A qué llamamos Error tipo I en un contraste de Hipótesis?,Es el error que se comete al aceptar la hipótesis nula cuando ésta no es cierta.,Es el error que se comete al rechazar la hipótesis nula cuando ésta es cierta.,Es el que se comete cuando no se rechaza la hipótesis nula a pesar de que es falsa.,Ninguna es correcta.,B,Es el error que se comete al rechazar la hipótesis nula cuando ésta es cierta.,No Legislación
Andalucía,2019,34,34. Señala la respuesta falsa en relación a los estudios de cohortes en Investigación clínica.,El criterio de selección de la población en estudio es la propia exposición a la variable a estudiar.,El análisis siempre es prospectivo en el tiempo.,La variable de exposición está fuera del control del investigador.,Permite la estimación de incidencia y riesgo relativo.,B,El análisis siempre es prospectivo en el tiempo.,No Legislación
Andalucía,2019,35,35. ¿Cual de estas afirmaciones es incorrecta en un estudio de casos - control?,No son eficientes para el estudio de enfermedades raras.,Son menos costosos y requieren menos tiempo que los estudios de cohortes.,Proporcionan estimadores de Odds Ratio.,Son susceptibles de sesgos de selección.,A,No son eficientes para el estudio de enfermedades raras.,No Legislación
Andalucía,2019,36,36. ¿Cuál de los siguientes no es un metabuscador de evidencias en temas de salud?,NICE.,EVIDENTIA.,TRIP.,ACCESSSS.,B,EVIDENTIA.,No Legislación
Andalucía,2019,37,37. Un nivel de evidencia II-1 en un estudio de investigación significa que (atendiendo a las recomendaciones de la Canadian Task Force on Preventive Health Care):,Surge de un ensayo clínico bien diseñado pero no aleatorizado.,Surge de un ensayo clínico bien diseñado y aleatorizado.,"Surge de estudios de cohortes o de casos y controles bien diseñados, preferentemente multicéntricos.",Surge de opiniones basadas en experiencias clínicas.,A,Surge de un ensayo clínico bien diseñado pero no aleatorizado.,No Legislación
Andalucía,2019,38,"38. En términos de gestión sanitaria, ¿Cuando podemos decir que una intervención sanitaria es eficaz?",Cuando es capaz de producir efectos mensurables en salud cuando se aplica en condiciones y entornos ideales o experimentales.,Cuando es capaz de producir efectos mensurables en salud cuando se aplica en condiciones y entornos reales o habituales de asistencia.,Cuando además de valorar el impacto en un individuo o colectivo incluimos el coste económico de la misma.,Cuando además de valorar el impacto en un individuo o colectivo incluimos el coste de recursos humanos de la misma.,A,Cuando es capaz de producir efectos mensurables en salud cuando se aplica en condiciones y entornos ideales o experimentales.,No Legislación
Andalucía,2019,39,"39. En gestión sanitaria, una de las herramientas mas reconocidas para poder establecer un orden de prioridades en la toma de decisiones es:",Las listas de espera quirúrgica.,Diagrama de Pareto.,La presión de los servicios de urgencia.,Todas son correctas.,B,Diagrama de Pareto.,No Legislación
Andalucía,2019,40,40. En todo proceso asistencial integrado se han de definir (señala la respuesta incorrecta):,los límites de entrada al proceso.,Los limites de alarma del proceso.,Los limites de salida del proceso.,Los límites marginales del proceso.,B,Los limites de alarma del proceso.,No Legislación
Andalucía,2019,41,41. Señala la respuesta correcta en relación a la esterilización por vapor de materiales sanitarios,La esterilización por vapor es apta para materiales termosensibles.,Tiene un rápido efecto microbiocida.,Tiene un proceso de monitorización compleja.,Tiene escasa penetración en los materiales empaquetados.,B,Tiene un rápido efecto microbiocida.,No Legislación
Andalucía,2019,42,"42. ¿En bebés sanos, con un desarrollo motriz normal cual es la edad media para levantar la cabeza 90º cuando está boca abajo?",antes del mes de nacimiento.,antes de los 2 meses desde el nacimiento.,entre los 2 meses y 3.5 meses desde el nacimiento.,Posterior a los 6 meses desde el nacimiento.,C,entre los 2 meses y 3.5 meses desde el nacimiento.,No Legislación
Andalucía,2019,43,43. ¿Cómo no se transmite el virus de la inmunodeficiencia humana?,Por la tos o el estornudo.,"Por los cubiertos o vajilla, comida o agua.",Por las picaduras de mosquitos o chinches.,No se transmite por ninguna de ellas.,D,No se transmite por ninguna de ellas.,No Legislación
Andalucía,2019,44,"44. Un valor 10, en la escala de valoración funcional de Karfnoski significa:",Paciente con movilidad cama-sillón.,Realiza actividades normales de la vida diaria.,Pacientes moribundo.,Encamado menos del 50% del día.,C,Pacientes moribundo.,No Legislación
Andalucía,2019,45,"45. Si Ud reúne los requisitos, la Agencia de Calidad Sanitaria de Andalucía podría certificar sus competencias profesionales enfermeras en (señala la respuesta incorrecta)",Enfermera perfusionista.,Enfermera de practica avanzada en gestión de casos.,Enfermera de práctica avanzada en inmunoterapias.,Enfermera del Trabajo.,C,Enfermera de práctica avanzada en inmunoterapias.,No Legislación
Andalucía,2019,46,46. El Observatorio de Seguridad del paciente dispone de Guías de buenas prácticas en el uso de medicamentos salvo en,Manejo de medicación en pacientes institucionalizados.,Prescripción electrónica. Criterios de estandarización.,Medicamentos con nombre o apariencia similar.,Conciliación de la medicación.,A,Manejo de medicación en pacientes institucionalizados.,No Legislación
Andalucía,2019,47,"47. El ámbito de la Ley 44/2003, de 21 de noviembre, de Ordenación de Profesiones Sanitarias es de aplicación:","En las profesiones sanitarias tituladas, exclusivamente, en su ejercicio por cuenta ajena en la sanidad privada.",En todas las profesiones sanitarias en su ejercicio en la sanidad publica.,En las profesiones sanitarias tituladas en su ejercicio por cuenta ajena o propia en la sanidad publica o privada.,"En cualquier profesión que ejerza en el ámbito sanitario publico o privado, por cuenta ajena o propia.",C,En las profesiones sanitarias tituladas en su ejercicio por cuenta ajena o propia en la sanidad publica o privada.,Legislación
Andalucía,2019,48,"48. Según la Ley 44/2003, de 21 de noviembre, de Ordenación de Profesiones Sanitarias, cómo tiene que ser la información que los profesionales proporcionan a las personas a su cuidado, para que, pueden ejercer el derecho al consentimiento:",Clara y concisa.,Suficiente y adecuada.,Suficiente y clara.,Escrupulosa y técnica.,B,Suficiente y adecuada.,Legislación
Andalucía,2019,49,49. Una enfermera de practica avanzada (EPA),Han adquirido un conocimiento experto mediante mecanismos formales y regulados.,Aplica sus conocimientos en un ámbito docente- investigador.,Organiza sus competencias para responder a todas las necesidades de forma genérica y eficaz de la ciudadanía.,Puede incluir nuevos servicios para conseguir un mayor nivel de jerarquía administrativa en la accesibilidad.,A,Han adquirido un conocimiento experto mediante mecanismos formales y regulados.,No Legislación
Andalucía,2019,50,50. ¿La continuidad de cuidados al alta hospitalaria?,"Incluye a todas las personas que han sido dadas de alta, incluidas las cuidadoras, si tuvieran.",Se deberá tener un contacto telefónico a las 48 horas del alta.,"Si las persona dada de alta no tuviera teléfono y requiere continuidad asistencial, se realizará visita antes de las 48 horas.",Todas son correctas.,C,"Si las persona dada de alta no tuviera teléfono y requiere continuidad asistencial, se realizará visita antes de las 48 horas.",No Legislación
Andalucía,2019,51,51. No existen evidencias que la gestión de casos sea efectiva en la:,"Mejora de los resultados clínicos, autopercepción de salud y satisfacción en personas con diabetes.",Mejora de la accesibilidad.,"Mejora de la capacidad funcional, manejo de la medicación, reducción de institucionalizaciones y uso de servicios en población anciana.",Mejora del bienestar psicológico y autopercepción de salud de la personas con insuficiencia cardiaca.,D,Mejora del bienestar psicológico y autopercepción de salud de la personas con insuficiencia cardiaca.,No Legislación
Andalucía,2019,52,"52. Dentro de la cartera de servicios de Salud responde, ¿Qué servicio no realiza?",Cita con la enfermera de familia.,Seguimiento de altas hospitalarias durante los fines de semana de pacientes de especial riesgo.,Acceso a plan especifico sobre violencia de género.,Acceso al registro de voluntades anticipadas de Andalucía.,C,Acceso a plan especifico sobre violencia de género.,No Legislación
"Andalucía,2019,53,""53. En el Plan Andaluz para la Prevención de los Efectos de la Temperaturas Excesivas, en que nivel de riesgo estaría encuadrada la población de personas mayores de 65 años, que tengan una o más de las siguientes patologías: EPOC, insuficiencia cardiaca, demencia, insuficiencia renal, obesidad excesiva, hipertensión ó diabetes mellitus";" y que tomen alguna medicación de las siguientes: diuréticos, hipotensores, anticolinérgicos, antidepresivos y psicotropos"",Riesgo 0.,Riesgo 1.,Riesgo 2.,Riesgo 3.,A,Riesgo 0.,No Legislación";
Andalucía,2019,54,54. Uno de los objetivos del Plan de continuidad Asistencial mediante seguimiento telefónico es:,Mejorar la atención de los servicios de urgencias.,Prevenir e intervenir precozmente ante los problemas de salud relacionados con el alta.,Mejorar la homogeneización de la práctica asistencial ante los problemas de salud relacionados con el alta desde las unidades de hospitalización.,B y C son correctas.,D,B y C son correctas.,No Legislación
Andalucía,2019,55,"55. ¿Cómo denominaría a la técnica educativa grupal que es esencialmente útil para entrenarse en destrezas y adquirir pericia para desarrollar la capacidad de actuar, de comportarse en situaciones reales?",Técnica expositiva.,Técnica de desarrollo de habilidades.,Técnica de investigación.,Técnica de análisis.,B,Técnica de desarrollo de habilidades.,No Legislación
Andalucía,2019,56,"56. Según la Clasificación de Resultados de Enfermería (NOC), ¿cual de los siguientes no es un resultado con el que podamos evaluar educación para la salud y estilo de vida saludable?",Fomento de la asistencia sanitaria.,Conducta de fomento de la salud.,Conocimiento: estilo de vida saludable.,Conocimiento: fomento de la salud.,A,Fomento de la asistencia sanitaria.,No Legislación
Andalucía,2019,57,"57. Cuándo una mujer que sufre maltrato no tiene intención de hacer cambios en su relación, según las fases del proceso del cambio de Prochaska y Diclemente, ¿en qué fase se encuentra?",Precontemplativa.,Contemplativa.,De preparación.,De acción.,A,Precontemplativa.,No Legislación
Andalucía,2019,58,58. ¿Cuál de los siguientes eventos no es predictor la fragilidad?,Envejecimiento.,Pérdida de movilidad.,Hospitalización.,Enfermedad cardiovascular.,A,Envejecimiento.,No Legislación
Andalucía,2019,59,"59. Las visitas domiciliarias preventivas, señale la correcta:","No aportan beneficios a poblaciones mayores de 65 años, si se hacen de forma generalizada.","No mejoran la detección de síndromes geriátricos, aunque se utilice la valoración geriátrica integral.",No disminuyen las urgencias domiciliarias en mayores de 65 años.,"Aportan beneficios a mayores de 65 años, si están basadas en una Valoración Geriátrica Integral.",D,"Aportan beneficios a mayores de 65 años, si están basadas en una Valoración Geriátrica Integral.",No Legislación
Andalucía,2019,60,"60. En el momento de elaborar el genograma, la vinculación consanguinea se refiere a:",Un tipo de relación familiar asociado a una misma rama de descendencia biológica.,Al subsistema generacional y a la posición que ocupa cada miembro de la familia.,Relación que se establece entre los miembros más próximos de la familia.,Todas son falsas.,A,Un tipo de relación familiar asociado a una misma rama de descendencia biológica.,No Legislación
Andalucía,2019,61,"61. En la primera fase (""formación del grupo motor"") del desarrollo de un mapeo de activos para la salud comunitaria, este grupo debería, señale la incorrecta:",Tener un fuerte componente intersectorial.,Manejar habilidades sociales y de manejo de grupos.,Encargarse de la difusión del proyecto.,Tener personas del vecindario.,C,Encargarse de la difusión del proyecto.,No Legislación
Andalucía,2019,62,62. Señale el diagnóstico enfermero relacionado con la comunidad:,Manejo de la inmunización/vacunación.,Disposición para mejorar el afrontamiento de la comunidad.,Fomento de la salud ambiental.,Control de las enfermedades transmisibles.,B,Disposición para mejorar el afrontamiento de la comunidad.,No Legislación
Andalucía,2019,63,"63. Un programa estructurado de educación terapéutica, sobre el fomento de estilos de vida saludable, ¿a qué grupo no irá dirigido especialmente?:",Personas en situación de riesgo de diabetes.,Pacientes que precisan refuerzo educativo o intensificación de su control metabólico.,Pacientes con reciente diagnóstico de DMT2.,Paciente con reciente diagnostico de DMT1.,D,Paciente con reciente diagnostico de DMT1.,No Legislación
Andalucía,2019,64,"64. Al valorar en una persona anciana el Riesgo de caídas siguiendo la Escala de Downton, ¿cuál de los siguientes elementos no habremos valorado?:",La toma de medicamentos hipotensores no diuréticos.,El entorno desfavorable.,La limitación sensorial visual.,La deambulación con bastón.,B,El entorno desfavorable.,No Legislación
Andalucía,2019,65,65. Las fases del duelo son:,"Negación, Ira, Negociación, depresión y aceptación.","Negación y confusión, ira y rabia, dolor y culpa, tristeza, aceptación y restablecimiento.","Impacto y perplejidad, rabia y culpa, desorganización, afirmación de la realidad y recuperación.",Todas son ciertas.,D,Todas son ciertas.,No Legislación
Andalucía,2019,66,66. Los principios de la entrevista motivacional son:,Expresar empatía.,Desarrollar discrepancia.,Evitar argumentar.,Todas son verdaderas.,D,Todas son verdaderas.,No Legislación
Andalucía,2019,67,67. ¿Qué precauciones serían las adecuadas para prevenir las infecciones asociadas al uso de dispositivos venosos? (Indique la que no corresponde),"Preparar la piel con clorhexidina alcohólica (>0,5%) antes de la inserción de un catéter venoso central.",En los catéteres venosos centrales usar dispositivos de fijación de seguridad con suturas para asegurar la permanencia.,Fijar los catéteres venosos periféricos a piel con tiras adhesivas estériles que no cubra el punto de inserción.,"La palpación de la piel no debe realizarse tras la aplicación del antiséptico, a no ser que se utilice tánica aséptica.",B,En los catéteres venosos centrales usar dispositivos de fijación de seguridad con suturas para asegurar la permanencia.,No Legislación
Andalucía,2019,68,68. ¿Cuál será el ritmo de una perfusión si queremos pasar 3000 ml de suero fisiológico en 24 horas?,21 gotas/min.,42 gotas/min.,125 gotas/min.,126 gotas/min.,B,42 gotas/min.,No Legislación
Andalucía,2019,69,69. La intensidad del ejercicio puede estimarse mediante múltiplos de la tasa de consumo de metabolismo basal. ¿Cuál es su unidad?,MET.,Ohmio.,Kilogramo.,Julio.,A,MET.,No Legislación
Andalucía,2019,70,"70. Ante un individuo que acumula un nivel anormal o excesivo de grasa para su edad y sexo, que excede los niveles de sobrepeso, podemos establecer en el plan de cuidados resultados e indicadores como: (Indique lo que NO procede)",Conducta de pérdida de peso.,Conocimiento: dieta saludable.,Manejo del peso.,Estado nutricional: ingestión de nutrientes.,C,Manejo del peso.,No Legislación
Andalucía,2019,71,"71. Son normas de conservación en las elaboraciones para nutrición parenteral, todas excepto:",Las unidades nutrientes deben protegerse de la luz durante todo el periodo de conservación y administración.,Se mantendrán en nevera entre 4 a 8 ºC.,La caducidad se estima en 48 horas excepto bolsas prefabricadas.,Se aconseja atemperar el preparado un par de horas antes de administrar.,C,La caducidad se estima en 48 horas excepto bolsas prefabricadas.,No Legislación
Andalucía,2019,72,72. ¿Cuántas unidades de Bebida estándar (UBE) en España tiene 1 caña de cerveza (200cc)?,1 UBE.,2 UBE.,10 UBE.,5 UBE.,A,1 UBE.,No Legislación
Andalucía,2019,73,73. Señale la respuesta correcta sobre los criterios anestésico-quirúrgicos de la Asociación Americana de Anestesiología (ASA):,ASA I: el paciente sufre alguna alteración leve o moderada sistémica.,ASA II: el paciente sufre un desorden sistémico que pone en peligro su vida.,ASA IV: el paciente sufre un desorden sistémico que pone en peligro su vida.,ASA II: el paciente sufre una alteración o enfermedad grave que le produce limitación funcional de algún grado.,C,ASA IV: el paciente sufre un desorden sistémico que pone en peligro su vida.,No Legislación
Andalucía,2019,74,"74. La posición quirúrgica en la que el paciente se coloca con los muslos en abducción, las rodillas y caderas flexionadas, y los pies quedan suspendidos con estribos o perneras que se fijan a la mesa de denomina:",Posición de litotomía.,Posición de Trendelemburg invertida.,Posición de Kraske.,Posición de sedestación.,A,Posición de litotomía.,No Legislación
Andalucía,2019,75,75. Los pacientes susceptibles de inclusión en Cirugía Mayor Ambulatoria Pediátrica cumplen los siguientes criterios excepto:,Distancia a un centro sanitario no superior a una hora.,Lactantes mayores de 2 meses.,Disponibilidad de un teléfono de consulta.,Previsión de escasa pérdidas hemáticas.,B,Lactantes mayores de 2 meses.,No Legislación
Andalucía,2019,76,76. ¿Cuáles son las variables del instrumento PUSH que nos permiten ir determinando la evolución de una herida por presión? Indique la que NO corresponde,Localización de la lesión.,Longitud x Anchura.,Tipo de tejido.,Cantidad de exudado.,A,Localización de la lesión.,No Legislación
Andalucía,2019,77,77. Todos son criterios para repetir la llamada prueba del talón según marca el programa de cribado neonatal de enfermedades endocrino-metabólicas. Indique la respuesta falsa.,Recién nacido con peso < 2500gr.,Recién nacido que ha recibido una trasfusión de plasma.,Recién nacido de madre con patología tiroidea en tratamiento.,Recién nacido de parto múltiple.,C,Recién nacido de madre con patología tiroidea en tratamiento.,No Legislación
Andalucía,2019,78,78. ¿Cómo suele ser la velocidad de crecimiento en un niño nacido con bajo peso para su edad gestacional en relación a uno con peso adecuado para su edad gestacional?,Algo más lento durante el primer año pero se igualan hacia los 2-3 años.,No diferencias significativas.,"La velocidad de crecimiento siempre es menor que el que experimenta la media según edad, sexo y tiempo definido.","La velocidad de crecimiento es mayor, especialmente los primeros 2-6 meses.",D,"La velocidad de crecimiento es mayor, especialmente los primeros 2-6 meses.",No Legislación
Andalucía,2019,79,"79. Con respecto al maltrato infantil, el profesional sanitario ocupa una posición privilegiada en su prevención, detección e intervención. De las siguientes actividades cual no es correcta:",Buscar factores de riesgo y protectores.,Incrementar las habilidades de los padres en el cuidado de los hijos.,La prevención empieza con el nacimiento.,Valorar la existencia de violencia doméstica mediante preguntas directas.,C,La prevención empieza con el nacimiento.,No Legislación
Andalucía,2019,80,"80. Dentro de los consejos a los padres sobre el cepillado dental de los niños, señala la respuesta falsa:",Los padres deben cepillar los dientes a los menores de dos años.,Cepillar la lengua y los carrillos suavemente.,Enjuagarse para eliminar restos.,La duración del cepillado debe ser de unos 5 minutos.,D,La duración del cepillado debe ser de unos 5 minutos.,No Legislación
Andalucía,2019,81,81. Las etapas de inicio del consumo de tabaco en los adolescentes son:,"Preparación, iniciación, experimentación, habituación, adicción.","Inicio, experimentación, mantenimiento, adicción, habituación.","Iniciación, experimentación, refuerzo, adicción, habituación.","Preparación, imitación, experimentación, habituación, adicción.",A,"Preparación, iniciación, experimentación, habituación, adicción.",No Legislación
Andalucía,2019,82,82. ¿Cuáles son las intervenciones que habría que utilizar para trabajar el diagnóstico enfermero: Trastorno de la imagen corporal?,Apoyo en la toma de decisiones.,Entrenamiento en la asertividad.,Potenciación de la autoestima.,Todas las anteriores.,C,Potenciación de la autoestima.,No Legislación
Andalucía,2019,83,"83. Según el PAI-Atención a P. Pluripatológicos, la valoración integral exhaustiva y el plan de acción personalizado se extiende a los pacientes crónicos con necesidades complejas de salud que cumplan al menos uno de los siguientes criterios:",Cumplir los criterios de paciente pluripatológico definido por la presencia de enfermedades crónicas incluidas en 3 o más de las categorías clínicas descritas en el PAI.,Cumplir una de las categorías de la definición de paciente pluripatológico y al menos uno de los criterios de complejidad como polimedicación extrema (más de 8 fármacos).,Cumplir una de las categorías de la definición del paciente pluripatológico y al menos dos de los criterios de complejidad recogidos en el plan.,Cumplir una de las categorías de la definición del paciente pluripatológico y al menos uno de los criterios de complejidad como la existencia de úlceras por presión en estadio II o superior.,D,Cumplir una de las categorías de la definición del paciente pluripatológico y al menos uno de los criterios de complejidad como la existencia de úlceras por presión en estadio II o superior.,No Legislación
Andalucía,2019,84,84. Son recomendaciones claves recogidas en el Proceso asistencial integrado ICTUS. Indique la que no corresponde:,Se realizará TAC de cráneo (realizado e interpretado en un tiempo máximo de 45 minutos desde su llegada al servicio de cuidados críticos y urgencias hospitalaria).,"Se activará el código ICTUS, ante la sospecha de ictus isquémico, si el inicio de los síntomas es menor a 6 horas.",Se realizará traslado del paciente con Prioridad 1 y se recomienda que la recepción en servicio de cuidados críticos y urgencias hospitalarias no sobrepase los 45-60 minutos desde la llamada al centro receptor.,Es criterio para la realización de fibrinólisis IV tener cumplidos los 18 años.,B,"Se activará el código ICTUS, ante la sospecha de ictus isquémico, si el inicio de los síntomas es menor a 6 horas.",No Legislación
Andalucía,2019,85,"85. El análisis de la atención a las personas lesionadas en accidentes, según el Plan Integral de la Accidentabilidad vigente, permite destacar: Indique la correcta.",La accesibilidad al sistema sanitario para las víctimas de accidentes ha mejorado sustancialmente porque la petición de ayuda y el contacto con el sistema sanitario público casi siempre es inmediata tras el accidente.,"Es frecuente que los testigos en el lugar del suceso realicen los primeros auxilios, pues se pueden hacer sin apenas equipamiento.",Aún no se dispone y sería fundamental que todas las provincias andaluzas contasen con dispositivos neuroquirúrgicos para resolver las urgencias quirúrgicas del neurotrauma.,"La atención sanitaria derivada de los accidentes de tráfico, no es responsabilidad de las entidades aseguradoras de los vehículos pero si de las mutuas en accidentes de trabajo.",A,La accesibilidad al sistema sanitario para las víctimas de accidentes ha mejorado sustancialmente porque la petición de ayuda y el contacto con el sistema sanitario público casi siempre es inmediata tras el accidente.,No Legislación
Andalucía,2019,86,86. Para la concesión de la autorización para la constitución y funcionamiento de biobancos se deberá contar con los siguientes requisitos. Señale la incorrecta,"Que la organización, objetivos y medios disponibles del biobanco justifiquen su interés biomédico.",Que se haya designado a la persona titular de la dirección científica del biobanco y a la persona responsable del fichero.,Que el biobanco esté adscrito a un comité de ética interno y a un comité científico externo.,"Que cuente con las instalaciones y medios indispensables para garantizar la conservación de las muestras en condiciones de calidad adecuada, incluyendo las medidas necesarias para preservar su integridad ante posibles fallos técnicos.",C,Que el biobanco esté adscrito a un comité de ética interno y a un comité científico externo.,Legislación
Andalucía,2019,87,87. La actuación sanitaria de la Agencia Sanitaria Alto Guadalquivir está dirigida por los Planes Andaluces de Salud;" en su gestión y distribución geográfica se incluye:,""Los Hospitales de Alta Resolución que se establezcan en las provincias de Córdoba, Jaén y Sevilla."",Los Hospitales de Alta Resolución que se establezcan en las provincias de Córdoba y Jaén.,Los Centros Hospitalarios de las provincias de Córdoba y Sevilla.,""Los Hospitales de Alta Resolución que se establezcan en las provincias de Córdoba, Sevilla y Granada."",B,Los Hospitales de Alta Resolución que se establezcan en las provincias de Córdoba y Jaén.,No Legislación";
Andalucía,2019,88,"88. Entre las Prestaciones de Salud Pública de Andalucía definidas en el artículo 60 de la Ley de Salud Pública de Andalucía, no se incluye:",La atención temprana dirigida a la población infantil de 0 a 14 años afectada por trastornos en el desarrollo o con riesgo de padecerlos.,La promoción y protección de la salud asociadas a los medios de transporte.,La vigilancia e intervención frente a la zoonosis.,"La promoción, la protección de la salud y la prevención de los factores de riesgo para la salud derivados del ejercicio de prácticas y actividades realizadas sobre el cuerpo humano en establecimientos de atención personal de carácter no terapéutico que puedan tener consecuencias negativas para la salud.",A,La atención temprana dirigida a la población infantil de 0 a 14 años afectada por trastornos en el desarrollo o con riesgo de padecerlos.,Legislación
Andalucía,2019,89,"89. DECRETO 59/2012, de 13 de marzo, por el que se regula la organización y funcionamiento del Registro de Voluntades Vitales Anticipadas de Andalucía. En cuanto a su Organización: Señale la incorrecta.","El Registro estará adscrito al órgano competente para la coordinación y el control de los sistemas de información sanitaria, registros y estadísticas oficiales de la Consejería competente en materia de salud.",Existirá un Registro en cada provincia y su gestión se llevará a cabo de manera centralizada.,"El Registro contará con una única persona responsable a nivel autonómico, que será nombrada por el órgano competente para la coordinación y el control de los sistemas de información sanitaria, registros y estadísticas oficiales de la Consejería competente en materia de salud, entre el personal funcionario o estatutario adscrito a dicho órgano.","El Registro será único, si bien su gestión se llevará a cabo de manera descentralizada.",B,Existirá un Registro en cada provincia y su gestión se llevará a cabo de manera centralizada.,Legislación
Andalucía,2019,90,"90. DECRETO 59/2012, de 13 de marzo, por el que se regula la organización y funcionamiento del Registro de Voluntades Vitales Anticipadas de Andalucía. En cuanto a la Revocación de un registro de voluntad vital anticipada ya registrada, señale la correcta:",La persona otorgante podrá revocar su declaración de voluntad vital anticipada cuando hayan pasado mínimo seis meses desde su registro.,Los profesionales sanitarios responsables de su atención hospitalaria podrán revocar el registro de la voluntad vital anticipada de la persona otorgante cuando ésta se encuentre en tratamiento hospitalario de duración mayor a un mes.,"En el supuesto de que la persona que quiera revocar su declaración esté impedida por enfermedad o discapacidad para desplazarse a una sede habilitada del Registro, podrá solicitar a la persona responsable del Registro en dicha sede, que se desplace a su domicilio, residencia o centro sanitario en el que se encuentre, para formalizar dicha revocación.",Cualquiera de los hijos puede revocar la voluntad vital anticipada de la otorgante en cualquier momento.,C,"En el supuesto de que la persona que quiera revocar su declaración esté impedida por enfermedad o discapacidad para desplazarse a una sede habilitada del Registro, podrá solicitar a la persona responsable del Registro en dicha sede, que se desplace a su domicilio, residencia o centro sanitario en el que se encuentre, para formalizar dicha revocación.",Legislación
Andalucía,2019,91,"91. Dentro de las técnicas de recogida de datos en la investigación cualitativa, uno de los instrumentos básicos de recogida de datos es la entrevista individual. Señale la incorrecta entre las opciones:","Entrevista conversacional, o en profundidad o abierta.",Entrevista semiestructurada o basada en un guion.,Entrevista en triangulación dispersa y asesorada.,Entrevista con estructura cerrada.,C,Entrevista en triangulación dispersa y asesorada.,No Legislación
Andalucía,2019,92,"92. Dentro de los derechos de los padres en el Hospital durante el proceso de nacimiento, se incluye:","Derecho a visitar a su hijo o hija en horario de visitas, si la situación clínica lo permite.",A prestar su consentimiento de forma oral para los exámenes a los que se quiere someter al hijo o hija para un propósito docente.,A recibir asesoramiento e información sobre los cuidados del niño o de la niña.,"A que se le facilite la lactancia materna del recién nacido, aunque incida desfavorablemente en la salud de la niña o el niño.",C,A recibir asesoramiento e información sobre los cuidados del niño o de la niña.,No Legislación
Andalucía,2019,93,"93. Dentro del marco etico del SSPA, cuando nos referimos a ""debe promocionarse el bienestar de las personas y las comunidades, cuidándoles y ayudándoles para que realicen su propio proyecto de vida en la medida de lo posible"" estamos enunciando el principio de:",Beneficencia.,Autonomía.,No- Maleficencia.,Justicia.,A,Beneficencia.,No Legislación
Andalucía,2019,94,"94. De entre los siguientes objetivos de la Estrategia de Bioética del SSPA, identifica el que corresponde al capítulo Bioética y Profesionales:",Aplicar de manera efectiva el marco ético y jurídico de protección de la dignidad de las personas en proceso de muerte.,"Adecuar la organización a las necesidades de respeto, cuidado y protección de sus profesionales, haciéndolas compatibles con los derechos de la ciudadanía a recibir una atención sanitaria de calidad.",Profundizar en la incorporación del marco ético del SSPA en la actividad investigadora mediante el desarrollo de nuevos instrumentos y actividades.,Todas son correctas.,B,"Adecuar la organización a las necesidades de respeto, cuidado y protección de sus profesionales, haciéndolas compatibles con los derechos de la ciudadanía a recibir una atención sanitaria de calidad.",No Legislación
Andalucía,2019,95,95. Señala la ventaja demostrada de la utilización del Proceso Enfermero en la práctica asistencial:,Delimita el ámbito de actuación de enfermería.,"Permite la valoración subjetiva de los resultados obtenidos por la aportación enfermera, aumentando la satisfacción de los profesionales.","Adapta los cuidados al individuo y no a la enfermedad, manteniendo siempre vigente el factor humano en los cuidados.",Las opciones a y c son ciertas.,D,Las opciones a y c son ciertas.,No Legislación
"Andalucía,2019,96,""96. PAI ansiedad, depresión, somatizaciones (2011)";" en el cribado y evaluación inicial, se indicará una valoración enfermera ante personas que presenten: (señala la correcta)"",Persona discapacitada.,Aislamiento social.,Persona que presenta sobrecarga por cuidado de otra persona enferma o discapacitada.,Todas son correctas.,D,Todas son correctas.,No Legislación";
Andalucía,2019,97,"97. PAI ansiedad, depresión, somatizaciones (2011): cuando hablamos de ""1402 Autocontrol de la ansiedad"" nos referimos a:",Un diagnóstico de enfermería (NANDA).,Un resultado NOC.,Una intervención NIC.,Ninguna de las anteriores.,B,Un resultado NOC.,No Legislación
Andalucía,2019,98,"98. Artículo 18 del decreto 77/2008, de 4 de marzo, de ordenación administrativa y funcional de los servicios de Salud Mental en el ámbito del Servicio Andaluz de Salud. Coordinación de cuidados de enfermería. Entre las funciones del coordinador de enfermería, señale la incorrecta:","Impulsar la gestión de los cuidados de enfermería, especialmente de los domiciliarios, favoreciendo la personalización de la atención sanitaria en todos los procesos asistenciales, incorporando las actividades de promoción de educación para la salud y de prevención de la enfermedad.","Evaluar la efectividad, la calidad y la eficiencia de los cuidados de enfermería que se prestan en los distintos dispositivos asistenciales de salud mental adscritos a la unidad de gestión clínica de salud mental.",Proponer a la Dirección Gerencia del hospital o Gerencia del área de gestión sanitaria cuantas medidas pudieran contribuir al mejor funcionamiento de la unidad de gestión clínica de salud mental.,"Gestionar, de forma eficaz y eficiente, el material clínico de la unidad de gestión clínica y su mantenimiento, así como los productos sanitarios necesarios para la provisión de los cuidados más adecuados a la población.",C,Proponer a la Dirección Gerencia del hospital o Gerencia del área de gestión sanitaria cuantas medidas pudieran contribuir al mejor funcionamiento de la unidad de gestión clínica de salud mental.,Legislación
Andalucía,2019,99,"99.  Utilizando el método estandarizado MTS (sistema de clasificación Manchester), se ha clasificado a un paciente en el ""nivel III"", correspondiente a un nivel de gravedad:","Muy urgente, <10 minutos de espera.","Urgente, <60 minutos de espera.","Normal, <120 minutos de espera.","No urgente, <240 minutos de espera.",B,"Urgente, <60 minutos de espera.",No Legislación
Andalucía,2019,100,"100. Avanzar en la seguridad del paciente y la mejora de calidad de los cuidados es una prioridad para el SSPA, se han desarrollado las guías FASE, éstas se describen como: señala la opción correcta:","Fáciles, seguras y basadas en las últimas evidencias posibles.","Fáciles, accesibles y seguras.","Fáciles, seguras y basadas en las mejores evidencias posibles.","Fiables, accesibles, seguras y con las últimas evidencias posibles.",C,"Fáciles, seguras y basadas en las mejores evidencias posibles.",No Legislación
Andalucía,2019,101,"101. Como ayuda para establecer un criterio diagnóstico de sospecha de IC, se puede utilizar:",Los criterios diagnósticos de Framingham.,Test de Morisky-Green.,La escala de DUKE-INC.,Ninguna de las anteriores.,A,Los criterios diagnósticos de Framingham.,No Legislación
Andalucía,2019,102,102. La escala funcional NYHA (New York Heart Association) se utiliza para:,"Establecer la gravedad de la Insuficiencia Cardiaca, según la tolerancia al esfuerzo.",Establecer un pronóstico de la enfermedad.,A y B son ciertas.,Todas son falsas.,C,A y B son ciertas.,No Legislación
Andalucía,2019,103,"103. El papel de la enfermera en la atención a los pacientes con IC se centra en, señale la incorrecta:",La detección precoz de signos de descompensación y su abordaje.,Ajuste adecuado de la dosis de fármaco.,El fomento de la adherencia terapéutica y la promoción de hábitos de vida adecuados.,El apoyo emocional para el mejor afrontamiento de la enfermedad y la posible pérdida de funcionalidad.,B,Ajuste adecuado de la dosis de fármaco.,No Legislación
Andalucía,2019,104,"104. La escala europea de autocuidado en insuficiencia cardiaca es, señale la incorrecta:",Autoadministrada.,Permite detectar cambios en el grado de autocuidado tras una intervención educativa.,Utiliza una escala Likert del 1 al 5.,"Sirve exclusivamente, para hacer seguimiento de la adherencia a la medicación.",D,"Sirve exclusivamente, para hacer seguimiento de la adherencia a la medicación.",No Legislación
Andalucía,2019,105,"105. En el caso expuesto, Tomás tiene un pulso de 100 p/m en reposo, comprobaría si está tomando:",El betabloqueante.,El IECA.,El Diurético.,El ARA II.,A,El betabloqueante.,No Legislación
Andalucía,2019,106,"106.¿Cual es la dosis maxima de metformina que se puede tomar según el ""Protocolo para el seguimiento del tratamiento farmacológico individualizado de pacientes con diabetes tipo 2 con metformina)?:",425 mg.,850 mg.,1700 mg.,2550 mg.,D,2550 mg.,No Legislación
Andalucía,2019,107,"107. Si a nuestro paciente Tomás se le agudizara su EPOC, que sistema de administración inicial le recomendaría:",Cartucho presurizado.,Cartucho presurizado con cámara.,Terapia nebulizada.,Dispositivo de polvo seco.,B,Cartucho presurizado con cámara.,No Legislación
Andalucía,2019,108,"108. La oxigenoterapia crónica domiciliaria (OCD), señale la correcta:",Aumenta la supervivencia en pacientes con EPOC.,No reduce el número de exacerbaciones.,No mejora la capacidad de esfuerzo.,Aumenta la capacidad pulmonar.,A,Aumenta la supervivencia en pacientes con EPOC.,No Legislación
Andalucía,2019,109,109. La duración diaria de la oxigenoterapia crónica domiciliaria en EPOC se recomienda que debe ser al menos de:,16-18 h.,14-15 h.,10-12 h.,Hasta que disminuyan los síntomas de disnea.,A,16-18 h.,No Legislación
Andalucía,2019,110,"110. Cuando inspeccionamos los pies de Tomás nos encontramos que no tiene ulceraciones pero si tiene dificultades para la higiene y el cuidado de los mismos, lo calificaríamos como:",Riesgo bajo.,Riesgo moderado.,Riesgo alto.,Ausencia de riesgo.,B,Riesgo moderado.,No Legislación
Andalucía,2019,111,111. Se puede decir que la cuidadora está comenzando a tener un cansancio en el rol del cuidado. ¿qué factores no le sugerirían este diagnóstico?,Aumento de la dificultad para llevar a cabo las tareas requeridas.,Una puntuación de la escala de sobrecarga del cuidador- Test de Zarit- de 32.,El aislamiento de la cuidadora.,Una puntuación de 11 en el Índice de Esfuerzo del Cuidador.,B,Una puntuación de la escala de sobrecarga del cuidador- Test de Zarit- de 32.,No Legislación
Andalucía,2019,112,"112. ¿Qué condiciones debe reunir la situación de la cuidadora, para que, sea considerada cuidadora de gran discapacitado?",Que su marido necesite de cuidados paliativos de forma permanente.,Pasar de 5 a 7 horas en el domicilio de la persona a la que cuida.,Que la persona a la que cuida tenga una limitación que solo le permite deambular dentro del hogar.,Recibir ayuda de una cuidadora formal al menos 12 horas.,A,Que su marido necesite de cuidados paliativos de forma permanente.,No Legislación
Andalucía,2019,113,"113. En el caso que soliciten una ayuda de la Ley de Dependencia (La Ley 39/2006, de 14 de diciembre, de Promoción de la Autonomía Personal y Atención a las personas en situación de dependencia), ¿qué servicio no podría recibir?",Teleasistencia.,Ayuda a Domicilio.,Prestación económica alimenticia.,Centro de estancia nocturna.,C,Prestación económica alimenticia.,Legislación
Andalucía,2019,114,"114. El Índice de Barthel en la visita a domicilio tiene una puntuación de 35 y antes del ingreso hospitalario tenía una puntuación de 95, esto quiere decir que ha pasado de una:",Dependencia severa a dependencia total.,Dependencia moderada a dependencia total.,Dependencia moderada a severa.,Dependencia escasa a severa.,D,Dependencia escasa a severa.,No Legislación
Andalucía,2019,115,115. De los siguientes alimentos cual incrementa los niveles de glucosa en sangre,Aceite de oliva.,Manteca de cerdo.,Leche desnatada.,Margarina.,C,Leche desnatada.,No Legislación
Andalucía,2019,116,116. ¿Qué grupo de alimentos no aumenta los niveles de glucosa en sangre?,Verdura.,Legumbres.,Huevos.,Lácteos.,C,Huevos.,No Legislación
Andalucía,2019,117,"117. Si Tomás tuviera que inyectarse insulina que le recomendaría con respecto a las agujas de inyección de insulina, señale la afirmación correcta:",Se pueden reutilizar hasta 5 veces.,Se deben dejar puestas en el propio bolígrafo entre inyecciones.,"El tamaño de la aguja no importa, lo único importante es insertarla en ángulo de 45º.",Todas son falsas.,D,Todas son falsas.,No Legislación
Andalucía,2019,118,118. ¿Qué cuestionario utilizaríamos si quisiéramos evaluar a Tomás la actividades de la vida diaria instrumentales?,Índice de Barthel modificado por Granger.,Escala de Tinetti.,Índice de Katz.,Escala de Lawton y Brody.,D,Escala de Lawton y Brody.,No Legislación
Andalucía,2019,119,"119. La expresión de alarma, aprensión y sentimiento de temor que nos expresa María durante la visita en su domicilio, debido a que su hermano acaba de morir de un ictus, es una característica de:",Duelo.,Duelo complicado.,Riesgo de duelo complicado.,Temor.,D,Temor.,No Legislación
Andalucía,2019,120,120. Cuál de los siguientes es un factor de riesgo de caídas,Uso de silla de ruedas.,Anemia.,A y B son correctas.,A y B son incorrectas.,C,A y B son correctas.,No Legislación
Andalucía,2019,121,"121. Según el PAI EPOC, en la fase de hospitalización en pacientes con reagudización de la EPOC, los cuidados de dichos pacientes irán orientados a los siguientes criterios de resultados:",0005 Tolerancia a la actividad. 0402 Estado respiratorio: permeabilidad de vías respiratorias. 2508 Bienestar de el/la cuidador/a principal.,0002 Conservación de la energía. 0003 Descanso. 1805 Conocimiento: Conducta sanitaria.,1609 Conducta terapéutica: Enfermedad o lesión. 0501 Eliminación intestinal. 1603 Conductas de búsqueda de la salud.,Todos son ciertos.,D,Todos son ciertos.,No Legislación
Andalucía,2019,122,"122. Conforme a las recomendaciones de la guía FASE para la prevención de las úlceras por presión, al ingreso en planta se le evalúa el riesgo a desarrollar UPP. Tomás tiene un resultado en la escala Braden de 13 puntos, este valor representa: (señale la opción correcta)",Riesgo alto.,Riesgo medio.,Riesgo bajo.,La escala Braden no evalúa el riesgo a desarrollar UPP.,B,Riesgo medio.,No Legislación
Andalucía,2019,123,"123. La enfermera referente de Tomás decide tras entrevistarse con él y su esposa, realizar una valoración del estado nutricional y obtiene un MNA (Mini Nutritional Assessment) de 14 puntos, ¿qué refleja dicha puntuación?",Estado nutricional normal.,Riesgo de malnutrición.,Mal estado nutricional.,La escala MNA no existe.,C,Mal estado nutricional.,No Legislación
Andalucía,2019,124,"124. La enfermera referente se pone en contacto con la enfermera gestora de casos (EGC) ante la previsión de alta de Tomás para la semana próxima. La EGC cumplimenta la escala INTERMED, dando como resultado una puntuación de 41. La EGC tiene ante sí un caso de su cartera de clientes de: (seleccione la opción correcta)",Complejidad baja (> de 35 puntos).,Complejidad media (entre 35 y 50 puntos).,Complejidad alta (> de 39 puntos).,Complejidad baja (< de 50 puntos).,C,Complejidad alta (> de 39 puntos).,No Legislación
Andalucía,2019,125,"125.En el informe de Alta continúa activado el diagnostico ""00088 Deterioro de a ambulación"", ¿Cuál identificarias como factor relacionado?",Fuerza muscular insuficiente.,Obesidad.,Pérdida de la condición física.,Todas las opciones son correctas.,D,Todas las opciones son correctas.,No Legislación
Andalucía,2019,126,126. ¿A qué categoría del nivel de prevención estará asignado Miguel por sus antecedentes y factores de riesgo detectados?,Prevención secundaria.,Prevención primaria con riesgo vascular alto.,Prevención primaria con riesgo vascular bajo.,Prevención primaria en situación óptima.,B,Prevención primaria con riesgo vascular alto.,No Legislación
Andalucía,2019,127,127. ¿Qué no es considerado factor de riesgo vascular?,Sexo.,Tabaquismo.,Sedentarismo.,Antecedentes de enfermedad cardiovascular en familiares de 2º grado.,D,Antecedentes de enfermedad cardiovascular en familiares de 2º grado.,No Legislación
Andalucía,2019,128,"128. Tras nuestra valoración inicial, haríamos el siguiente diagnostico enfermero: (NANDA 2015-2017)",Protección ineficaz.,Gestión ineficaz de la salud.,Incumplimiento.,B y C son etiquetas diagnósticas adecuadas.,B,Gestión ineficaz de la salud.,No Legislación
Andalucía,2019,129,"129. ¿Qué intervenciones de enfermería estarían en consonancia con el diagnóstico enfermero, adecuadas al resultado que esperamos obtener en el paciente? Indique la INCORRECTA.",Ayuda en la modificación de sí mismo.,Establecimiento de objetivos comunes.,Facilitar el aprendizaje.,Conducta de adhesión: dieta saludable.,D,Conducta de adhesión: dieta saludable.,No Legislación
Andalucía,2019,130,130. Debemos estimar el grado de motivación al cambio y el nivel de riesgo antes de intervenir con Miguel. ¿Cuál es su estadio de cambio según el modelo de Prochaska y Di Clemente?,Precontemplación.,Contemplación.,Acción.,Negociación.,B,Contemplación.,No Legislación
Andalucía,2019,131,131. ¿Qué intervención sería la adecuada en este caso en función del nivel de riesgo y el estadio de cambio que muestra?,Intervención mínima.,Intervención intensiva.,Intervención básica con entrevista motivacional.,Revisión en 3 meses.,C,Intervención básica con entrevista motivacional.,No Legislación
Andalucía,2019,132,132. ¿Qué índice de Quetelec presenta Miguel?,23.,26.,32.,45.,C,32.,No Legislación
Andalucía,2019,133,133. ¿Qué etiqueta diagnóstica podemos aplicar en este caso? (NANDA 2015-2017),Desequilibrio nutricional por defecto.,Sobrepeso.,Desequilibrio nutricional por exceso.,Obesidad.,D,Obesidad.,No Legislación
Andalucía,2019,134,134. Según el documento de Consenso del 2007 de la SEEDO (Sociedad Española de Estudio de la Obesidad) en que categoría estaría nuestro paciente.,Obesidad Tipo Androide o Viscero-abdominal.,Sobrepeso Grado II.,Obesidad de Tipo II.,Obesidad Tipo I.,D,Obesidad Tipo I.,No Legislación
Andalucía,2019,135,135. ¿Cómo realizaría de forma correcta la medición del Perímetro de Cintura?,"Puede automedirse, se le indicaría al usuario como debe de realizarla y se le pediría que lo haga a primera hora de la mañana.","Se usará una cinta métrica flexible, milimetrada, con la persona en bipedestación, sin ropa y relajada. Se debe localizar el borde superior de las crestas iliacas y por encima de ese punto rodear la cintura con la cinta métrica de manera paralela al suelo, asegurando que la cinta esté ajustada pero sin comprimir la piel, la lectura se realiza al final de una espiración normal.","Se usará una cinta métrica flexible, milimetrada, con la persona en bipedestación, sin ropa y relajada. Se mide a la altura umbilical rodeando la cintura con la cinta métrica de manera paralela al suelo, asegurando que la cinta esté ajustada pero sin comprimir la piel, la lectura se realiza al final de una espiración normal.","Se usará una cinta métrica flexible, milimetrada, con la persona en bipedestación, sin ropa y relajada. Se debe localizar el borde superior de las crestas iliacas y por encima de ese punto rodear la cintura, haciendo coincidir la cinta con el orificio umbilical, asegurando que la cinta esté ajustada pero sin comprimir la piel, la lectura se realiza al final de una espiración normal.",B,"Se usará una cinta métrica flexible, milimetrada, con la persona en bipedestación, sin ropa y relajada. Se debe localizar el borde superior de las crestas iliacas y por encima de ese punto rodear la cintura con la cinta métrica de manera paralela al suelo, asegurando que la cinta esté ajustada pero sin comprimir la piel, la lectura se realiza al final de una espiración normal.",No Legislación
Andalucía,2019,136,"136. Con respecto al sobrepeso como factor de riesgo cardiovascular, una de las siguientes afirmaciones es falsa:","La obesidad periférica es más peligrosa que la central, ya que está más asociada a riesgos de enfermedad cardiovascular.",Eliminar o reducir al mínimo las grasas hidrogenadas.,Aconsejaremos perder peso si el perímetro de cintura es mayor de 102.,Aconsejaremos la restricción de la ingesta calórica total y ejercicio físico regular como elementos clave para el control del peso.,A,"La obesidad periférica es más peligrosa que la central, ya que está más asociada a riesgos de enfermedad cardiovascular.",No Legislación
Andalucía,2019,137,"137. ¿Se puede diagnosticar a Miguel como hipertenso, según la cifra de tensión arterial detectada?","Sí, pues con estas cifras podemos diagnosticar a cualquier sujeto de hipertenso.",Debemos confirma el diagnóstico con varias tomas en diferentes días.,"No, porque es obeso y estas cifras son normales.","Sí, porque la toma se ha realizado en las condiciones idóneas.",B,Debemos confirma el diagnóstico con varias tomas en diferentes días.,No Legislación
Andalucía,2019,138,138. Señale la respuesta incorrecta con respecto a las normas correctas en la toma de tensión arterial.,"El paciente debe estar sentado o en decúbito, cómodo y tan relajado como sea posible.",La primera toma de TA la haremos en ambos brazos y se considerará brazo control aquel que presente valores más bajos.,La bolsa inflable del manguito debe rodear el brazo y cubrir las dos terceras partes de su longitud.,"Aconsejaremos no tomar café, té u otros excitantes 60 minutos antes de la prueba.",B,La primera toma de TA la haremos en ambos brazos y se considerará brazo control aquel que presente valores más bajos.,No Legislación
Andalucía,2019,139,139. ¿En qué categoría clasificaremos un paciente con presiones arteriales en torno a 175/105 mmHg?,Normotenso.,HTA grado I.,HTA grado II.,HTA grado III.,C,HTA grado II.,No Legislación
Andalucía,2019,140,140. ¿Cuál de las siguientes medidas ha demostrado ser la más efectiva en la reducción de la Presión Arterial Sistólica?,Reducción del peso en unos 10 kg.,Reducir el consumo de sodio a no más de 2 gr. al día.,"Actividad física regular aeróbica, mínimo 30 minutos al día la mayoría de días de la semana.","Dieta rica en frutas, vegetales y baja en grasas totales y saturadas.",A,Reducción del peso en unos 10 kg.,No Legislación
Andalucía,2019,141,141. ¿Cuál es el consejo menos adecuado con respecto a la dieta que daríamos a Miguel?,Aconsejar consumir gaseosas no azucaradas.,Limitar alimentos precocinados y conservas.,Aconsejar consumir lácteos desnatados.,Hacer una dieta rica en frutas frescas y vegetales.,A,Aconsejar consumir gaseosas no azucaradas.,No Legislación
Andalucía,2019,142,"142. Entre los hábitos alimentarios asociados a un menor riesgo cardiovascular, y que debe recomendarse a la población general, no está incluido:","Fomentar el consumo de productos vegetales frescos, pescado y aceite de oliva.",Limitar la ingesta de grasa al 15% de la ingesta calórica total.,Limitar los productos ricos en azúcares refinados y carnes rojas.,Aconsejar el aceite de oliva como fuente principal de grasas.,B,Limitar la ingesta de grasa al 15% de la ingesta calórica total.,No Legislación
"Andalucía,2019,143,143. ¿Qué objetivos de Intervención intentarías plantearle al usuario según los CRITERIOS DE INTERVENCIÓN TERAPEUTICA SEGÚN EL CONSENSO SEEDO 2007?,Reducción de Peso > del 10% y control de comorbilidades. (Factores de RCV asociados).,""No propondríamos medidas de reducción de Peso, solo controlarlo durante 6 meses";" recomendaríamos actividad física."",Pérdida de Peso del 5%.,Ninguna es cierta.,A,Reducción de Peso > del 10% y control de comorbilidades. (Factores de RCV asociados).,No Legislación";
Andalucía,2019,144,144. Cuando hablamos de personas adultas sedentarias según la Guía de recomendaciones para la promoción de actividad física. Nos referimos a:,Aquellas que hacen vida cama-sillón.,Aquellas que no llegan a 150 minutos semanales de actividad física.,Aquellas que no realizan al menos 30 minutos cada día.,Este no es un término apropiado según esta guía.,B,Aquellas que no llegan a 150 minutos semanales de actividad física.,No Legislación
Andalucía,2019,145,145. ¿Qué recomendaciones realizaría a Miguel sobre la práctica de ejercicio? Indique la INCORRECTA.,Recomendaciones compatibles con los quehaceres diarios y de las que pueda disfrutar.,"Duración entre 30-45 minutos al día, 4 o 5 veces por semana.",Por su exceso de peso recomendaremos realizar de 60-90 minutos de actividad física diaria moderada.,Al 60-75% de la frecuencia cardiaca máxima.,C,Por su exceso de peso recomendaremos realizar de 60-90 minutos de actividad física diaria moderada.,No Legislación
Andalucía,2019,146,"146. El día que acude a Urgencias durante la valoración en Triaje, presenta una frecuencia cardiaca de 102 pulsaciones por minuto, frecuencia respiratoria de 19 respiraciones por minuto (refleja que empezó así en el restaurante), valor de la tensión arterial de 170/100, saturación de oxigeno de 94%, está sudoroso, con disconfort torácico y molestias retroesternales, dolor que no se modifica con la respiración. Según el sistema MTS de triaje (Clasificación de Manchester) ¿a qué nivel de atención o prioridad se asignará a Miguel?",Nivel 1.,Nivel 2.,Nivel 3.,Nivel 4.,B,Nivel 2.,No Legislación
Andalucía,2019,147,"147. ¿A qué tiempo de espera máximo, para la atención posterior al triaje, corresponde un nivel de urgencia 4?",0 minutos de espera.,< 15 minutos de espera.,< 60 minutos de espera.,< 120 minutos de espera.,D,< 120 minutos de espera.,No Legislación
Andalucía,2019,148,"148. A las 3 horas de llegar a Urgencias, Miguel es trasladado a la U.C. Intermedios Cardiacos tras la realización de un cateterismo. La enfermera referente realiza la cumplimentación de la Escala Maddox, conforme a los registros propuestos por la Guía FASE para la prevención de infecciones asociadas a uso de dispositivos",Grado 1.,Grado 2.,Grado 3.,Grado 4.,B,Grado 2.,No Legislación
Andalucía,2019,149,149. En este caso el diagnóstico 00153 Riesgo de baja autoestima situacional (NANDA 2015-2017) está relacionado con el factor de riesgo: (señale la correcta),Afrontamiento de problemas.,Alteración imagen corporal.,Control del riesgo.,Autonomía personal.,B,Alteración imagen corporal.,No Legislación
Andalucía,2019,150,150. ¿Qué Objetivo NOC (2014) corresponde al diagnóstico 00092 Intolerancia a la actividad?: (señala la opción correcta).,Manejo de la energía.,Cuidados cardiacos: rehabilitación.,Tolerancia de la actividad.,Manejo ambiental.,C,Tolerancia de la actividad.,No Legislación
Andalucía,2019,151,151. ¿Qué intervenciones de enfermería (NIC) se describen en el Proceso Asistencial Integrado ICTUS durante la fase de hospitalización para facilitar la autonomía del paciente?,"NIC 5602 Enseñanza: proceso de enfermedad, NIC 5612 Enseñanza: actividad/ejercicio prescrito, NIC 5616 Enseñanza: medicamentos prescritos.",NIC 7370 Planificación del alta.,"NIC 5614 Enseñanza: dieta prescrita, NIC 7040 Apoyo a el/la cuidador/a principal, NIC 7140 Apoyo a la familia.",Todas las respuestas son correctas.,D,Todas las respuestas son correctas.,No Legislación
Andalucía,2019,152,"152. PAI atención a pacientes pluripatológicos. Se realizará valoración de la sobrecarga de las personas que cuidan, con el índice de esfuerzo del cuidador en los casos: Señale la incorrecta.",Pacientes pluripatológicos con gran discapacidad: paciente con índice de Barthel superior a 60 puntos o test de Pfeiffer con más de 5 errores.,Sospecha de sobrecarga sentida.,Convivencia en el domicilio o pasar más de 10 horas en el mismo aunque no resida en él.,Pacientes pluripatológicos con gran discapacidad: paciente con índice de Barthel inferior a 60 puntos o test de Pfeiffer con más de 5 errores.,A,Pacientes pluripatológicos con gran discapacidad: paciente con índice de Barthel superior a 60 puntos o test de Pfeiffer con más de 5 errores.,No Legislación
Andalucía,2019,153,153. ¿Qué fase del ciclo PDCA descrito (ciclo de Deming) no es correcta?,Fase de Planificación: Tener definido hacia donde vamos (Plan).,Fase de Implantación: Hacer aquello que hemos planificado (DO).,Fase de Evaluación: Comprobar si lo hemos conseguido (Check).,Analizar de nuevo: Analizar las acciones correctoras (Ana).,D,Analizar de nuevo: Analizar las acciones correctoras (Ana).,No Legislación
Andalucía,2021,1,1. Es fundamento del orden político y de la paz social recogido en el artículo 10 de la Constitución Española,La dignidad de las Instituciones.,Los derechos de la ciudadanía.,El respeto a los derechos especiales.,El libre desarrollo de la personalidad.,D,El libre desarrollo de la personalidad.,Legislación
Andalucía,2021,2,"2. De acuerdo con lo establecido en el artículo 5 del Estatuto de Autonomía, gozan de la condición política de andaluces o andaluzas",Los ciudadanos españoles que tengan vecindad administrativa en cualquiera de los municipios de Andalucía.,Residentes en el extranjero que hayan tenido la última vecindad administrativa en Andalucía.,Residentes en el extranjero que hayan tenido la última vecindad administrativa en Andalucía y acrediten esta condición en el correspondiente Consulado de España.,Ninguna es correcta.,A,Los ciudadanos españoles que tengan vecindad administrativa en cualquiera de los municipios de Andalucía.,Legislación
Andalucía,2021,3,"3. El objeto de la Ley 13/2007 de 26 de noviembre, de medidas de prevención y protección integral contra la violencia de género es actuar contra...",Las actuaciones de prevención y de protección integral.,"Las acciones de detección, atención y recuperación.","La violencia que, como manifestación de la discriminación, la situación de desigualdad y las relaciones de poder de los hombres sobre las mujeres, se ejerce sobre éstas por el solo hecho de serlo.",Todas son correctas.,D,Todas son correctas.,Legislación
Andalucía,2021,4,"4. Según el artículo 4.2 de la Ley General de Sanidad, las Comunidades Autónomas crearán sus servicios de salud:",Dentro del marco de la Constitución y de sus respectivos Estatutos de Autonomía.,Dentro del marco de la Ley General de Sanidad y de sus respectivos Estatutos de Autonomía.,Dentro del marco de la Constitución y de la Ley General de Sanidad.,Dentro del marco de la Ley General de Sanidad y de las leyes que la desarrollen.,B,Dentro del marco de la Ley General de Sanidad y de sus respectivos Estatutos de Autonomía.,Legislación
Andalucía,2021,5,5. ¿Cuál de las siguientes expresiones es más correcta en relación con garantizar el cumplimiento del derecho a la información al paciente?,El médico responsable del paciente.,Los profesionales que le atiendan durante el proceso asistencial o le apliquen una técnica o un procedimiento concreto.,La dirección del Centro.,El jefe clínico del servicio asistencial en que se atiende al paciente.,B,Los profesionales que le atiendan durante el proceso asistencial o le apliquen una técnica o un procedimiento concreto.,No Legislación
Andalucía,2021,6,6. El desarrollo de las actividades de organización y prestación de los servicios necesarios para la gestión de la Atención a la Dependencia en Andalucía es competencia de:,Fundación Pública Andaluza Progreso y Salud.,Escuela Andaluza de Salud Pública.,Consejos de Salud de Área.,Agencia de Servicios Sociales y Dependencia de Andalucía.,D,Agencia de Servicios Sociales y Dependencia de Andalucía.,No Legislación
Andalucía,2021,7,7. ¿Qué se entiende por alerta sanitaria en la Ley de Salud Pública de Andalucía?,Al conjunto de medidas que se toman desde la Red de Alertas Sanitarias para la prevención de enfermedades y protección de la Salud.,Aquel sistema de información sanitaria que permite controlar peligros significativos en el ámbito de la protección de la salud.,Todo fenómeno de potencial riesgo para la salud de la población y/o de trascendencia social frente al que sea necesario desarrollar actuaciones de salud pública urgentes y eficaces.,Ninguna es correcta.,C,Todo fenómeno de potencial riesgo para la salud de la población y/o de trascendencia social frente al que sea necesario desarrollar actuaciones de salud pública urgentes y eficaces.,Legislación
Andalucía,2021,8,"8. En el marco de la Seguridad del Paciente, cuando se transfunde un concentrado de hematíes a un paciente al que no corresponde la bolsa de sangre y este fallece por una reacción hemolítica, esto debería clasificarse como un:",Cuasi-incidente.,Evento de Reason.,Evento centinela.,Error con graves consecuencias.,C,Evento centinela.,No Legislación
Andalucía,2021,9,"9. En los Sistemas de Gestión de la Calidad es comúnmente utilizado el ciclo de Deming, también conocido como ciclo PDCA como herramienta para la mejora continua de la calidad. Este ciclo está compuesto de estos cuatro pasos:",Planificar - Hacer - Verificar - Actuar.,Planificar - Identificar - Verificar - Actuar.,Planificar - Hacer - Identificar - volver a Planificar.,Planificar - Modificar - Hacer - Actuar.,A,Planificar - Hacer - Verificar - Actuar.,No Legislación
Andalucía,2021,10,10. ¿Cuál de los siguientes escenarios no forma parte del vigente Plan de Calidad del Sistema Sanitario Público de Andalucía?,Profesionales.,Espacio compartido.,Asociaciones de pacientes.,Ciudadanía.,C,Asociaciones de pacientes.,No Legislación
Andalucía,2021,11,"11. Según el Programa de Acreditación de Competencias Profesionales del SSPA, para poder iniciar el proceso de acreditación profesional como enfermera, en cualquiera de sus modalidades, se deberán cumplir los siguientes requisitos. Señala la incorrecta:","Poseer, al menos, una de las titulaciones de Diplomado/a o Graduado/a en Enfermería.",Encontrarse en situación de activo en el puesto de trabajo en el que desarrolla las competencias que solicita acreditar.,Tener plaza en propiedad con anterioridad al momento de presentación de la solicitud de acreditación.,Haber prestado servicios de manera ininterrumpida en ese puesto de trabajo durante al menos un año.,C,Tener plaza en propiedad con anterioridad al momento de presentación de la solicitud de acreditación.,No Legislación
Andalucía,2021,12,"12. En todos los Manuales de acreditación, las Competencias Profesionales están agrupadas en torno a 5 Bloques que dan respuesta al Modelo de Calidad del Sistema Sanitario Público Andaluz. Indica cuál de las opciones no es un bloque que se explore en la acreditación de competencias.",La eficiencia (uso eficiente de los recursos sanitarios).,"El ciudadano (satisfacción, participación y derechos).",Los resultados (orientación a resultados en el desempeño profesional).,La mejora continua (aplicación de ciclos de mejora continua en todos los procedimientos de la disciplina).,D,La mejora continua (aplicación de ciclos de mejora continua en todos los procedimientos de la disciplina).,No Legislación
Andalucía,2021,13,"13. En el proceso de acreditación profesional de nuestra Comunidad, en función de los porcentajes de evidencias demostrados u obtenidos en cada uno de los grupos de evidencias (Grupo I, II y III), el resultado podrá ser la Certificación en grado Avanzado, Experto o Excelente. El porcentaje de evidencias requerido para obtener el GRADO DE EXPERTO es:","El 70% del grupo I, incluyendo todos los obligatorios.","El 70% del grupo I, incluyendo todos los obligatorios y el 70% del grupo II.","El 70% del grupo I, incluyendo todos los obligatorios y el 50% del grupo II.","El 80% del grupo I, incluyendo todos los obligatorios, el 70% del grupo II y el 60% del grupo III.",B,"El 70% del grupo I, incluyendo todos los obligatorios y el 70% del grupo II.",No Legislación
Andalucía,2021,14,"14. Para el ejercicio de una profesión sanitaria será necesario cumplir las obligaciones y requisitos previstos en el ordenamiento jurídico vigente. En todo caso, para ejercer una profesión sanitaria, será requisito:",No es necesario estar colegiado pero es útil para realizar actividades de formación.,"Estar colegiado, cuando una ley estatal establezca esta obligación para el ejercicio de una profesión titulada o algunas actividades propias de estas.",Estar colegiado cuando así lo establezca una ley propia de la Comunidad Autónoma correspondiente.,Estar colegiado en caso de desarrollar la actividad propia de la profesión sanitaria titulada en el ámbito de la sanidad pública.,B,"Estar colegiado, cuando una ley estatal establezca esta obligación para el ejercicio de una profesión titulada o algunas actividades propias de estas.",Legislación
Andalucía,2021,15,15. El derecho a la Garantía de plazos de respuesta en el Sistema Sanitario Público de Andalucía incluye plazos de respuesta para determinados procedimientos. ¿Cuál de los siguientes no está recogido en este derecho?,Intervenciones quirúrgicas.,Primeras consultas.,Procedimientos diagnósticos.,Segunda opinión médica.,D,Segunda opinión médica.,No Legislación
Andalucía,2021,16,"16. Los usuarios del Sistema Sanitario Público de Andalucía tienen derecho a solicitar una segunda opinión médica, pero existen algunas limitaciones al ejercicio de este derecho. ¿Cuál de las siguientes opciones no está contemplada?",Si el paciente requiere tratamiento urgente o inmediato.,Si el paciente ha efectuado anteriormente otra solicitud de segunda opinión para el mismo proceso asistencial.,Si se trata de una recidiva de un proceso oncológico maligno ya diagnosticado.,Si la enfermedad ha sido diagnosticada en un centro no dependiente del Sistema Sanitario Público de Andalucía.,C,Si se trata de una recidiva de un proceso oncológico maligno ya diagnosticado.,No Legislación
Andalucía,2021,17,"17. Según la Ley 5/2003, de 9 de octubre, de declaración de voluntad vital anticipada, su autor podrá manifestar:","Las opciones e instrucciones, expresas y previas, que, ante circunstancias clínicas que le impidan manifestar su voluntad, deberá respetar el personal sanitario responsable de su asistencia.","La designación de un representante, plenamente identificado, que será quien le sustituya en el otorgamiento del consentimiento informado cuando proceda.",Su decisión respecto de la donación de sus órganos.,Todas son ciertas.,D,Todas son ciertas.,Legislación
Andalucía,2021,18,"18. En el análisis poblacional, ¿cómo se denomina el balance entre nacimientos y defunciones en Demografía Sanitaria?",Saldo o crecimiento vegetativo.,Saldo o crecimiento migratorio.,Saldo o crecimiento poblacional.,Saldo o crecimiento demográfico.,A,Saldo o crecimiento vegetativo.,No Legislación
Andalucía,2021,19,19. ¿Cuál de los siguientes grupos de indicadores no pueden considerarse indicadores demográficos básicos para el Instituto Nacional de Estadística?,Natalidad.,Condiciones de vida.,Nupcialidad.,Crecimiento y Estructura de la Población.,B,Condiciones de vida.,No Legislación
Andalucía,2021,20,"20. Durante el año 2021, 360 de los 6.000 pacientes ingresados en un centro hospitalario desarrollaron durante su ingreso una herida relacionada con la dependencia. Se podría decir que este centro presentó:",Una incidencia de heridas relacionadas con la dependencia del 6%.,Una incidencia acumulada de heridas relacionadas con la dependencia del 6%.,Una prevalencia de heridas relacionadas con la dependencia del 6%.,Una tasa de incidencia acumulada en el último año de heridas relacionadas con la dependencia del 6%.,B,Una incidencia acumulada de heridas relacionadas con la dependencia del 6%.,No Legislación
Andalucía,2021,21,"21. En el análisis de una distribución, si queremos saber si dos variables cualitativas son independientes o están relacionadas y que por lo tanto una dependa o no de la otra, debemos realizar la prueba:",T de Student.,Índice de correlación de Pearson.,F de Snedecor.,Chi Cuadrado.,D,Chi Cuadrado.,No Legislación
Andalucía,2021,22,"22. En el seno de un proyecto de investigación, las variables nominales se consideran variables:",Ordinales.,Cuantitativas discretas.,Cuantitativas continuas.,Cualitativas.,D,Cualitativas.,No Legislación
Andalucía,2021,23,"23. Para diseñar una estrategia de búsqueda bibliográfica una de las mejores opciones es formular una pregunta clínica estructurada, dividida en componentes. Son las denominadas preguntas PICO, que incluyen:","Paciente, intervención, comparativa y objetivos.","Problema, intervención, comparativa y objetivo.","Paciente, intervención, comparativa y resultado.","Problema, indicación, comparativa y resultado.",C,"Paciente, intervención, comparativa y resultado.",No Legislación
Andalucía,2021,24,24. ¿Cuál de las siguientes opciones no es un diseño específico de la investigación cualitativa?,Diseño ecológico.,Diseño fenomenológico.,Diseño etnográfico.,Diseño narrativo.,A,Diseño ecológico.,No Legislación
Andalucía,2021,25,"25. En diseños de investigación cualitativa que no impliquen la interacción directa de los investigadores con los pacientes, sería cierto que:",No es necesario solicitar autorización al Comité de Ética de la Investigación biomédica correspondiente.,En toda investigación es necesario solicitar autorización al Comité de Ética de la Investigación biomédica correspondiente.,Solo se solicitaría autorización al Comité de Ética de la Investigación biomédica correspondiente si cabe la posibilidad de que se produzca interacción o intervención con los pacientes.,Ninguna es cierta.,B,En toda investigación es necesario solicitar autorización al Comité de Ética de la Investigación biomédica correspondiente.,No Legislación
Andalucía,2021,26,26. ¿Para qué se utiliza la complejidad del Case-mix en la gestión de un hospital?,Para calcular costes por clasificación de pacientes.,Para elaborar programas de salud.,Para analizar problemas detectados.,Para realizar un mapeado de procesos.,A,Para calcular costes por clasificación de pacientes.,No Legislación
Andalucía,2021,27,27. Podemos definir la Prevención Cuaternaria como:,Las intervenciones que tienen como objetivo principal el impedir o retrasar el desarrollo de una enfermedad.,Las intervenciones que tienen como objetivo promover hábitos y estilos de vida saludables.,Las intervenciones que evitan o atenúan las consecuencias de la actividad innecesaria o excesiva del sistema sanitario.,Las intervenciones que tienen como objetivo eliminar o reducir las consecuencias del desarrollo de una enfermedad ya instaurada.,C,Las intervenciones que evitan o atenúan las consecuencias de la actividad innecesaria o excesiva del sistema sanitario.,No Legislación
Andalucía,2021,28,28. La autoexploración mamaria se considera una medida de prevención:,Primaria.,Secundaria.,Terciaria.,Cuaternaria.,B,Secundaria.,No Legislación
Andalucía,2021,29,29. La esperanza de vida al nacimiento en un determinado país se considera un indicador:,Demográfico.,Socioeconómico.,Del nivel de salud.,Medioambiental.,C,Del nivel de salud.,No Legislación
Andalucía,2021,30,"30. En el marco de los Procesos Asistenciales Integrados (PAI) de la Consejería de Salud y Familias de la Junta de Andalucía, ¿cuál de los siguientes no es un proceso de soporte?",Laboratorios clínicos.,Técnicas de imagen.,Nutrición clínica y dietética.,Documentación clínica.,D,Documentación clínica.,No Legislación
Andalucía,2021,31,"31. Según el Examen de Salud de mayores de 65 años, los grados de dependencia funcional se corresponderían con:",Un test de Barthel de 0-60 puntos o Índice de Katz F-G.,Un test de Barthel de 0-50 puntos o Índice de Katz B-C.,Un test de Barthel de 0-60 puntos y Índice de Katz H-I.,Ninguna es correcta.,D,Ninguna es correcta.,No Legislación
Andalucía,2021,32,"32. En el Sistema Sanitario Público de Andalucía, el acceso a la historia clínica en el caso de los menores de edad, se regirá por lo siguiente:","Hasta los 12 años: la madre, padre o representante legal podrán acceder a la historia clínica a través del procedimiento que reglamentariamente se determine.","Hasta los 14 años: la madre, padre o representante legal podrán acceder a la historia clínica a través del procedimiento que reglamentariamente se determine.","Hasta los 16 años: la madre, padre o representante legal podrán acceder a la historia clínica a través del procedimiento que reglamentariamente se determine.",Ninguna es correcta.,C,"Hasta los 16 años: la madre, padre o representante legal podrán acceder a la historia clínica a través del procedimiento que reglamentariamente se determine.",Legislación
Andalucía,2021,33,33. Señala la respuesta que define el Principio de Autonomía en términos de Bioética:,"Debe minimizarse la posibilidad de realizar un daño o perjuicio físico, psicológico, moral, económico o social innecesario a las personas o colectivos de personas, que es el que no es adecuadamente compensado por los potenciales beneficios de las posibles actuaciones.","Debe procurarse un reparto equitativo de los beneficios y las cargas, facilitando un acceso no discriminatorio, adecuado y suficiente de las personas y comunidades a los recursos disponibles, y un uso eficiente de los mismos.",Debe respetarse que las personas y las comunidades gestionen su propia vida y tomen decisiones respecto a su salud y su enfermedad de manera informada.,"Debe promocionarse el bienestar de las personas y las comunidades, cuidándoles y ayudándoles para que realicen su propio proyecto de vida en la medida de lo posible.",C,Debe respetarse que las personas y las comunidades gestionen su propia vida y tomen decisiones respecto a su salud y su enfermedad de manera informada.,No Legislación
Andalucía,2021,34,"34. Las funciones de la enfermera referente hospitalaria en el Sistema Sanitario Público de Andalucía, entre otras, son:",Realizar la valoración integral de la persona.,Identificarse como tal en el primer contacto con la persona.,Es la responsable del control de todo el proceso de cuidados de la persona.,Todas son correctas.,D,Todas son correctas.,No Legislación
Andalucía,2021,35,"35. Dentro de la Estrategia de Cuidados de Andalucía se ha creado un nuevo rol profesional de Enfermería, con un perfil de competencias avanzado para dar respuesta a las nuevas demandas de atención sanitaria. Indica cuál de las siguientes figuras profesionales de competencias avanzadas, es incorrecta:",Enfermera Avanzada de Cuidados Paliativos (ECP).,Enfermera referente para la atención ambulatoria del paciente con enfermedad renal crónica avanzada (ERCA).,Enfermera de Práctica Avanzada en Cuidados Oncológicos.,Enfermera de Práctica Avanzada en Geriatría.,D,Enfermera de Práctica Avanzada en Geriatría.,No Legislación
Andalucía,2021,36,36. ¿Qué pacientes pueden ser incluidos en la telecontinuidad de cuidados mediante seguimiento telefónico al alta del hospital?,Pacientes mayores de 80 años con medicación inyectable en el domicilio.,Pacientes menores de edad que son dados de alta desde el hospital los fines de semana.,"Pacientes frágiles que son dados de alta desde las unidades de hospitalización durante todos los fines de semana del año, festivos y vísperas que dan su consentimiento para ello.",Todas las respuestas son correctas.,C,"Pacientes frágiles que son dados de alta desde las unidades de hospitalización durante todos los fines de semana del año, festivos y vísperas que dan su consentimiento para ello.",No Legislación
Andalucía,2021,37,"37. Cuando hablamos de las etapas del Proceso de Enfermería, es FALSO que:",En la etapa de Ejecución se llevan a cabo las intervenciones y se vuelve a valorar para determinar la respuesta de la persona.,En la etapa de Planificación se recogen los datos sobre el estado de salud.,La etapa de Evaluación mide si la persona ha logrado los resultados esperados.,La etapa de Diagnóstico es el eje central del proceso enfermero.,B,En la etapa de Planificación se recogen los datos sobre el estado de salud.,No Legislación
Andalucía,2021,38,"38. ¿Cuál es la teoría de desarrollo humano cuyos rasgos principales son: que es un proceso constructivo, que presenta una interacción contínua entre hombre y medio y donde el sujeto elabora estructuras que va cambiando a lo largo del desarrollo?",Teoría de Piaget.,Teoría de Vigotski.,Teoría cognitiva.,Teoría de la transformación.,A,Teoría de Piaget.,No Legislación
Andalucía,2021,39,"39. Cuando se valora el entorno familiar de una persona y se diagnostica un problema de ""Afrontamiento familiar comprometido"" es porque se identifica alguna de las siguientes características definitorias:",Abandono.,"Conducta protectora de la persona de referencia, incongruente con las necesidades de autonomía del paciente.",Indiferencia hacia las necesidades del paciente.,Desatención de las necesidades básicas del paciente.,B,"Conducta protectora de la persona de referencia, incongruente con las necesidades de autonomía del paciente.",No Legislación
Andalucía,2021,40,"40.¿Qué instrumento de valoración NO aporta datos de interés, para valorar el patrón funcional ""Rol-Relaciones""?",Cuestionario Apgar Familiar.,Cuestionario DUKE-UNC.,Escala de valoración socio-familiar.,Test de Yesavage.,D,Test de Yesavage.,No Legislación
Andalucía,2021,41,41. ¿Cuál de las siguientes autoras desarrolló una teoría de enfermería sobre el Déficit de Autocuidado?,Dorothea Orem.,Callista Roy.,Hildegard Peplau.,Madeleine Leininger.,A,Dorothea Orem.,No Legislación
Andalucía,2021,42,42. La Organización Mundial de la Salud define la Promoción de la Salud como:,"Las medidas destinadas a prevenir la aparición de la enfermedad, detener su avance y atenuar sus consecuencias una vez establecida.",El proceso que permite a las personas incrementar el control sobre su salud para mejorarla.,La consecución de un nivel de salud que permite llevar a todas las personas una vida social y económicamente productiva.,"La ciencia y el arte de promover la salud, prevenir la enfermedad y prolongar la vida mediante esfuerzos organizados de la sociedad.",B,El proceso que permite a las personas incrementar el control sobre su salud para mejorarla.,No Legislación
Andalucía,2021,43,"43. Respecto a la entrevista motivacional, señale la opción incorrecta:",Es importante conseguir que el paciente verbalice sus discrepancias.,Ayuda al paciente a encontrar sus propias motivaciones para el cambio.,El profesional argumenta y discute con el paciente sobre la conveniencia y necesidad de modificar la conducta.,Trata de persuadir al paciente para que se plantee cambios en salud.,C,El profesional argumenta y discute con el paciente sobre la conveniencia y necesidad de modificar la conducta.,No Legislación
Andalucía,2021,44,44. Con respecto a la comunicación eficaz con el paciente/cuidadora:,"El profesional de Enfermería debe adoptar una actitud empática, comprendiendo y trasmitiendo esa empatía y comprensión.","Las fases del proceso de empatizar son: fase de identificación, de incorporación y repercusión y fase de separación.","Debemos respetar al paciente, retirando aquellos sentimientos, actitudes o juicios nocivos de valor, brindando asertividad y practicando la escucha activa.",Todas son correctas.,D,Todas son correctas.,No Legislación
Andalucía,2021,45,"45. Según el vigente Plan de Gestión de Residuos del Servicio Andaluz de Salud, los residuos de vacunas contra el COVID-19 de ARNm, deben tratarse como:",Residuos generales asimilables a urbanos. Grupo I.,Residuos sanitarios asimilables a urbanos. Grupo II.,Residuos peligrosos de origen sanitario. Grupo III.,Residuos peligrosos de origen no sanitario. Grupo V.,C,Residuos peligrosos de origen sanitario. Grupo III.,No Legislación
Andalucía,2021,46,46. ¿Cuál de las siguientes vitaminas es liposoluble?,Vit D.,Vit A.,Vit K.,Todas son liposolubles.,D,Todas son liposolubles.,No Legislación
Andalucía,2021,47,47. ¿Cuál de los siguientes es un efecto adverso del consumo continuado de corticoides?,Glaucoma.,Insomnio.,Retención hidrosalina.,Todas son efectos adversos.,D,Todas son efectos adversos.,No Legislación
Andalucía,2021,48,48. ¿Cuál de las siguientes soluciones puede mezclarse (compartir el mismo acceso venoso) en una transfusión de hemoderivados?,Solución de Ringer lactato.,Solución glucosalina al 5%.,"Suero fisiológico al 0,9%.",Suero glucosado al 5%.,C,"Suero fisiológico al 0,9%.",No Legislación
Andalucía,2021,49,"49. ¿Cuál de las siguientes opciones no es correcta, atendiendo a la Guía Farmacoterapéutica de Hospital del SSPA?",La digoxina y la amiodarona se podrán administrar por vía oral o parenteral.,La digoxina será uno de los medicamentos de elección en casos de fibrilación auricular y taquicardia paroxística supraventricular.,La adenosina es el fármaco de elección en casos de bradicardia sinusal severa.,Se usará la dopamina y la dobutamina por vía parenteral en casos de insuficiencia cardíaca.,C,La adenosina es el fármaco de elección en casos de bradicardia sinusal severa.,No Legislación
Andalucía,2021,50,"50. En cuanto a la toxicidad y efectos colaterales de los fármacos, hay que tener en cuenta diversos factores. Señale la correcta:",Los medicamentos antiepilépticos no alteran el sentido del gusto.,Los medicamentos anticolinérgicos no producen estreñimiento.,La cafeína aumenta los efectos adversos de fármacos estimulantes.,"La administración de medicamentos es independiente de la edad, sexo y estado nutricional.",C,La cafeína aumenta los efectos adversos de fármacos estimulantes.,No Legislación
Andalucía,2021,51,"51. La seguridad del paciente es un principio fundamental del Sistema Sanitario Público de Andalucía, que se desarrolla en el marco de su Plan Estratégico de Calidad. En el año 2019 se publica La Estrategia para la Seguridad del Paciente del SSPA, que define el Evento Adverso como:",Suceso o circunstancia que ha ocasionado un daño innecesario a un paciente como consecuencia de la atención sanitaria.,"Cualquier acontecimiento adverso prevenible que ocurra durante el uso de un medicamento, produzca daño al paciente o no.",Existencia de cualquier modificación cualitativa o cuantitativa del efecto de un medicamento debido a la coadministración de otro.,Es un error de prescripción donde existen prescripciones activas de al menos dos principios activos del mismo subgrupo terapéutico.,A,Suceso o circunstancia que ha ocasionado un daño innecesario a un paciente como consecuencia de la atención sanitaria.,No Legislación
Andalucía,2021,52,"52. A un paciente en Seguimiento Protocolizado del Tratamiento Farmacológico Individualizado en Riesgo Vascular tratado con simvastatina de 40 mg/24horas por vía oral, como estatina de elección por hipercolesterolemia, la enfermera debe recomendarle que tome el fármaco:",Al menos media hora antes del desayuno en dosis única.,20 mg en desayuno y 20 mg en almuerzo.,20 mg en desayuno y 20 mg en la cena.,Por la noche en dosis única.,D,Por la noche en dosis única.,No Legislación
Andalucía,2021,53,53. ¿Cuál de las siguientes afirmaciones no es correcta en relación a la perfusión intravenosa de sueroterapia?,1 ml equivale a 20 gotas.,Para perfundir 100 cc en 1 hora necesitaré una velocidad de perfusión de 33 gotas/min.,"Para perfundir 3.000 cc de suero en 24 horas, necesitaré una velocidad de perfusión de 42 gotas/min.",1 gota equivale a 5 microgotas.,D,1 gota equivale a 5 microgotas.,No Legislación
Andalucía,2021,54,"54. Atendiendo a las recomendaciones sobre hábitos saludables en Atención Primaria de nuestra Comunidad, el Método del plato de Harvard establece la siguiente proporción de tipos de alimentos:","Un cuarto del plato de fruta, otro de verdura, otro de cereales (preferentemente integrales) y otro de proteínas.","La mitad del plato de verduras, un cuarto de cereales (preferentemente integrales) y fruta y otro de proteínas.","La mitad del plato de frutas y verduras, un cuarto de cereales (preferentemente integrales) y otro cuarto de proteínas.",Ninguna de las proporciones es correcta.,C,"La mitad del plato de frutas y verduras, un cuarto de cereales (preferentemente integrales) y otro cuarto de proteínas.",No Legislación
Andalucía,2021,55,55. ¿Cuál de las siguientes opciones NO es una recomendación sobre la dieta para el tratamiento de la obesidad?,Disminuir de 500-600 kcal/día sobre la ingesta habitual.,"El plan de alimentación propuesto debe adaptarse a las preferencias de cada paciente, y ha de estar planificado para facilitar la adherencia a largo plazo.","La distribución de macronutrientes de la dieta se corresponde con 45-55% de hidratos de carbono, 15-25% de grasas totales y 25-35% de proteínas.",La disminución del tamaño de las raciones consumidas y/o de la densidad energética de la dieta son medidas estratégicas efectivas para disminuir el peso en pacientes obesos.,C,"La distribución de macronutrientes de la dieta se corresponde con 45-55% de hidratos de carbono, 15-25% de grasas totales y 25-35% de proteínas.",No Legislación
Andalucía,2021,56,"56. En cuanto a las características de la dieta hiperproteica (DHP), señale la opción incorrecta:",Induce mayor pérdida de peso a largo plazo que una dieta convencional rica en hidratos de carbono.,Favorece la preservación de la masa magra mejor que una dieta rica en hidratos de carbono.,Puede inducir a corto plazo mayor pérdida de peso que una dieta convencional rica en hidratos de carbono.,"Pueden incrementar a largo plazo el riesgo de mortalidad, fundamentalmente cuando la proteína es de origen animal.",A,Induce mayor pérdida de peso a largo plazo que una dieta convencional rica en hidratos de carbono.,No Legislación
Andalucía,2021,57,57. Al realizar la valoración nutricional se observa un MNA (Mini Nutritional Assessment) de 15 puntos. ¿Qué significa dicha puntuación?,Estado nutricional normal.,Riesgo de malnutrición.,Malnutrición.,Desnutrición.,C,Malnutrición.,No Legislación
Andalucía,2021,58,58. Indica cuál de los siguientes es un instrumento de cribado para la detección de la malnutrición en adultos:,BARBER.,MUST.,BRASS.,BRADEN.,B,MUST.,No Legislación
Andalucía,2021,59,59. ¿Cuál de los siguientes es un criterio de hospitalización de una persona con trastorno mental grave (TMG) en una Comunidad Terapéutica en Andalucía?,Cuando los ingresos de su entorno familiar (salario social) no alcanzan el 80% del salario mínimo interprofesional.,Compromiso del estado general de la persona.,Cuando sus cuidadores son de edad avanzada.,Todos son criterios de hospitalización.,B,Compromiso del estado general de la persona.,No Legislación
Andalucía,2021,60,60. Entre los tratamientos financiados por el Servicio Andaluz de Salud para el tratamiento farmacológico de la deshabituación tabáquica se encuentra:,Terapia sustitutiva con nicotina en presentación de parches.,Bupropion.,Terapia sustitutiva con nicotina en presentación de spray oral.,Ninguna de las opciones es correcta.,B,Bupropion.,No Legislación
Andalucía,2021,61,"61. En la potenciación de estrategias farmacológicas específicas contra el tabaquismo, ¿qué opción NO corresponde con la terapia sustitutiva con nicotina (TSN)?",La cantidad de nicotina suministrada tiene que ser suficiente para evitar la aparición del síndrome de abstinencia.,La cantidad de nicotina administrada tiene que ser adecuada para no producir una dependencia superior a la del cigarrillo.,"La administración se puede realizar por diferentes vías: cigarrillos electrónicos de vapeo, chicles, parches, inhaladores y tabletas sublinguales.",La duración en el tiempo tiene que ser limitada.,C,"La administración se puede realizar por diferentes vías: cigarrillos electrónicos de vapeo, chicles, parches, inhaladores y tabletas sublinguales.",No Legislación
Andalucía,2021,62,"62. Según la última actualización del ERC 2021 (European Resuscitation Council) sobre las nuevas recomendaciones para la reanimación (RCP), los puntos claves a seguir en el Soporte Vital Avanzado en el Adulto serán todas las siguientes, excepto:","La prioridad son las compresiones torácicas de alta calidad con las mínimas interrupciones posibles, la desfibrilación precoz y el tratamiento de las causas reversibles.","Para garantizar la permeabilidad de la vía aérea se procederá, de la forma más precoz posible, a la intubación endotraqueal.",Se administrará adrenalina precozmente para la parada cardíaca no desfibrilable.,"En pacientes seleccionados, si es factible, se considerará la RCP extracorpórea como terapia de rescate cuando el soporte vital avanzado fracase.",B,"Para garantizar la permeabilidad de la vía aérea se procederá, de la forma más precoz posible, a la intubación endotraqueal.",No Legislación
Andalucía,2021,63,"63. Una lesión en la piel que se caracteriza por estar circunscrita, elevada y sólida, con un tamaño inferior a 10 mm de diámetro se denomina:",Pápula.,Mácula.,Nódulo.,Vesícula.,A,Pápula.,No Legislación
Andalucía,2021,64,"64. En la atención inicial y cuidados que debemos realizar a un gran quemado, indique la que no es correcta:",Canalizar vía venosa y asegurar la vía aérea valorando la intubación orotraqueal.,Reponer volumen con una solución de glucosa al 5% para asegurar una diuresis aproximada de 50 ml/h.,Prevenir la hipotermia envolviendo en sábanas limpias y abrigando al quemado.,Calcular la superficie quemada y valorar la profundidad de las mismas.,B,Reponer volumen con una solución de glucosa al 5% para asegurar una diuresis aproximada de 50 ml/h.,No Legislación
Andalucía,2021,65,"65. En una cardioversión sincronizada, ¿con qué onda del EKG coincide la descarga eléctrica?",Con la onda R.,Con la onda P.,Con la onda T.,"Con cualquiera de las anteriores, es indiferente ya que la cardioversión no necesita de sincronización.",A,Con la onda R.,No Legislación
Andalucía,2021,66,66. ¿Qué posición de seguridad se recomienda a un paciente en caso de accidente con pérdida de conocimiento y riesgo de vómitos?,Fowler.,Sims.,Rose.,Tredelenburg.,B,Sims.,No Legislación
Andalucía,2021,67,"67. Entre las características clínicas de osteomielitis en una úlcera del pie, NO se encuentra:",Reacción inflamatoria aguda de la zona perilesional.,La visualización del hueso en la base de la úlcera.,Es posible contactar con el hueso mediante una sonda.,La supuración y fistulización mantenida en el tiempo.,A,Reacción inflamatoria aguda de la zona perilesional.,No Legislación
Andalucía,2021,68,68. La primera opción para el tratamiento de la úlcera de etiología venosa es:,La cura en ambiente húmedo.,La terapia compresiva.,Establecer una pauta de cura diaria.,El tratamiento farmacológico.,B,La terapia compresiva.,No Legislación
Andalucía,2021,69,"69. Viene a la consulta de vacunas María, que tiene 19 años y no ha pasado la varicela. Según el PVA (Plan de Vacunación Andaluz), ¿la vacunamos frente a la varicela?",No la vacunamos porque tiene más de 12 años.,"La vacunamos con dos dosis, separadas por un intervalo mínimo de 4 semanas.","La vacunamos con dos dosis, separadas por un intervalo de 6 meses.",Todas son falsas.,B,"La vacunamos con dos dosis, separadas por un intervalo mínimo de 4 semanas.",No Legislación
Andalucía,2021,70,"70. ¿Cuál de los siguientes puntos NO está incluido en el ""Decálogo de la cadena de frío"" publicado por el Comité Asesor de Vacunas de la Asociación Española de Pediatría?","Debe existir en cada centro sanitario la figura de un coordinador (y un sustituto) que sea responsable de la conservación, manipulación y almacenamiento de las vacunas.",El mantenimiento de la cadena de frío de las vacunas es una condición fundamental para garantizar la efectividad del programa de inmunización.,La temperatura óptima de conservación para lograr el efecto protector y evitar reacciones no deseables se encuentra entre -2°C y +8°C.,"Cualquier alteración en la cadena de frío puede ocasionar la pérdida de la capacidad inmunizante que es acumulativa, permanente, no se recupera y se incrementa con el tiempo de exposición.",C,La temperatura óptima de conservación para lograr el efecto protector y evitar reacciones no deseables se encuentra entre -2°C y +8°C.,No Legislación
Andalucía,2021,71,71. Entre los principales determinantes sociales de la salud se encuentra:,Sistema sanitario.,Género.,Etnia.,Todas son correctas.,D,Todas son correctas.,No Legislación
Andalucía,2021,72,"72. Para el diagnóstico precoz de Displasia Evolutiva de la Cadera, marque la opción FALSA:","Se realiza la exploración de caderas, abducción y asimetrías en todos los controles de salud hasta la correcta deambulación.","Tras el periodo neonatal precoz, está indicado utilizar la maniobra de Ortolani y de Barlow por su alta sensibilidad.",El clic de cadera debe ser considerado un hallazgo normal.,"Ante una exploración anormal entre las 4-8 semanas de vida, se realizará ecografía de cadera.",B,"Tras el periodo neonatal precoz, está indicado utilizar la maniobra de Ortolani y de Barlow por su alta sensibilidad.",No Legislación
Andalucía,2021,73,73. Señala la respuesta incorrecta en relación a los signos/síntomas de la deshidratación en pediatría:,Se considerará como deshidratación grave cuando el porcentaje de pérdida de peso sea mayor de 9%.,Se considerará como deshidratación leve cuando el porcentaje de pérdida de peso está entre el 5%-9%.,Taquicardia y taquipnea son signos de deshidratación.,El relleno capilar mayor de 2 segundos es un signo de shock clínico por deshidratación.,B,Se considerará como deshidratación leve cuando el porcentaje de pérdida de peso está entre el 5%-9%.,No Legislación
Andalucía,2021,74,74. ¿Qué signo debe alertarnos en una visita de seguimiento infantil en nuestra comunidad autónoma?,Ausencia de sedestación a los 6 meses.,Ausencia de volteo a los 6 meses.,Persistencia del reflejo de Moro a los 3 meses.,Presencia de asimetrías posturales.,D,Presencia de asimetrías posturales.,No Legislación
Andalucía,2021,75,75. ¿Cuál de los siguientes fármacos es un broncodilatador de acción corta?,Salbutamol.,Terbutalina.,Budesonida.,A y B son correctos.,D,A y B son correctos.,No Legislación
Andalucía,2021,76,"76. Hay situaciones en las que es necesaria la extracción de la leche materna para un uso posterior. En estos casos, la leche se puede mantener:",Sin refrigerar durante 6-8 horas si la temperatura ambiente es inferior a 29ºC.,Entre 5 y 8 días refrigerada de 0ºC a 4ºC.,De 3-6 meses correctamente congelada.,Todos los supuestos anteriores son correctos.,D,Todos los supuestos anteriores son correctos.,No Legislación
Andalucía,2021,77,"77. Atendiendo al Programa de Salud Infantil y Adolescente de Andalucía (PSIA-A), ¿cuál de las siguientes afirmaciones es incorrecta respecto a la lactancia materna?","Durante el primer mes conviene que el bebé lacte a menudo (un mínimo de 8-12 veces), para lo cual es imprescindible establecer un horario de tomas que respeten el descanso nocturno.","Se puede dejar al bebé lactar todo el tiempo que sea necesario en cada pecho, hasta que el bebé se retire o se quede dormido.","La dieta de la madre lactante debe ser variada, saludable y agradable. Conviene beber agua a menudo. Las bebidas excitantes como el café o refrescos de cola se deben evitar. No se debe consumir alcohol ni tabaco.",La postura mejor es aquella en la que la madre está cómoda. Conviene que el cuerpo... [AVISO: opción cortada en el PDF original],A,"Durante el primer mes conviene que el bebé lacte a menudo (un mínimo de 8-12 veces), para lo cual es imprescindible establecer un horario de tomas que respeten el descanso nocturno.",No Legislación
Andalucía,2021,78,78. Dentro del programa de Salud Bucodental infantil en Andalucía es cierto que:,Tienen derecho a recibir asistencia dental básica y determinados tratamientos especiales de forma gratuita a través de la Tarjeta Sanitaria Individual las personas de 6 a 15 años protegidas por el Sistema Sanitario Público de Andalucía.,"El niño o niña tiene derecho a una revisión anual. El dentista de cabecera realizará un seguimiento de aquellos niños con una especial predisposición a la caries, enfermedad periodontal o maloclusiones, y se encargará de sellado de fisuras o fosas en las piezas permanentes sanas, empastes de piezas permanentes cuando ya existen caries, extracciones de piezas temporales, tartrectomía cuando se detecte cálculo y/o pigmentaciones extrínsecas en dentición permanente.","No estará cubierto en el caso de tratamientos necesarios por causa de traumatismo, de ortodoncia y reparación en la dentición temporal.",Todas son correctas.,D,Todas son correctas.,No Legislación
Andalucía,2021,79,"79. El Decreto 210/2018, de 20 de noviembre persigue agilizar el proceso de intervención y promover una mejor coordinación entre la Administración Local y Autonómica en el contexto de infancia y adolescencia en Andalucía. Para ello ha sido creado VALÓRAME, que es:","El Instrumento para la valoración de la gravedad de las situaciones de riesgo, desprotección y desamparo de la infancia y adolescencia en Andalucía.",El Instrumento para la valoración de la gravedad de las víctimas de violencia de género y menores.,Un programa para la atención bucodental infantil.,Ninguna de las anteriores.,A,"El Instrumento para la valoración de la gravedad de las situaciones de riesgo, desprotección y desamparo de la infancia y adolescencia en Andalucía.",Legislación
Andalucía,2021,80,80. ¿Cuál de los siguientes signos NO nos encontraremos en la exploración de un/una adolescente que ha consumido cocaína?,Sudoración.,Miosis.,Broncodilatación.,Aumento de la frecuencia cardiaca.,B,Miosis.,No Legislación
Andalucía,2021,82,"82. Si nos encontramos el código ISMT en el motivo de consulta o listado de problemas de la Historia de Salud de una paciente en nuestra Comunidad, debemos sospechar que:",La paciente requiere seguimiento por Salud Mental.,La paciente requiere seguimiento antitrombótico post-COVID.,La paciente sufre una isquemia mesentérica aguda.,La paciente sufre sospecha de malos tratos no confirmados.,D,La paciente sufre sospecha de malos tratos no confirmados.,No Legislación
Andalucía,2021,83,83. ¿Cuál de las siguientes no sería una recomendación general para realizar una entrevista clínica ante una sospecha de maltrato contra una mujer?,"Explorar creencias educacionales, culturales, religiosas... que puedan enmascarar abusos que no son considerados como tales por la mujer.",Abordar indirectamente el tema de la violencia.,Crear un clima de confianza.,Observar actitudes y estado emocional (a través del lenguaje verbal y no verbal).,B,Abordar indirectamente el tema de la violencia.,No Legislación
Andalucía,2021,84,"84. En el modelo de atención bio-psico-social de la salud, el GÉNERO estaría dentro de los determinantes:",Biológicos.,Psicosociales.,Sociales.,Ninguna respuesta es correcta.,B,Psicosociales.,No Legislación
Andalucía,2021,85,"85. La primera visita puerperal (puerperio inmediato), tras el alta hospitalaria, se recomienda realizarla preferentemente:",A la semana de vida del recién nacido.,El tercer o cuarto día de vida del recién nacido.,En cuanto la madre esté en condiciones físicas de realizarla.,Ninguna es cierta.,B,El tercer o cuarto día de vida del recién nacido.,No Legislación
Andalucía,2021,86,86. Para los cuidados del cordón umbilical del recién nacido se recomienda la limpieza y uso de:,Povidona yodada.,Alcohol al 70%.,Solución de clorhexidina alcohólica.,Agua y jabón.,D,Agua y jabón.,No Legislación
Andalucía,2021,87,"87. Durante la hospitalización de una gestante que ha dado a luz, tras detectar que ella es Rh (-), y no está sensibilizada, y el Recién Nacido es Rh (+), ¿cuál es la actitud que se debe seguir?","Se le debe administrar durante las primeras 72 horas del postparto, una profilaxis con 300 µg (1500 UI) de inmunoglobulina anti-D.","Se le debe administrar durante las primeras 48 horas del postparto, una profilaxis con 300 µg (1500 UI) de inmunoglobulina anti-D.","Se le debe administrar durante las primeras 72 horas del postparto, una profilaxis con 500 µg (1500 UI) de inmunoglobulina anti-D.","No hay que hacer nada, para que la mujer adquiera sensibilización natural.",A,"Se le debe administrar durante las primeras 72 horas del postparto, una profilaxis con 300 µg (1500 UI) de inmunoglobulina anti-D.",No Legislación
Andalucía,2021,88,88. Los tratamientos anticonceptivos hormonales combinados pueden administrarse por la siguiente vía:,Vía transdérmica.,Vía oral.,Vía vaginal.,Todas las respuestas son correctas.,D,Todas las respuestas son correctas.,No Legislación
Andalucía,2021,89,"89. Los absorbentes para la incontinencia urinaria (AIU) se clasifican, según su capacidad de absorción, en:","Absorbentes de talla extra-pequeña, pequeña, mediana, grande, extra-grande.","Absorbentes de goteo, día, noche y supernoche.","Absorbentes de día, noche y supernoche.",Absorbentes anatómico elástico y pants.,B,"Absorbentes de goteo, día, noche y supernoche.",No Legislación
Andalucía,2021,90,"90. Atendiendo a la cartera de Servicios del Servicio Andaluz de Salud, ¿cuál de las siguientes es un área de abordaje comunitario?",GRUSE. Grupo socioeducativo de Atención Primaria.,Atención preventiva del paciente crónico.,Atención al Niño Sano.,A y B son correctas.,A,GRUSE. Grupo socioeducativo de Atención Primaria.,No Legislación
Andalucía,2021,91,91. ¿Cuál de los siguientes fármacos no insulínicos tiene mayor riesgo de hipoglucemia?,Inhibidores de la DPP-4.,Pioglitazona.,Sulfonilureas.,Metformina.,C,Sulfonilureas.,No Legislación
Andalucía,2021,92,92. Respecto al autocontrol de las personas diagnosticadas de Diabetes Mellitus tipo 2 no tratadas con insulina:,Se recomienda realizar un perfil glucémico de seis puntos semanal.,"Pasado un año del diagnóstico de la diabetes, el beneficio de autocontrol sobre el control de las cifras de glucemias es mínimo.",El autocontrol mejora la calidad de vida.,El autocontrol es efectivo como herramienta para el autocuidado de los niveles de glucosa.,B,"Pasado un año del diagnóstico de la diabetes, el beneficio de autocontrol sobre el control de las cifras de glucemias es mínimo.",No Legislación
Andalucía,2021,93,93. El baremo para valorar la situación de dependencia de una persona evalúa:,"La capacidad de la persona para llevar a cabo por sí misma las actividades instrumentales de la vida diaria, así como la necesidad de supervisión para su realización en personas con deterioro cognitivo.",Solamente la capacidad de la persona para llevar a cabo por sí misma las actividades básicas de la vida diaria.,"La capacidad de la persona para llevar a cabo por sí misma las actividades básicas de la vida diaria, así como la necesidad de apoyo y supervisión para su realización por personas con discapacidad intelectual o con enfermedad mental.",Solamente la capacidad de la persona para llevar a cabo por sí misma las actividades instrumentales de la vida diaria.,C,"La capacidad de la persona para llevar a cabo por sí misma las actividades básicas de la vida diaria, así como la necesidad de apoyo y supervisión para su realización por personas con discapacidad intelectual o con enfermedad mental.",No Legislación
Andalucía,2021,94,"94. Una vez identificada la situación de duelo, el siguiente paso es conocer qué fase del duelo está afrontando la persona atendida, en relación a la fecha de fallecimiento del ser querido. De acuerdo con este criterio, una persona que padece bloqueo emocional, aturdimiento, incredulidad, despersonalización, ¿en qué fase de duelo se encuentra?",Duelo latente.,Duelo agudo.,Duelo temprano.,Duelo tardío.,B,Duelo agudo.,No Legislación
Andalucía,2021,95,"95. En el marco de la Seguridad del Paciente, durante el desarrollo metodológico del Análisis Modal de Fallos y Efectos (AMFE), el Índice de Prioridad de Riesgo (IPR) se establece como resultado de:","Multiplicar el valor otorgado a cada uno de los tres criterios: gravedad del efecto, frecuencia del fallo y su capacidad de detección.","Multiplicar el valor otorgado a los criterios gravedad del efecto y frecuencia del fallo, dividiendo el resultado por su capacidad de detección.",Multiplicar el valor otorgado a los criterios gravedad del efecto y frecuencia del fallo.,Las respuestas B y C son correctas.,A,"Multiplicar el valor otorgado a cada uno de los tres criterios: gravedad del efecto, frecuencia del fallo y su capacidad de detección.",No Legislación
Andalucía,2021,96,"96. El conjunto de recomendaciones basadas en una revisión sistemática de la evidencia y en la evaluación de los riesgos y beneficios de las diferentes alternativas, con el objetivo de optimizar la atención sanitaria a los pacientes, se denomina:",Protocolo Normalizado de Trabajo.,Guía de Práctica Clínica.,Vía Clínica.,Procedimiento Clínico.,B,Guía de Práctica Clínica.,No Legislación
Andalucía,2021,97,97. En relación al título de especialista en Ciencias de la Salud:,Tiene carácter oficial y validez en todo el territorio español.,Su oficialidad y validez únicamente se adjudicará en la Comunidad Autónoma donde se haya cursado el programa formativo.,A y D son correctas.,"Corresponde al Gobierno, a propuesta de los Ministerios de Educación, Cultura y Deporte y de Sanidad y Consumo, previo informe de la Comisión de Recursos Humanos del Sistema Nacional de Salud, del Consejo Nacional de Especialidades en Ciencias de la Salud y de la organización u organizaciones colegiales que correspondan, el establecimiento de los títulos de Especialistas en Ciencias de la Salud, así como su supresión o cambio de denominación.",C,A y D son correctas.,No Legislación
Andalucía,2021,98,"98. De los siguientes antisépticos, ¿cuál presenta una actividad residual más prolongada?",Clorhexidina.,Yodóforos.,Alcohol etílico.,Todos mantienen la actividad antiséptica residual el mismo tiempo.,A,Clorhexidina.,No Legislación
Andalucía,2021,99,"99. Atendiendo a la Estrategia de Cuidados de Andalucía, ¿cuál de las siguientes intervenciones es recomendable para un anciano con riesgo de caídas?",Es recomendable el uso de restricciones mecánicas para prevenir el riesgo de caídas en las personas mayores.,Los protectores de cadera reducen considerablemente las fracturas de cadera en la población anciana.,La práctica del Tai Chi ha demostrado reducir de forma efectiva el riesgo de caídas.,B y C son correctas.,C,La práctica del Tai Chi ha demostrado reducir de forma efectiva el riesgo de caídas.,No Legislación
Andalucía,2021,100,100. ¿A qué llamamos apósito primario en la cura de heridas?,Es el apósito de elección atendiendo al tipo de herida.,"Es el apósito más externo, que aísla la herida del medio exterior.",Aquellos apósitos que están en contacto con la herida.,Los apósitos de hidrogel.,C,Aquellos apósitos que están en contacto con la herida.,No Legislación
Andalucía,2021,101,"101. En el servicio hospitalario de Urgencias, para asignar la prioridad asistencial de Antonio en la Unidad de Triaje, la enfermera habrá empleado el sistema SET, que es el acrónimo que corresponde a:",Sistema Especial de triaje.,Sistema Europeo de triaje.,Sistema Español de triaje.,Sistema Enfermero de triaje.,C,Sistema Español de triaje.,No Legislación
Andalucía,2021,102,"102. La prioridad asignada a Antonio de nivel 3, según el Plan Andaluz de Urgencias y Emergencias significa que la atención para la primera asistencia facultativa debe realizarse con una de las siguientes demoras máximas de atención:",15 minutos.,30 minutos.,45 minutos.,60 minutos.,D,60 minutos.,No Legislación
Andalucía,2021,103,103. El rango de fechas de activación del Plan de Alta frecuentación por Alta Temperatura en los Servicios de Urgencias Hospitalarios de nuestra Comunidad es:,Del 1 de junio al 30 de septiembre.,Del 1 de junio al 15 de septiembre.,El periodo de activación es variable según el comportamiento de las temperaturas cada año.,Ninguna es cierta.,B,Del 1 de junio al 15 de septiembre.,No Legislación
Andalucía,2021,104,"104. Para garantizar la calidad de la atención sanitaria ocasionada por el incremento de la demanda asistencial por ola de calor, el Plan de Acciones Preventivas contra los Efectos de las Temperaturas Excesivas sobre la Salud junto con el Plan de Alta Frecuentación del SAS establecen mecanismos de alerta relacionados con la monitorización de las temperaturas máximas y mínimas diarias. Si los 4 días previos al ingreso de Antonio, las temperaturas diarias sobrepasaron los umbrales máximo y mínimo establecidos, ¿en qué nivel de riesgo nos encontramos para establecer las medidas organizativas previstas para el Hospital? ","""NIVEL 1"" (o de bajo riesgo), y se presenta con el color amarillo","""NIVEL 2"" (o de riesgo medio), y se presenta con el color naranja","""NIVEL 3"" (o de alto riesgo), y se presenta con el color rojo","""NIVEL 4"" (o de riesgo extremo), y se presenta con el color negro",B,No disponible en el PDF original (letra correcta según plantilla: B),No Legislación
Andalucía,2021,105,"105. Al ingreso de Antonio en el servicio de urgencias hospitalario se le ha colocado una pulsera identificativa. Según las recomendaciones de la Agencia de Calidad Sanitaria de Andalucía sobre identificación inequívoca de pacientes, ¿qué profesional es el encargado de colocar la pulsera al paciente?",La administrativa que cursa el ingreso.,La enfermera de triaje.,El médico de urgencias.,El primero que atienda al paciente.,D,El primero que atienda al paciente.,No Legislación
Andalucía,2021,106,"106. Tras la valoración inicial de enfermería y con los datos recogidos que constan en el caso descrito, se debería activar uno de estos diagnósticos enfermeros:",[00007] Hipertermia.,[00008] Termorregulación ineficaz.,[00274] Riesgo de Termorregulación ineficaz.,Ninguno es cierto.,A,[00007] Hipertermia.,No Legislación
Andalucía,2021,107,"107. En el caso que nos ocupa, Antonio al ser persona de riesgo y dadas las altas temperaturas que ha soportado en su medio, ¿qué actuaciones deberían haberse realizado en su domicilio?",Captado y clasificado según el nivel de riesgo preestablecido de la población que cumpla los criterios de fragilidad.,"Recibido la visita domiciliaria, del médico o de la enfermera de familia del Centro de Salud.","Seguido telefónicamente por las enfermeras de Salud Responde al ser un paciente frágil de riesgo II que haya sido captado por las enfermeras de familia y gestora de casos y activado por los DCCU, en su caso.",Todas son ciertas.,D,Todas son ciertas.,No Legislación
"Andalucía,2021,108,108. ¿Cuál de estas medidas NO estaría indicada para iniciar de inmediato el enfriamiento en la atención hospitalaria del golpe de calor clásico por fuente exógena?,Administrar antitérmicos: AINES como antitérmico de elección.,Colocar al paciente en decúbito lateral y en posición fetal.,""Aplicar compresas frías (preferentemente con hielo) de manera continuada";" sobre todo en cuello, axilas e ingles."",Usar ventiladores colocados directamente sobre el paciente.,A,Administrar antitérmicos: AINES como antitérmico de elección.,No Legislación";
Andalucía,2021,109,"109. Según el índice de masa corporal que ha establecido la enfermera de 35 kg/m2, Antonio presentaría como diagnóstico enfermero:",[00234] Riesgo de Sobrepeso.,[00233] Sobrepeso.,[00232] Obesidad.,[00263] Riesgo de Síndrome de Desequilibrio Metabólico.,C,[00232] Obesidad.,No Legislación
Andalucía,2021,110,"110. El tratamiento antibiótico empírico a base de vancomicina y levofloxacino durante un periodo de 8-10 días, según la respuesta clínica del paciente, junto con la sueroterapia de 3000 cc de suero salino fisiológico al día y el resto de fármacos prescritos para administración intravenosa, hacen necesaria la canalización de una vía venosa. Según la Guía Fase para la Prevención de Infecciones Asociadas al uso de Dispositivos Venosos, los criterios que debe manejar la enfermera para decidir el tipo de vía a canalizar serán: (Señale la incorrecta)",Duración prevista de la terapia.,Volumen de líquidos a perfundir.,"Irritabilidad del producto (osmolaridad, pH, etc.).",Número necesario de lúmenes del catéter venoso.,B,Volumen de líquidos a perfundir.,No Legislación
Andalucía,2021,111,"111. Según el tratamiento intravenoso a infundir, la enfermera debería optar por canalizar uno de estos tipos de vías venosas:",Vía venosa periférica.,Vía de línea media.,Vía central subclavia.,Vía central yugular.,B,Vía de línea media.,No Legislación
Andalucía,2021,112,"112. Según la Guía Fase para la Prevención de Infecciones Asociadas al uso de Dispositivos Venosos para la canalización de una vía venosa central, salvo que exista contraindicación, se debe preparar la piel con:",Clorhexidina alcohólica.,Povidona yodada.,Alcohol al 70%.,Todas son ciertas.,A,Clorhexidina alcohólica.,No Legislación
Andalucía,2021,113,"113. Atendiendo a la Guía Fase para la Prevención de Infecciones Asociadas al uso de Dispositivos Venosos para la canalización de un catéter venoso periférico, salvo que exista contraindicación, se debe preparar la piel con:",Clorhexidina alcohólica.,Povidona yodada.,Alcohol al 70%.,Todas son ciertas.,D,Todas son ciertas.,No Legislación
Andalucía,2021,114,"114. Los catéteres venosos periféricos, para evitar infecciones asociadas al uso de estos dispositivos, la enfermera deberá cambiarlos:",Cada 24 horas.,Cada 48-72 horas.,Cada 72-96 horas.,"Sin plazo fijo de tiempo, al aparecer los primeros signos de infección o flebitis.",D,"Sin plazo fijo de tiempo, al aparecer los primeros signos de infección o flebitis.",No Legislación
"Andalucía,2021,115,""115. Dada la disminución del nivel de conciencia que presenta Antonio, la enfermera le ha colocado una sonda nasogástrica";" señale el método NO aconsejado para verificar la localización de la sonda:"",Auscultación por debajo del apéndice xifoides del gorgoteo del aire insuflado por la sonda.,Solicitud de radiografía y visualización de colocación de la SNG.,Medición del pH del contenido aspirado por la SNG.,Todos son correctos.,A,Auscultación por debajo del apéndice xifoides del gorgoteo del aire insuflado por la sonda.,No Legislación";
Andalucía,2021,116,"116. Atendiendo a las recomendaciones de la Guía Fase para la Prevención y actuación ante una caída en el entorno hospitalario, si se sospecha que un paciente presenta un trastorno del equilibrio o de la marcha, ¿qué escala de predicción de riesgo de caídas se recomienda emplear?",Berg balance scale.,Se recomienda explícitamente no utilizar escalas de predicción de riesgo de caídas.,Dynamic gait index.,Performance-oriented assessment of mobility problems (Tinetti scale).,B,Se recomienda explícitamente no utilizar escalas de predicción de riesgo de caídas.,No Legislación
Andalucía,2021,117,"117. En Andalucía, siguiendo las recomendaciones del Ministerio de Sanidad en cuanto al uso de instrumentos de cribado para determinar la situación de fragilidad/limitación funcional de los pacientes, tal como queda recogido en el programa ""SALUD65+"": Envejecimiento activo y atención a la fragilidad ¿qué test se recomienda emplear?",Berg balance scale.,Dynamic gait index.,Test de velocidad de la marcha.,Performance-oriented assessment of mobility problems (Tinetti scale).,C,Test de velocidad de la marcha.,No Legislación
Andalucía,2021,118,"118. Atendiendo las recomendaciones de la Guía Fase para la Prevención de las úlceras por presión en el entorno hospitalario, para valorar el riesgo de los pacientes adultos de desarrollar una úlcera por presión se recomienda utilizar:",Escala Braden.,Escala Norton.,Escala Emina.,Todas son ciertas.,D,Todas son ciertas.,No Legislación
Andalucía,2021,119,"119. Dado que Antonio, tras la administración de una escala validada de riesgo de úlceras por presión, ha obtenido un resultado de riesgo alto de aparición de úlceras por presión, se recomienda, entre otras medidas preventivas, la realización de cambios posturales cada:",2 horas.,4 horas.,6 horas.,8 horas.,B,4 horas.,No Legislación
Andalucía,2021,120,"120. Tras 24 horas en Observación, el paciente presenta un empeoramiento de su estado general, disminuyendo la saturación de oxígeno en sangre por lo que se aplica ventilación mecánica que requiere la intubación del paciente. Una de las principales complicaciones que se asocian a este procedimiento es la neumonía por ventilación mecánica. Según el Protocolo de prevención de las neumonías asociadas a ventilación mecánica, salvo contraindicación, se debe mantener el cabecero de la cama elevado en un ángulo superior a:",15 grados.,20 grados.,25 grados.,30 grados.,D,30 grados.,No Legislación
Andalucía,2021,121,"121. Según el proyecto Neumonía Zero, una de las medidas que ha demostrado una alta eficacia en la prevención de neumonía asociada a ventilación mecánica es la higiene bucal, que debe hacerse con:",Agua y bicarbonato.,Clorhexidina al 5%.,"Clorhexidina al 0,12-0,2%.",Enjuague bucal.,C,"Clorhexidina al 0,12-0,2%.",No Legislación
Andalucía,2021,122,"122. Dada la situación clínica del paciente, el equipo de salud decide consultar si Antonio ha registrado su Voluntad Vital Anticipada. En el Sistema Sanitario Público de Andalucía esta consulta podría realizarla:",El facultativo especialista de área.,El médico de familia.,La enfermera.,Todo el personal sanitario encargado de su atención sanitaria.,D,Todo el personal sanitario encargado de su atención sanitaria.,No Legislación
Andalucía,2021,123,"123. La enfermera que atiende a Antonio se da cuenta que ha cometido un error en la administración de medicación intravenosa y como consecuencia de ello se producen lesiones graves que pueden ser permanentes al paciente. Decide notificarlo en la Plataforma para la Seguridad del Paciente a través de su aplicación, a fin de que otros profesionales puedan aprender de este error y no repetirlo. Por las características descritas del error debería comunicarlo como:",Incidente sin daño.,Evento centinela.,Cuasi-incidente.,A y B son ciertas.,B,Evento centinela.,No Legislación
Andalucía,2021,124,"124. Antonio es diabético tipo II. Atendiendo al Proceso Asistencial Integrado de Diabetes, ¿cuál de las siguientes opciones serían las cifras aconsejables de HbA1 glicosilada para el control de su diabetes?",Menor del 6%.,Menor del 6.5%.,Menor del 7%.,Menor del 7.5%.,C,Menor del 7%.,No Legislación
Andalucía,2021,125,"125. La diabetes tipo II de Antonio puede controlarse con modificaciones en el estilo de vida, fundamentalmente con cambios en la dieta y aumento de la actividad física, no siendo actualmente necesario el tratamiento farmacológico. ¿Cuál sería la recomendación de autoanálisis de glucemia capilar por parte de su enfermera de familia, de forma rutinaria?",Realizar al menos una determinación al día en el desayuno.,"Realizar al menos dos determinaciones al día, desayuno y cena.","Realizar al menos tres determinaciones al día, desayuno, almuerzo y cena.",No se recomienda la realización de autoanálisis de glucemia capilar de forma rutinaria.,D,No se recomienda la realización de autoanálisis de glucemia capilar de forma rutinaria.,No Legislación
Andalucía,2021,126,"126. Según el Plan Integral de Cuidados Paliativos de la Consejería de Salud y Familias de Andalucía, ¿cuál de las siguientes características no es determinante para considerar que esta persona se encuentra en situación terminal?",Dos ingresos en los últimos 6 meses directamente relacionados con su enfermedad neoplásica.,Disminución de la puntuación del test de Barthel más del 10%.,Cualquier evento psicoemocional o sociofamiliar que empeore drásticamente la calidad de vida de la persona.,Presencia de multimorbilidad.,B,Disminución de la puntuación del test de Barthel más del 10%.,No Legislación
Andalucía,2021,127,127. El equipo de hospitalización domiciliaria que atiende a Joaquín ha utilizado el instrumento IDC-PAL. Señale la respuesta falsa con relación a este instrumento:,Orienta en la toma de decisiones para la adecuación de la intervención de los recursos implicados.,Es una herramienta de valoración de necesidades.,Establece tres niveles de situación de complejidad.,"Es un instrumento de uso para el equipo profesional, el paciente no participa directamente.",B,Es una herramienta de valoración de necesidades.,No Legislación
Andalucía,2021,128,128. Durante la quimioterapia a Joaquín le colocaron un catéter PICC. ¿Cuál es la vía de inserción recomendada para este tipo de catéteres?,Vena basílica.,Vena cefálica.,Vena axilar.,Todas las opciones son correctas.,A,Vena basílica.,No Legislación
Andalucía,2021,129,129. Y la ubicación más adecuada para la punta de dicho PICC sería:,La parte superior de la vena cava superior.,La unión de la vena braquiocefálica izquierda y la vena cava superior.,"El tercio inferior de la vena cava superior, próxima a la unión de dicha vena con la aurícula derecha.",Contigua a la pared lateral de la parte superior de la vena cava superior.,C,"El tercio inferior de la vena cava superior, próxima a la unión de dicha vena con la aurícula derecha.",No Legislación
Andalucía,2021,130,"130. Durante la visita domiciliaria que realiza su enfermera, se aprecia mal olor de la úlcera. ¿Qué fármaco se ha demostrado que tiene evidencia científica para tratar el mal olor en este tipo de úlceras en administración tópica?",Ácido tranexámico.,Gentamicina.,Metronidazol.,Ninguna opción es correcta.,C,Metronidazol.,No Legislación
Andalucía,2021,131,131. La herida presenta un sangrado moderado a la fricción. ¿Qué producto sería el más adecuado para contener la hemorragia?,Esponjas hemostáticas.,Varillas de nitrato de plata.,Apósitos de alginato de calcio.,Todas las opciones serían adecuadas.,D,Todas las opciones serían adecuadas.,No Legislación
Andalucía,2021,132,132. Joaquín sufre estreñimiento debido al tratamiento farmacológico y comenzó tratamiento con plantago ovata. ¿En qué grupo de laxantes se incluye dicho fármaco?,Lubricante.,Surfactante.,Formador de bolo.,Osmótico.,C,Formador de bolo.,No Legislación
Andalucía,2021,133,133. Joaquín tiene prescrito corticoides vía oral como adyuvantes en su tratamiento analgésico. ¿Cuál se considera un efecto secundario frecuente del uso prolongado de corticoides?,Sudoración.,Insomnio.,Astenia.,Estreñimiento.,B,Insomnio.,No Legislación
Andalucía,2021,134,134. También tiene prescrito morfina vía oral de liberación controlada a dosis de 30mg cada 12 horas. ¿Cuál sería la recomendación para calcular la dosis de rescate?,La mitad de la dosis total en 24 horas sería la dosis de rescate.,La dosis total en 24 horas sería la dosis de rescate.,1/6 de la dosis total en 24 horas sería la dosis de rescate.,Ninguna opción es correcta.,C,1/6 de la dosis total en 24 horas sería la dosis de rescate.,No Legislación
Andalucía,2021,135,"135. Con relación al manejo del tratamiento farmacológico analgésico, señale la opción incorrecta:",La mezcla de opioides potentes con los débiles potencia el efecto analgésico.,La elección del fármaco analgésico se pautará en función de la intensidad del dolor.,"Si el segundo escalón (escala analgésica OMS) no es eficaz, no demorar la subida al tercero.","La intensidad del dolor se debe valorar mediante escalas de valoración, aunque éstas tengan una valoración subjetiva del mismo.",A,La mezcla de opioides potentes con los débiles potencia el efecto analgésico.,No Legislación
Andalucía,2021,136,"136. Debido a que el dolor no se controla de manera adecuada, se decide hacer una rotación de opioides (ROP). De acuerdo con el fármaco que tenía prescrito, ¿con qué otro opioide se podría realizar esta rotación?",Oxicodona.,Buprenorfina.,Tapentadol.,Todas las opciones son correctas.,D,Todas las opciones son correctas.,No Legislación
Andalucía,2021,137,"137. Su enfermera de familia ha reflejado en el plan de cuidados el diagnóstico NANDA (00158) Disposición para mejorar el afrontamiento. De las siguientes características definitorias, señale la opción incorrecta:",No considera que los factores estresantes son manejables.,Está al tanto de posibles cambios en el entorno.,Reconoce su capacidad.,Busca apoyo social.,A,No considera que los factores estresantes son manejables.,No Legislación
Andalucía,2021,138,138. Joaquín realizó en su momento el registro de voluntades vitales anticipadas. Señale la afirmación falsa respecto a este registro en el SSPA:,La declaración es válida en todo el territorio español.,Sólo puede realizarse a partir de los 18 años de edad.,El personal sanitario no realiza en ningún caso actuaciones que no estén clínicamente indicadas.,Las voluntades vitales pueden modificarse en cualquier momento.,B,Sólo puede realizarse a partir de los 18 años de edad.,No Legislación
Andalucía,2021,139,"139. Para realizar una valoración de la capacidad funcional, atendiendo al pronóstico de la enfermedad de Joaquín, ¿qué escala sería la recomendada?",Escala Lawton-Brody.,Escala Barthel.,Escala de Karnofsky.,Ninguna es adecuada para la valoración de pacientes oncológicos.,C,Escala de Karnofsky.,No Legislación
Andalucía,2021,140,140. Su enfermera de familia establece el diagnóstico NANDA (00133) Dolor crónico. ¿Cuál sería la característica definitoria diferencial respecto al diagnóstico dolor agudo?,La intensidad del dolor.,La duración del dolor: mayor o menor de 3 meses.,El inicio del dolor: súbito o lento.,B y C son correctas.,B,La duración del dolor: mayor o menor de 3 meses.,No Legislación
Andalucía,2021,141,"141. Para mejorar la astenia y anorexia en Joaquín, ¿cuál de los siguientes fármacos estaría indicado?",Gestodeno.,Goserelina.,Acetato de megestrol.,Doxilamina.,C,Acetato de megestrol.,No Legislación
Andalucía,2021,142,142. ¿Qué otras medidas relativas a la alimentación podrían aconsejarse para mejorar la astenia/anorexia?,Normalizar la falta de apetito de la persona.,"Usar leche en lugar de agua para realizar sopas, cremas y salsas.","Aconsejar a la familia fomentar la autonomía de la persona, siempre que sea posible.",Todas las opciones son correctas.,D,Todas las opciones son correctas.,No Legislación
Andalucía,2021,143,"143. Si la enfermera hubiera establecido una relación terapéutica con Joaquín y su familia basada en el plano técnico exclusivamente, siendo una mera dispensadora de cuidados o técnicas en momentos puntuales en función de la demanda, nos encontraríamos ante una actitud:",De sobre-implicación.,De evitación.,De neutralidad.,De defensa.,B,De evitación.,No Legislación
Andalucía,2021,144,"144. Joaquín reconoce no sentirse bien, no duerme bien y se encuentra ansioso. ¿Qué diagnóstico NANDA sería el más adecuado para definir la situación en la que se encuentra?",[00147] Ansiedad ante la muerte.,[00061] Cansancio del rol del cuidador.,[00083] Conflicto de decisiones.,[00175] Sufrimiento moral.,A,[00147] Ansiedad ante la muerte.,No Legislación
Andalucía,2021,145,"145. Cuando llegue el momento de situación de últimos días, ¿qué signo y/o síntoma más frecuente podría aparecer?",Somnolencia.,Diarrea.,Hipotensión.,A y C son correctas.,D,A y C son correctas.,No Legislación
Andalucía,2021,146,"146. En el momento de situación de últimos días, se decide utilizar la hipodermoclisis para la administración de la medicación. ¿Cuál sería la zona de inserción recomendada?",Zona infraclavicular.,Zona deltoidea.,Zona anterior de los muslos.,Todas las opciones son correctas.,A,Zona infraclavicular.,No Legislación
Andalucía,2021,147,147. ¿Y cuál de los siguientes fármacos no estaría recomendado administrar por esta vía?,Morfina.,Dexametasona.,Midazolam.,Butilbromuro de escopolamina.,B,Dexametasona.,No Legislación
Andalucía,2021,148,"148. Para la administración en bolo a través de esta vía, el volumen máximo recomendado a inyectar es:",5 ml.,3 ml.,10 ml.,2 ml.,D,2 ml.,No Legislación
Andalucía,2021,149,"149. Tras el fallecimiento de Joaquín, ¿qué situaciones predictoras deberíamos identificar para anticiparnos a la aparición de un duelo complicado?",Ausencia de apoyo social o familiar.,Recursos socioeconómicos escasos.,Aislamiento en el proceso de información y cuidado del fallecido.,Todas las respuestas son correctas.,D,Todas las respuestas son correctas.,No Legislación
Andalucía,2021,150,150. ¿Cuál de los siguientes es un efecto secundario del uso de los opioides en pacientes con dolor crónico maligno?,Estreñimiento.,Delirium.,Retención urinaria.,Todos son efectos secundarios.,D,Todos son efectos secundarios.,No Legislación
Andalucía,2021,151,151. La Escala de Norton consta de los siguientes ítems:,"Estado físico general, el estado mental, la actividad, la movilidad y la incontinencia.","Estado físico general, el estado mental, déficit sensorial, la movilidad y la incontinencia.","Estado físico general, el estado mental, la dependencia, la movilidad y la incontinencia.","Percepción sensorial, humedad, actividad, movilidad y nutrición.",A,"Estado físico general, el estado mental, la actividad, la movilidad y la incontinencia.",No Legislación
Andalucía,2021,153,153. La conciliación de la medicación es un proceso formal que consiste en comparar la medicación habitual del paciente con la medicación prescrita después de una transición asistencial o de un traslado dentro del propio nivel asistencial. ¿Cuál es el error más frecuente que se produce en este proceso?,Omisión de medicamento: Sin que exista justificación clínica explícita o implícita para omitirlo.,"Medicamento equivocado: se prescribe un nuevo medicamento sin justificación clínica, confundiéndolo con otro que el paciente tomaba y que no ha sido prescrito.",Duplicidad: el paciente presenta una duplicidad entre la medicación previa y la nueva prescripción.,Interacción: el paciente presenta una interacción clínicamente relevante entre la medicación previa y la nueva prescripción.,A,Omisión de medicamento: Sin que exista justificación clínica explícita o implícita para omitirlo.,No Legislación
Aragón,2019,1,"En la vigente Constitución Española, el derecho de protección a la salud forma parte:",De los principios rectores de la política social y económica.,De los derechos y deberes de los ciudadanos.,De los derechos fundamentales y de las libertades públicas.,Del Título Preliminar.,A,De los principios rectores de la política social y económica.,Legislación
Aragón,2019,2,"De conformidad con el artículo 21 de la Ley 55/2003, de 16 de diciembre, del Estatuto Marco del personal estatutario de los servicios de salud, NO es una causa de extinción de la condición de personal estatutario fijo:",La pérdida de la nacionalidad tomada en consideración para el nombramiento.,La suspensión firme de funciones.,La sanción disciplinaria firme de separación del servicio.,La pena principal o accesoria de inhabilitación absoluta.,B,La suspensión firme de funciones.,Legislación
Aragón,2019,3,"De conformidad con la Ley 39/2015, de 1 de octubre, del Procedimiento Administrativo Común de las Administraciones Públicas, señale la respuesta correcta en relación con el cómputo de plazos en el procedimiento administrativo:","Salvo que por Ley o en el Derecho de la Unión Europea se disponga otro cómputo, cuando los plazos se señalen por horas, se entiende que éstas son hábiles. Son hábiles todas las horas del día que formen parte de un día hábil.","Los plazos expresados en días se contarán a partir del día en que tenga lugar la notificación o publicación del acto de que se trate, o desde aquel en que se produzca la estimación o la desestimación por silencio administrativo.","Cuando el último día del plazo sea inhábil, el plazo concluirá el último día hábil anterior al mismo.","Cuando un día fuese hábil en el municipio o Comunidad Autónoma en que residiese el interesado, e inhábil en la sede del órgano administrativo, o a la inversa, se considerará hábil en todo caso.",A,"Salvo que por Ley o en el Derecho de la Unión Europea se disponga otro cómputo, cuando los plazos se señalen por horas, se entiende que éstas son hábiles. Son hábiles todas las horas del día que formen parte de un día hábil.",Legislación
Aragón,2019,4,"¿Cuál de las siguientes sanciones NO se menciona en la Ley 55/2003, de 16 de diciembre, del Estatuto Marco del personal estatutario de los servicios de salud?",Apercibimiento.,Demérito.,Suspensión de funciones.,Traslado forzoso.,B,Demérito.,Legislación
Aragón,2019,5,"Según la Ley 41/2002, de 14 de noviembre, básica reguladora de la autonomía del paciente y de derechos y obligaciones en materia de información y documentación clínica, se otorgará el consentimiento por representación, entre otros, en el supuesto:","En todo caso, siempre que el paciente disponga de representante legal o personas vinculadas a él por razones familiares o de hecho.",Cuando así lo decida el médico responsable de la asistencia.,Cuando el paciente no tiene la mayoría de edad.,Cuando el paciente tenga la capacidad modificada judicialmente y así conste en la sentencia.,D,Cuando el paciente tenga la capacidad modificada judicialmente y así conste en la sentencia.,Legislación
Aragón,2019,6,"De conformidad con el artículo 21 de la Ley 31/1995, de 8 de noviembre, de Prevención de Riesgos Laborales, el acuerdo de paralización de la actividad de los trabajadores afectados por un riesgo grave e inminente por la no adopción por parte del empresario, de las medidas necesarias para garantizar su seguridad y salud deberá ser comunicado de inmediato a la autoridad laboral, la cual, lo anulará o ratificará en el plazo de:",24 horas.,48 horas.,72 horas.,Cuatro días.,A,24 horas.,Legislación
Aragón,2019,7,"Indique la respuesta INCORRECTA, en relación con la distribución de la población en Aragón:",Existen más de 30 municipios de más de 10.000 habitantes.,Más de la mitad de la población vive en capitales de provincia.,La población de la provincia de Zaragoza supone más del 50% del total.,Los municipios de hasta 2.000 habitantes superan el 80% del total de municipios.,A,Existen más de 30 municipios de más de 10.000 habitantes.,No Legislación
Aragón,2019,8,"Según la Ley 44/2003, de 21 de noviembre, de ordenación de las profesiones sanitarias, NO tiene la consideración de profesión sanitaria:",Óptica y Optometría.,Terapia Ocupacional.,Psicopedagogía.,Veterinaria.,C,Psicopedagogía.,Legislación
Aragón,2019,9,"Según la Ley 16/2003, de 28 de mayo, de cohesión y calidad del Sistema Nacional de Salud, indique cuál de las siguientes prestaciones NO corresponde a Atención Primaria.","La asistencia sanitaria a demanda, urgente y programada.",Prescripción y realización de técnicas y procedimientos diagnósticos.,"Las actividades en prevención, promoción de la salud, atención familiar y comunitaria.",La asistencia especializada en hospital de día medico-quirúrgica.,D,La asistencia especializada en hospital de día medico-quirúrgica.,Legislación
Aragón,2019,10,"Según datos del año 2017, ¿cuál es el sector económico de mayor peso en el Producto Interior Bruto de Aragón?:",Agricultura y ganadería.,Industria y Energía.,Construcción.,Servicios.,D,Servicios.,No Legislación
Aragón,2019,11,"De conformidad con el artículo 28 del Decreto 23/2016, de 9 de febrero, del Gobierno de Aragón, por el que se aprueba la estructura orgánica del Departamento de Sanidad y del Servicio Aragonés de Salud, el Servicio de Régimen Jurídico y Asuntos Generales forma parte de la estructura de:",La Dirección de Coordinación Asistencial.,"La Dirección de Obras, Instalaciones y Equipamientos.",La Dirección de Recursos Humanos.,La Dirección Económico Administrativa.,D,La Dirección Económico Administrativa.,Legislación
Aragón,2019,12,"De conformidad con el artículo 9 de la Ley Orgánica 3/2018, de 5 de diciembre, de Protección de Datos Personales y garantía de los derechos digitales, el tratamiento de datos en el ámbito de la salud cuando así lo exija la gestión de los sistemas y servicios de asistencia sanitaria y social, pública o privada, o la ejecución de un contrato de seguro del que el afectado sea parte, deberán estar amparados en:",Un Decreto.,Una Orden Ministerial.,Un Reglamento.,Una norma con rango de Ley.,D,Una norma con rango de Ley.,Legislación
Aragón,2019,13,"Según la Ley 6/2002, de 15 de abril, de Salud de Aragón, el documento de voluntades anticipadas se formulará:",Ante abogado.,"Ante dos testigos mayores de edad y con plena capacidad de obrar, de los cuales uno no puede tener relación de parentesco hasta el segundo grado, ni estar vinculado por relación patrimonial con el otorgante.",Ante dos testigos con plena capacidad de obrar con relación de parentesco vinculado y como representante legal.,Ante un testigo mayor de edad y con plena capacidad de obrar.,B,"Ante dos testigos mayores de edad y con plena capacidad de obrar, de los cuales uno no puede tener relación de parentesco hasta el segundo grado, ni estar vinculado por relación patrimonial con el otorgante.",Legislación
Aragón,2019,14,"Según el texto refundido de la Ley del Estatuto Básico del Empleado Público, aprobado por Real Decreto Legislativo 5/2015, señale la respuesta correcta en relación con la representación, participación y negociación colectiva:","Los empleados públicos con contrato laboral no tienen derecho a la representación, participación y negociación colectiva.",Quedan excluidas de la obligatoriedad de la negociación los criterios generales sobre ofertas de empleo público.,"Los empleados públicos tienen derecho a la negociación colectiva, representación y participación institucional para la determinación de sus condiciones de trabajo.",No son objeto de negociación la determinación y aplicación de las retribuciones complementarias de los funcionarios.,C,"Los empleados públicos tienen derecho a la negociación colectiva, representación y participación institucional para la determinación de sus condiciones de trabajo.",Legislación
Aragón,2019,15,"Los profesionales incluidos en el artículo 1 de la Ley 9/2013, de 28 de noviembre, de Autoridad de Profesionales del Sistema Sanitario y de Servicios Sociales Públicos de Aragón, en el desempeño de sus funciones, gozarán de los siguientes derechos. Señale la respuesta INCORRECTA:","A ser respetados, reconocidos, recibir un trato adecuado en el ejercicio de su profesión y de sus funciones.","A desarrollar sus funciones en un ambiente adecuado, donde sean respetados sus derechos, su derecho a la integridad física y moral.",A la protección jurídica adecuada en el cumplimiento de sus actos no profesionales que corresponden a su vida civil.,A disponer de los medios materiales necesarios para el adecuado ejercicio de su labor sanitaria y social.,C,A la protección jurídica adecuada en el cumplimiento de sus actos no profesionales que corresponden a su vida civil.,Legislación
Aragón,2019,16,"El Estatuto de Autonomía de Aragón, aprobado por la Ley Orgánica 5/2007, de 20 de abril, establece que la organización, el funcionamiento, la evaluación, la inspección y el control de centros, servicios y establecimientos sanitarios es una competencia:",Exclusiva.,Ejecutiva.,Compartida.,Básica.,A,Exclusiva.,Legislación
Aragón,2019,17,"La vigilancia del reservorio subcutáneo incluye una serie de observaciones, EXCEPTO:",Verificar la permeabilidad realizando lavados con fluidos a alta presión.,"Buscar signos de infección en el punto de punción, movilización del catéter o fugas.",Realizar controles radiológicos periódicos para detectar migraciones o cambios de posición.,Vigilar la temperatura del paciente ante la posibilidad de colonización del catéter.,A,Verificar la permeabilidad realizando lavados con fluidos a alta presión.,No Legislación
"Aragón,2019,18,""Entre los componentes de un diagnóstico de NANDA-International se encuentra la etiqueta diagnóstica, que es aquella que:"",""Proporciona un nombre al diagnóstico que incluye, como mínimo, el núcleo diagnóstico y el juicio."",Proporciona una descripción clara y precisa";" delinea su significado y ayuda a diferenciarlo de otros diagnósticos similares.,Proporciona los indicios o inferencias observables que se agrupan como manifestaciones de un diagnóstico real.,Incluye los factores ambientales o elementos fisiológicos que incrementan la vulnerabilidad de la persona ante un evento no saludable.,A,""Proporciona un nombre al diagnóstico que incluye, como mínimo, el núcleo diagnóstico y el juicio."",No Legislación";
Aragón,2019,19,"En la Cartera de Servicios Sanitarios de Atención Primaria del Sistema de Salud de Aragón, respecto a la atención del paciente pediátrico NO se encuentra:",Consulta telefónica de enfermería de pediatría.,Consulta a demanda de enfermería de pediatría.,Consulta a domicilio (a demanda o concertada) de enfermería de pediatría.,Consulta de pediatría. Revisiones del niño sano de 0 a 16 años.,D,Consulta de pediatría. Revisiones del niño sano de 0 a 16 años.,No Legislación
Aragón,2019,20,¿A quién o a quiénes se puede aplicar el Proceso de Atención de Enfermería (PAE)?,Solamente al individuo y comunidad.,Solamente al individuo y a la familia.,Solamente a la comunidad.,"Al individuo, a la familia y a la comunidad.",D,"Al individuo, a la familia y a la comunidad.",No Legislación
Aragón,2019,21,"¿Para la detección de sobrecarga en cuidadores de enfermos dependientes, el test más utilizado, validado en España, es?",Test de Zarit Burden Interview.,Índice de Barthel.,Test de la Course Navette.,Test de Fageström.,A,Test de Zarit Burden Interview.,No Legislación
Aragón,2019,22,"Señalar la respuesta INCORRECTA respecto a los reservorios tipo ""Port a Cath"":","Cuando el reservorio no se utiliza, el único cuidado que se requiere es mantener la zona limpia y seca, preservándola de golpes.",Antes de utilizarlo se debe esperar a que pasen un mínimo de 30 días desde su implantación.,Mantener las máximas condiciones de asepsia y utilizar material estéril en toda manipulación y uso del reservorio.,"Cuando el reservorio se esté utilizando de forma continua, se realizará cura estéril una vez a la semana, o antes si el apósito se despega, está mojado o visiblemente sucio.",B,Antes de utilizarlo se debe esperar a que pasen un mínimo de 30 días desde su implantación.,No Legislación
Aragón,2019,23,"Dentro de los modelos conceptuales de educación para la salud, ¿cuál es el modelo preceptivo y autoritario, donde la relación profesional-usuario es asimétrica?",Informativo.,Persuasivo-motivacional.,Radical.,Orientado a la capacitación.,A,Informativo.,No Legislación
Aragón,2019,24,"Un paciente crónico polimedicado dice que solamente toma la medicación cuando se encuentra mal. Con este dato únicamente, al realizar el test de Morisky-Green, se considera que tiene:",Adherencia adecuada al tratamiento.,Adherencia intermitente al tratamiento.,Adherencia intercurrente al tratamiento.,No adherencia al tratamiento.,D,No adherencia al tratamiento.,No Legislación
Aragón,2019,25,"Entre las contraindicaciones absolutas para la donación de órganos, se encuentra:",VIH positivo.,Edad.,Diabetes mellitus tipo II.,Síndrome metabólico.,A,VIH positivo.,No Legislación
Aragón,2019,26,La fundadora de la enfermería transcultural y líder en la teoría de los cuidados a las personas y de la enfermería transcultural es:,Callista Roy.,Betty Neuman.,Ida J. Pelletier.,Madeleine M. Leininger.,D,Madeleine M. Leininger.,No Legislación
Aragón,2019,27,"En un recién nacido, la deshidratación grave presenta diversas manifestaciones entre las que NO se incluye:",Taquicardia.,Fase tónica.,Aumento de presión arterial.,Diuresis disminuida o ausente.,C,Aumento de presión arterial.,No Legislación
Aragón,2019,28,"La OMS, en su informe ""Violencia contra las mujeres: Un tema de salud prioritario"", hace una serie de recomendaciones al personal sanitario, EXCEPTO:",Estar alerta a posibles signos y síntomas de maltrato y hacer su seguimiento.,Ofrecer atención sanitaria integral y registrarla en la historia de salud o historia clínica.,"Preguntar con regularidad, cuando sea factible, a todas las mujeres sobre la existencia de violencia doméstica.","Evitar el registro de casos, dado el riesgo de pérdida de confidencialidad.",D,"Evitar el registro de casos, dado el riesgo de pérdida de confidencialidad.",No Legislación
Aragón,2019,29,"En el enfermo terminal aparece con frecuencia sequedad de la mucosa bucal. Entre las posibles recomendaciones para su humidificación, NO se incluye la utilización de:",Manzanilla con limón.,"Solución de clorhexidina al 0,2%.",Zumos de fruta con cubitos de hielo.,Saliva artificial.,B,"Solución de clorhexidina al 0,2%.",No Legislación
Aragón,2019,30,"Una persona adulta con un Índice de Masa Corporal (IMC) de 37, según la OMS, presenta:",Obesidad tipo I.,Obesidad tipo II.,Sobrepeso.,Obesidad tipo III.,A,Obesidad tipo I.,No Legislación
Aragón,2019,31,"Con respecto a los Patrones funcionales de M. Gordon, el patrón donde se valoran las formas o estrategias de afrontamiento general de la persona, es:",Patrón 10.- Adaptación tolerancia al estrés.,Patrón 6.- Cognitivo-perceptual.,Patrón 7.- Autopercepción-autoconcepto.,Patrón 8.- Rol relaciones.,A,Patrón 10.- Adaptación tolerancia al estrés.,No Legislación
Aragón,2019,32,"Según el Decreto 222/96, del Gobierno de Aragón, por el que se regula la vigilancia epidemiológica en Aragón, la declaración de brote epidémico:",Es obligatoria y urgente. Su declaración afecta solamente a los sanitarios que prestan servicio en los centros sanitarios públicos que detectan la aparición del mismo.,"Es obligatoria pero no urgente. Su declaración afecta a todos los sanitarios en ejercicio y a los centros sanitarios, públicos y privados que detectan la aparición del mismo.","Es obligatoria y urgente. Su declaración afecta a todos los sanitarios en ejercicio y a los centros sanitarios, públicos y privados que detectan la aparición del mismo.","No es obligatoria pero sí urgente. Su declaración afecta a todos los sanitarios en ejercicio y a los centros sanitarios, públicos y privados que detectan la aparición del mismo.",C,"Es obligatoria y urgente. Su declaración afecta a todos los sanitarios en ejercicio y a los centros sanitarios, públicos y privados que detectan la aparición del mismo.",Legislación
Aragón,2019,33,"¿Cómo definiría el indicador conocido como ""saldo demográfico""?",La diferencia entre nacimientos y migraciones.,La diferencia entre nacimientos y defunciones.,La diferencia entre defunciones y migraciones.,Ninguna de las anteriores.,D,Ninguna de las anteriores.,No Legislación
Aragón,2019,34,El test de Bowie & Dick se utiliza en:,Esterilizadores por calor seco.,Autoclaves en general.,Autoclaves con etapa de vacío.,Procesos de esterilización por óxido de etileno.,C,Autoclaves con etapa de vacío.,No Legislación
Aragón,2019,35,"En el desarrollo normal del niño nacido a término deben adquirirse habilidades antes de una edad determinada, señale la afirmación INCORRECTA.",A los 10 meses se sienta sin apoyo.,A los 5 meses intenta coger objetos.,A los 3 meses hay un contacto visual adecuado.,A los 18 meses habla con frases.,D,A los 18 meses habla con frases.,No Legislación
Aragón,2019,36,"Un paciente de 80 años, con antecedentes de caídas previas y alteraciones auditivas, en tratamiento con antidepresivos y diuréticos, se clasificaría en la escala de Downton con riesgo:",Alto.,Bajo.,Medio.,Nulo.,A,Alto.,No Legislación
Aragón,2019,37,"En relación a las úlceras por presión, señale la respuesta INCORRECTA:","Para preparar el lecho de la herida debe seguirse, según las recomendaciones, el sistema TIME (T=tejido, I=infección M=humedad E=estimulación de los bordes epiteliales).",No utilizar antisépticos cutáneos de manera rutinaria pues son citotóxicos para el tejido sano.,La presión efectiva para irrigar una úlcera oscila entre 1 y 4 kg/cm².,"Se debe mantener húmedo tanto la piel perilesional, como los bordes y el lecho de la herida, para favorecer su curación.",D,"Se debe mantener húmedo tanto la piel perilesional, como los bordes y el lecho de la herida, para favorecer su curación.",No Legislación
Aragón,2019,38,"En la prevención y diagnóstico del cáncer de próstata, es cierto que:","La determinación de PSA como screening poblacional está aconsejada, puesto que se ha conseguido demostrar de forma fehaciente una reducción de la mortalidad.","Los factores de riesgo modificables son el hábito tabáquico, la actividad física, la obesidad, las infecciones del tracto urinario y la exposición a las radiaciones.",La edad es el factor de riesgo menos importante.,La mayor incidencia y mortalidad está en la etnia hispana.,B,"Los factores de riesgo modificables son el hábito tabáquico, la actividad física, la obesidad, las infecciones del tracto urinario y la exposición a las radiaciones.",No Legislación
Aragón,2019,39,"Los procesos rehabilitadores de personas con Trastorno Mental Grave se realizan con diferentes recursos en Aragón, EXCEPTO:",Centros de Inserción Laboral.,Unidades de Primeros Episodios.,Centros de Día.,Equipos de Apoyo Social Comunitario.,B,Unidades de Primeros Episodios.,No Legislación
Aragón,2019,40,Sobre las tablas de valoración del cálculo del Riesgo Cardio Vascular (RCV) es cierto que:,La Tabla de Framingham estima morbimortalidad coronaria.,La Tabla de SCORE (Systematic Coronary Risk Evaluation) tiene en cuenta el colesterol-HDL.,La Tabla de Framingham estima la mortalidad por cualquier evento vascular aterotrombótico.,La Tabla de Framingham abarca un rango de edad menos amplio que la tabla SCORE (Systematic Coronary Risk Evaluation).,A,La Tabla de Framingham estima morbimortalidad coronaria.,No Legislación
Aragón,2019,41,"El dolor en pacientes con una fractura ósea, inmovilizada con férula completa de escayola, se alivia con las siguientes medidas, señale la respuesta INCORRECTA:",Inmovilización.,Elevación de la extremidad afectada.,Aplicación de frío intermitente en ambos lados de la escayola.,Aplicación de frío continuo en ambos lados de la escayola.,D,Aplicación de frío continuo en ambos lados de la escayola.,No Legislación
Aragón,2019,42,¿Cuál de los siguientes NO es un programa de la Alianza Mundial para la Seguridad del Paciente?,Atención limpia es atención segura.,La cirugía segura salva vidas.,Comunicación efectiva.,Pacientes por la seguridad del paciente.,C,Comunicación efectiva.,No Legislación
Aragón,2019,43,"Dentro del Plan de cuidados de enfermería para la atención del paciente terminal, indica ¿cuál de estas intervenciones relacionadas con el diagnostico (NANDA-I) duelo (00136) priorizaría?",Mejorar el afrontamiento.,Distracción.,Administración de medicación.,Desarrollo personal.,A,Mejorar el afrontamiento.,No Legislación
Aragón,2019,44,"Las teorías de enfermería siguen modelos, entre los que NO se encuentran:",Teorías humanísticas.,Teorías que estudian las relaciones interpersonales.,Teorías que estudian el campo genético.,Teorías que estudian los campos de energía.,C,Teorías que estudian el campo genético.,No Legislación
Aragón,2019,45,"En pacientes con tratamiento anticoagulante oral con acenocumarol, se considerarán de alto riesgo aquellos que presentan patologías con elevada incidencia de complicaciones trombóticas como:",Herpes Zoster.,Costocondrilitis.,Síndrome Antifosfolipido (SAF).,Espondilosis anquilosante.,C,Síndrome Antifosfolipido (SAF).,No Legislación
Aragón,2019,46,¿Cuál de las siguientes patologías NO se relaciona con un cuadro de abdomen agudo?,Apendicitis aguda.,Perforación de un divertículo de Meckel.,Reflujo gastroduodenal.,Rotura de aneurisma de aorta abdominal.,C,Reflujo gastroduodenal.,No Legislación
Aragón,2019,47,"Para nutriciones enterales prolongadas, se valorará realizar:",Proseguir con sonda nasoentérica siempre.,Gastrostomía o yeyunostomía.,Pasar a nutrición parenteral.,Retirada de la alimentación enteral.,B,Gastrostomía o yeyunostomía.,No Legislación
Aragón,2019,48,"Ante un cribado de hipertensión arterial (HTA) realizado a Sara a los 11 años de edad se ha obtenido una presión arterial sistólica (PAS) de 119 mm de Hg y una presión diastólica de 76 mm de Hg, esta determinación se considera:","Normal siempre que dichos valores se encuentren por debajo del percentil 90 (< p90) según edad, sexo y talla.","Normal siempre que dichos valores se encuentren por debajo del percentil 90 (< p90) según edad, sexo y peso.","Normal siempre que dichos valores se encuentren por debajo del percentil 90 (< p90) según edad, talla y peso.",Patológica en todo caso.,A,"Normal siempre que dichos valores se encuentren por debajo del percentil 90 (< p90) según edad, sexo y talla.",No Legislación
Aragón,2019,49,Paciente que ingresa en el hospital y se le diagnostica una neumonía estafilocócica. ¿Qué tipo de aislamiento estaría indicado en ese caso?,Estricto.,Protector.,Respiratorio.,Entérico.,A,Estricto.,No Legislación
Aragón,2019,50,"Durante el año 2016 de las siguientes enfermedades de transmisión sexual, ¿cuál de las siguientes tuvo mayor número de notificaciones en España?",Infección gonocócica.,Chlamydia Trachomatis.,VIH-Sida.,Sífilis.,B,Chlamydia Trachomatis.,No Legislación
Aragón,2019,51,"Según la American Heart Association de 2018 (AHA), indique la respuesta correcta en relación con la Reanimación Cardio-Pulmonar (RCP) en soporte vital básico:",Frecuencia: 100 – 120 compresiones por minuto.,Profundidad menor de 3 cm.,Cambiar de reanimador cada 4 minutos.,Relación compresión-ventilación de 30:5.,A,Frecuencia: 100 – 120 compresiones por minuto.,No Legislación
Aragón,2019,52,"En la organización de los datos según el modelo de V. Henderson, adaptado por M.T. Luis, una conducta incorrecta para satisfacer una necesidad básica debida a falta de fuerza, conocimiento o voluntad, se denomina:",Manifestación de independencia.,Manifestación de dependencia.,Patrón disfuncional.,Dato a considerar.,B,Manifestación de dependencia.,No Legislación
Aragón,2019,53,Los reflejos fisiológicos del recién nacido sano a término desaparecen a los 4-6 meses del nacimiento salvo:,Reflejo del Moro.,Reflejo de prensión plantar.,Reflejo de succión.,Reflejo de búsqueda.,B,Reflejo de prensión plantar.,No Legislación
Aragón,2019,54,"En la anticoncepción durante el posparto y lactancia, señale la respuesta INCORRECTA:",Método de elección el preservativo.,Anticonceptivos orales combinados a partir de las tres semanas después del parto.,"Métodos de progestina sola, en la sexta semana después del parto.",DIU en las primeras 48 horas o tras 4 semanas.,B,Anticonceptivos orales combinados a partir de las tres semanas después del parto.,No Legislación
Aragón,2019,55,En el Plan de Salud de Aragón 2030 se han establecido 4 áreas prioritarias. ¿Cuál de estas NO es un Área prioritaria?,Salud en todas las políticas.,Mejorar la salud en todas las etapas de la vida.,Desarrollar hospitales de crónicos.,Orientar el sistema sanitario hacia las personas.,C,Desarrollar hospitales de crónicos.,No Legislación
Aragón,2019,56,"El resultado NOC ""Sueño"" (0004) se incluye en el dominio:",Dominio 1: Salud funcional.,Dominio 2: Salud fisiológica.,Dominio 3: Salud psicosocial.,Dominio 4: Conocimiento y conducta de salud.,A,Dominio 1: Salud funcional.,No Legislación
Aragón,2019,57,"Según la NANDA-I, el diagnóstico enfermero de obesidad (00232) incluye como característica definitoria en niños de 2 a 18 años, la siguiente:","Índice de masa corporal > percentil 95, para la edad y el género.","Índice de masa corporal > percentil 90, para la edad y el género.",Índice de masa corporal < 27.,Índice de masa corporal < 25.,A,"Índice de masa corporal > percentil 95, para la edad y el género.",No Legislación
Aragón,2019,58,"En la gestión sanitaria las operaciones corrientes, que son los capítulos destinados a describir cómo se asignan los recursos corrientes y cómo se asignan las operaciones de distribución de rentas, incluyen:",Activos financieros.,Transferencias de capital.,Inversiones reales.,Gastos de personal.,D,Gastos de personal.,No Legislación
Aragón,2019,59,"Según el Plan de Atención al Ictus en Aragón (actualización 2019-2022), ¿cuál de los siguientes NO es un criterio de exclusión del tratamiento endovascular de los pacientes incluidos en dicho plan?",Infarto cerebral en el mismo territorio de la arteria 6 semanas previas al ICTUS.,Malformación arteriovenosa o aneurisma sin sangrado.,Hipertensión sostenida grave (TAS >185 mm Hg o TAD >110 mm Hg).,Anormalidad del estudio de coagulación con plaquetas <50.000/ml.,B,Malformación arteriovenosa o aneurisma sin sangrado.,No Legislación
Aragón,2019,60,Se consideran factores de riesgo en el cáncer de mama en mujeres menores de 50 años todos los siguientes excepto:,Mamas extremadamente densas.,Familiares de primer o segundo grado con cáncer de mama.,Uso de anticoncepción oral.,Multiparidad.,D,Multiparidad.,No Legislación
Aragón,2019,61,¿Cómo se debe administrar una vacuna y una gammaglobulina en un mismo acto vacunal?,En extremidades distintas.,Siempre primero la gammaglobulina y después la vacuna.,Inyectarse en la masa muscular del deltoides del mismo brazo.,Siempre primero la vacuna y después la gammaglobulina.,A,En extremidades distintas.,No Legislación
Aragón,2019,62,"Sobre la menopausia natural, señale la respuesta correcta:","Se determina de manera retrospectiva tras 12 meses consecutivos de amenorrea, sin causas patológicas y como resultado de la pérdida de actividad folicular ovárica.",La edad media de presentación es de 42 años.,"Los síntomas vasomotores conocidos como sofocos o bochornos son el síntoma menos característico. Afectan al 30% de las mujeres durante el climaterio, y al 50% en caso de menopausia quirúrgica.","Las alteraciones del sueño son poco frecuentes, por debajo del 10%.",A,"Se determina de manera retrospectiva tras 12 meses consecutivos de amenorrea, sin causas patológicas y como resultado de la pérdida de actividad folicular ovárica.",No Legislación
Aragón,2019,63,¿Cuál de estos factores NO contribuirá al aumento de la morbilidad y la mortalidad de las enfermedades nosocomiales?,Una menor frecuencia de personas con deficiencia inmunitaria.,Un mayor número de personas en condiciones de hacinamiento.,Nuevos organismos patógenos.,Aumento de la resistencia bacteriana a los antibióticos.,A,Una menor frecuencia de personas con deficiencia inmunitaria.,No Legislación
Aragón,2019,64,¿Cuál de los siguientes puntos de corte se considera diagnóstico de diabetes?,Glucemia plasmática en ayunas ≥ 112 mg/dl.,"Hemoglobina glicosilada A1c ≥ 6,5%.",Glucemia al azar ≥ 160 mg/dl.,Sobrecarga oral de glucosa > 180 mg/dl.,B,"Hemoglobina glicosilada A1c ≥ 6,5%.",No Legislación
Aragón,2019,65,"Ante la extravasación de fármacos quimioterápicos, se deben realizar las siguientes acciones, EXCEPTO:",Interrumpir inmediatamente la administración del fármaco.,Aspirar la medicación a través del catéter (3-5 ml) y proceder a la retirada de éste.,Elevar la extremidad afectada.,Aplicar compresión en la zona afectada.,D,Aplicar compresión en la zona afectada.,No Legislación
Aragón,2019,66,"Según la evolución mensual de las valoraciones de dependencia en Aragón, el grado de dependencia minoritariamente reconocido en los primeros meses del año 2017, es de:",Grado I.,Grado II.,Grado III.,Grado IV.,A,Grado I.,No Legislación
Aragón,2019,67,"En la elección del apósito a utilizar en una úlcera por presión (UPP), señale la respuesta INCORRECTA:","El apósito debe promover un tratamiento de cura húmeda para tratar las UPP de las categorías II, III y IV.",No utilice gasas para tratar las UPP.,"Comentar con el paciente o el cuidador qué tipo de apósito hay que usar teniendo en cuenta el dolor y la tolerancia, la localización de la úlcera, la cantidad de exudado y la frecuencia de cambio del apósito.",Ofrecer rutinariamente terapia con oxígeno hiperbárico y electroterapia para tratar una UPP.,D,Ofrecer rutinariamente terapia con oxígeno hiperbárico y electroterapia para tratar una UPP.,No Legislación
Aragón,2019,68,¿Cuál de las siguientes escalas se aconseja para la valoración socio-familiar del Paciente Crónico Complejo (PCC) en Aragón?,Escala de Barthel.,Escala de Pfeiffer.,Escala de Gijón.,Escala de Lawton-Brody.,C,Escala de Gijón.,No Legislación
Aragón,2019,69,"En la Resolución de 11 de abril de 2018, de la Dirección General de Asistencia Sanitaria del Departamento de Sanidad del Gobierno de Aragón, por la que se regula la creación y funcionamiento de las comisiones y grupos de trabajo en los centros sanitarios del sistema de salud de Aragón, se indica entre los objetivos de la comisión central de Gestión Clínica y calidad asistencial, EXCEPTO, los siguientes:","Diseñar, implantar y evaluar de procesos de gestión clínica.",Aprobar normas y protocolos de práctica clínica.,Dirigir los proyectos de gestión clínica bajo la supervisión de la Unidad de Calidad del SALUD.,Analizar y monitorizar la práctica clínica en su área de actuación.,C,Dirigir los proyectos de gestión clínica bajo la supervisión de la Unidad de Calidad del SALUD.,Legislación
Aragón,2019,70,"Al colocar las especialidades farmacéuticas termolábiles en una nevera o frigorífico, deben tenerse en cuenta los siguientes aspectos, EXCEPTO:",Almacenar los medicamentos de uso más frecuente en las zonas o espacios más accesibles.,"Si se almacenan lotes de distinta caducidad, siempre serán los de caducidad más próxima los que tengan prioridad de salida.","Almacenar los medicamentos más termoestables en las zonas más frías de la cámara o nevera, reservando las zonas menos frías para los más termolábiles.",Señalizar en el exterior de la nevera o frigorífico la ubicación de las distintas especialidades farmacéuticas.,C,"Almacenar los medicamentos más termoestables en las zonas más frías de la cámara o nevera, reservando las zonas menos frías para los más termolábiles.",No Legislación
Aragón,2019,71,¿Qué tipo de muestreo no probabilístico utilizaría un investigador que quiere entrevistar a un grupo de población en riesgo de exclusión social en Huesca?,Sistemático.,Bola de nieve.,Aleatorio estratificado.,Aleatorio simple.,B,Bola de nieve.,No Legislación
Aragón,2019,72,Ingresa un paciente con quemaduras con más del 25% de su cuerpo. ¿Qué tipo de aislamiento usaríamos?,Aislamiento inverso.,Aislamiento entérico.,Aislamiento parenteral.,Ningún aislamiento.,A,Aislamiento inverso.,No Legislación
Aragón,2019,73,"Cuando se dice que el Proceso de Atención de Enfermería (PAE) es flexible, se refiere a que:",Incluye evaluación de resultados.,Se basa en el logro de objetivos.,Se puede aplicar a cualquier especialidad de enfermería.,Permite identificar las respuestas del paciente.,C,Se puede aplicar a cualquier especialidad de enfermería.,No Legislación
Aragón,2019,74,"Indique cuál de estas herramientas se utiliza en los programas de Educación para la salud en los centros educativos de Aragón, con los alumnos de secundaria y bachillerato.",Cine.,Pintura.,Baile.,Teatro.,A,Cine.,No Legislación
Aragón,2019,75,"Un preparado de nutrición enteral con un aporte proteico que suponga el 18-30% del aporte energético total, será:",Hipotroteico.,Normoproteico.,Equilibrado.,Hiperproteico.,D,Hiperproteico.,No Legislación
Aragón,2019,76,"Dentro de las fuentes primarias de información, los documentos que no siguen los canales habituales de publicación y difusión, se denominan:",Literatura amarilla.,Literatura gris.,Literatura no invisible.,Documentos clasificados.,B,Literatura gris.,No Legislación
Aragón,2019,77,"Según el calendario de vacunación del adulto de la Comunidad Autónoma de Aragón, un paciente nacido antes de 1969 acude al centro de salud porque viaja a Italia donde hay un brote de sarampión. Se recomienda:",Poner una dosis de triple vírica.,Poner dos dosis de triple vírica.,No se recomienda vacunar de forma general.,Acudir a la consulta después del viaje.,C,No se recomienda vacunar de forma general.,No Legislación
Aragón,2019,78,En personas mayores pueden aparecer cambios oculares entre los que NO se encuentra:,Disminución de presbicia.,Disminución de elasticidad de cristalino.,Disminución de la sensibilidad corneal.,Aumento de riesgo de formación de glaucoma.,A,Disminución de presbicia.,No Legislación
Aragón,2019,79,"Según el modelo de relaciones interpersonales de Hildegard Peplau, la relación entre el profesional de enfermería y el paciente evoluciona en cuatro fases según el siguiente orden:","1º identificación, 2º autoconcepto, 3º dominio de su rol y 4º resolución.","1º orientación, 2º apoyo, 3º actuación y 4º enseñanza.","1º orientación, 2º identificación, 3º explotación y 4º resolución.","1º actuación, 2º orientación, 3º enseñanza y 4º resolución.",C,"1º orientación, 2º identificación, 3º explotación y 4º resolución.",No Legislación
Aragón,2019,80,"A la situación cuando la madre, padre o responsables legales hacen dejación de su responsabilidad de controlar y manejar de manera adaptativa el comportamiento de sus hijos/as o intentan hacerlo de manera notoriamente inadecuada y dañina para éstos/as, se denomina:",Maltrato psicológico.,Incapacidad parental de control de la conducta.,Abandono.,Negligencia emocional.,B,Incapacidad parental de control de la conducta.,No Legislación
Aragón,2019,81,"En nuestro sistema sanitario, para la práctica de cirugía menor en atención primaria pueden utilizarse las siguientes modalidades de anestesia, EXCEPTO:",Anestesia tópica.,Infiltración local.,Anestesia neuroaxial.,Bloqueo nervioso (troncular).,C,Anestesia neuroaxial.,No Legislación
Aragón,2019,82,"Según la Ley 39/2006, de promoción de la autonomía personal y atención a las personas en situación de dependencia, en el artículo 2 se definen varios conceptos presentes en la Ley. ¿Cuál de estas definiciones NO es correcta?","Autonomía: la capacidad del cuidador principal para controlar, afrontar y tomar decisiones acerca de cómo vivir de acuerdo con las normas y preferencias del cuidador, así como de desarrollar las actividades básicas de la vida diaria.","Dependencia: el estado de carácter permanente en que se encuentran las personas que, por razones derivadas de la edad, la enfermedad o la discapacidad, y ligadas a la falta o a la pérdida de autonomía física, mental, intelectual o sensorial.","Actividades Básicas de la Vida Diaria (ABVD): las tareas más elementales de la persona, que le permiten desenvolverse con un mínimo de autonomía e independencia.",Necesidades de apoyo para la autonomía personal: las que requieren las personas que tienen discapacidad intelectual o mental para hacer efectivo un grado satisfactorio de autonomía personal en el seno de la comunidad.,A,"Autonomía: la capacidad del cuidador principal para controlar, afrontar y tomar decisiones acerca de cómo vivir de acuerdo con las normas y preferencias del cuidador, así como de desarrollar las actividades básicas de la vida diaria.",Legislación
Aragón,2019,83,"En una enfermedad pulmonar, después de la administración de medicamentos por vía inhaladora se recomienda:","Limpiar los inhaladores, especialmente la zona de la boquilla.",Después de inspirar el medicamento aguantar la respiración un minuto y espirar lentamente.,Enjuagar la boca después de la inhalación sin tragar el agua.,Debe esperar un mínimo de 30 segundos antes de la siguiente inhalación.,B,Después de inspirar el medicamento aguantar la respiración un minuto y espirar lentamente.,No Legislación
Aragón,2019,84,"En estadística, sobre el concepto de hipótesis nula:",La hipótesis nula causal señala que la variable dependiente provoca cambio en la variable independiente o que no existen diferencias entre los grupos estudiados.,La hipótesis nula causal señala que la variable dependiente no provoca cambio en la variable independiente o que existen diferencias entre los grupos estudiados.,La hipótesis nula causal señala que la variable independiente no provoca cambio en la variable dependiente o que no existen diferencias entre los grupos estudiados.,Ninguna de las anteriores.,C,La hipótesis nula causal señala que la variable independiente no provoca cambio en la variable dependiente o que no existen diferencias entre los grupos estudiados.,No Legislación
Aragón,2019,85,¿Cuál de las siguientes infecciones NO se transmite al feto atravesando la barrera placentaria?,Gonorrea.,VIH.,Rubeola.,Sífilis.,A,Gonorrea.,No Legislación
Aragón,2019,86,"En cuanto a la utilización de la vía intraósea (IO), señale la respuesta correcta:",En cuanto se realice una reposición de líquidos adecuada debe cambiarse por otro tipo de vía.,En los pacientes pediátricos no es útil este tipo de acceso periférico.,Se debe utilizar en extremidades fracturadas o quemadas o ya puncionadas anteriormente.,En pacientes con traumatismos abdominal grave es de elección colocar la vía IO en los huesos de los miembros inferiores.,A,En cuanto se realice una reposición de líquidos adecuada debe cambiarse por otro tipo de vía.,No Legislación
Aragón,2019,87,Para la elaboración de mapas de procesos asistenciales es cierto que:,Hay que centralizar los servicios si la asistencia está orientada en el paciente.,La razón última del proceso es satisfacer las necesidades y expectativas de sus destinatarios. Este objetivo es el que debe guiar todas las actividades que se realicen.,Los destinatarios son siempre los pacientes.,Los enfoques para elaborar mapas de procesos son siempre los mismos independientemente de sus diferentes atributos.,B,La razón última del proceso es satisfacer las necesidades y expectativas de sus destinatarios. Este objetivo es el que debe guiar todas las actividades que se realicen.,No Legislación
Aragón,2019,88,"En la movilización e inmovilización del paciente por trauma grave, tras la valoración inicial, se colocará collarín cervical, señale la respuesta INCORRECTA:",El collarín cervical está siempre indicado en paciente inconsciente.,Siempre hay que poner collarín cervical ante un traumatismo.,Ante dolor cervical espontáneo o a la palpación.,En cualquier lesión que afecte zonas anatómicas por encima de las clavículas.,B,Siempre hay que poner collarín cervical ante un traumatismo.,No Legislación
Aragón,2019,89,"En relación al sondaje vesical, es cierto que:",El sondaje permanente es de larga duración cuando es superior a 20 días.,La incidencia de bacterias en la orina aumenta entre un 3% y un 10% cada día posterior a la inserción de la sonda vesical.,"Se deben usar sistemas de drenajes abiertos, evitando la desconexión entre sonda, tubo y bolsa.",Los catéteres de silicona son los que presentan menor biocompatibilidad.,B,La incidencia de bacterias en la orina aumenta entre un 3% y un 10% cada día posterior a la inserción de la sonda vesical.,No Legislación
Aragón,2019,90,"En la encefalopatía hepática, el objetivo terapéutico es combatir los factores desencadenantes. Indique cuál NO es una medida general de soporte:",Colocar una sonda nasogástrica para administrar terapias orales en pacientes que no pueden tragar o con riesgo de aspiración.,"Hidratación óptima. La administración de líquidos no salinos en gran cantidad debe realizarse con cautela para evitar la inducción de hiponatremia, particularmente en pacientes con cirrosis avanzada.","Corregir las alteraciones iónicas y ácido-bases. En casos de hiponatremia grave, debe corregirse lentamente.",Indicar dieta astringente para favorecer el estreñimiento.,D,Indicar dieta astringente para favorecer el estreñimiento.,No Legislación
Aragón,2019,91,"En el Documento de voluntades anticipadas en Aragón, es cierto que:",No podrá incluir la declaración de voluntad sobre donaciones y destino del cuerpo interesado.,Los profesionales sanitarios deben consultar el fichero automatizado desde la aplicación del Registro de Voluntades Anticipadas cada vez que atiendan a un paciente cuyo estado físico o mental le impida tomar decisiones por sí mismo.,"Las personas menores, mayores de 16 años, podrán prestar por sí mismas, consentimiento informado y otorgar documento de voluntades anticipadas, con la asistencia en los casos previstos en el artículo 21 de la Ley 13/2006, de 27 de diciembre, de derechos de la persona, de uno cualquiera de sus padres que esté en ejercicio de la autoridad familiar o, en su defecto, del tutor.","Es necesaria la presencia de dos testigos mayores de edad, de los cuales uno de ellos debe tener relación de parentesco hasta el segundo grado y estar vinculado por relación patrimonial con la persona que vaya a hacer el documento de voluntades.",B,Los profesionales sanitarios deben consultar el fichero automatizado desde la aplicación del Registro de Voluntades Anticipadas cada vez que atiendan a un paciente cuyo estado físico o mental le impida tomar decisiones por sí mismo.,Legislación
Aragón,2019,92,¿En qué año comenzó en la Comunidad Autónoma de Aragón el Programa de detección de cáncer de mama?,1985.,1996.,1999.,2003.,B,1996.,No Legislación
Aragón,2019,93,"Conforme a la Estrategia Nacional de Salud Sexual y Reproductiva, ¿cuál de estos NO es un criterio aceptado para dar un alta temprana a una madre?",Parto vaginal.,No se conozca AgHBs materno.,Residir a menos de 20 Km. de un centro hospitalario.,Buena evolución de la episiotomía.,B,No se conozca AgHBs materno.,No Legislación
Aragón,2019,94,En la Taxonomía II de NANDA-International dentro del Dominio 10-Principios vitales se encuentra incluida la clase:,Valores.,Respuestas de afrontamiento.,Roles del cuidador.,Relaciones familiares.,A,Valores.,No Legislación
Aragón,2019,95,"El diagnóstico de enfermería de NANDA-I ""Riesgo de caídas"" (0155), incluye una serie de factores de riesgo, entre los que NO se encuentra:",Estreñimiento.,Anemia.,Artritis.,Vivir solo.,A,Estreñimiento.,No Legislación
Aragón,2019,96,"Una persona, diagnosticada de trastorno obsesivo compulsivo, se lava con excesiva frecuencia las manos. Indica la finalidad de esta conducta:",Evitar contaminación por suciedad.,Para aliviar su ansiedad.,Para aumentar la sensación de control sobre su vida.,Para aumentar su autoestima.,B,Para aliviar su ansiedad.,No Legislación
Aragón,2019,97,"Según el Real Decreto-ley 9/2014, de 4 de julio, por el que se establecen las normas de calidad y seguridad para la donación, obtención, evaluación, procesamiento, preservación, almacenamiento y distribución de células y tejidos humanos, se define como uso autólogo:",El proceso mediante el cual las células o los tejidos son extraídos y aplicados a la misma persona.,El proceso mediante el cual las células o tejidos son extraídos de una persona y aplicados a otra.,Cualquier procedimiento en el que las células son obtenidas de un familiar y usadas sin mediar ningún tipo de procesamiento o almacenamiento.,Las células y/o tejidos son obtenidos con la finalidad de ser preservados de un cadáver homólogo para su aplicación hipotética futura en la misma persona.,A,El proceso mediante el cual las células o los tejidos son extraídos y aplicados a la misma persona.,Legislación
Aragón,2019,98,"La etiqueta ""Manejo de la energía"" corresponde a la taxonomía:",NANDA-I.,NIC.,NOC.,Patrón funcional.,B,NIC.,No Legislación
Aragón,2019,99,¿Qué tipo de drenaje NO corresponde a un drenaje pasivo?,Sonda Kehr.,Sonda Foley.,Aspiración continua.,Capilaridad.,C,Aspiración continua.,No Legislación
Aragón,2019,100,"Según la DSM-5, NO es un criterio diagnóstico de los trastornos por atracón:","Se producen, de promedio, al menos una vez a la semana durante tres meses.",Se asocia a la presencia recurrente de un comportamiento inapropiado.,"Se asocia a comer mucho más rápido de lo normal, mayor cantidad de comida sin tener hambre y sentirse desagradablemente lleno.",Se siente un malestar intenso ante los atracones.,B,Se asocia a la presencia recurrente de un comportamiento inapropiado.,No Legislación
Aragón,2019,101,Cuál de los siguientes NO es un signo/síntoma de lesión de neurona motora inferior en los pacientes con Enfermedad Lateral Amiotrófica (ELA):,Fasciculaciones.,Hiperreflexia.,Atrofia muscular.,Debilidad muscular.,B,Hiperreflexia.,No Legislación
Aragón,2019,102,La administración conjunta de furosemida y digoxina puede producir:,Ototoxicidad.,Nefrotoxicidad.,Aumento del riesgo de arritmias.,Hiperglucemia.,C,Aumento del riesgo de arritmias.,No Legislación
Aragón,2019,103,"Ante un paciente que expresa preocupación respecto a su propia sexualidad, se identifica el diagnostico enfermero NANDA:",Impotencia.,Disfunción sexual.,Patrón sexual ineficaz.,Sufrimiento espiritual.,C,Patrón sexual ineficaz.,No Legislación
Aragón,2019,104,"En el caso de manipulación de pacientes con tracciones esqueléticas en extremidades inferiores, señale la respuesta INCORRECTA:","Para movilizar al paciente se retiran los contrapesos, se deja de realizar la tracción y se vuelven a colocar los contrapesos una vez esté el paciente en reposo de nuevo.",Los contrapesos deben estar suspendidos libremente y no apoyar en la cama o en el suelo.,"Los cables que realizan la tracción deben estar en línea recta, sin obstáculos ni roces en su trayectoria.",Se debe centrar el cuerpo del paciente en la cama y alineado con la tracción.,A,"Para movilizar al paciente se retiran los contrapesos, se deja de realizar la tracción y se vuelven a colocar los contrapesos una vez esté el paciente en reposo de nuevo.",No Legislación
Aragón,2019,105,Entre las posibles causas de obesidad inducida por fármacos NO se encuentra la toma de:,Glucocorticoides.,Risperidona.,Anticonceptivos orales.,Orlistat.,D,Orlistat.,No Legislación
Aragón,2019,106,Los ensayos clínicos aleatorios:,En España los ensayos clínicos no están recogidos en la Ley General de Sanidad.,Permiten conocer la eficiencia de una determinada intervención.,No precisan describir criterios de selección de los sujetos de investigación.,Requieren la asignación aleatoria de los sujetos de investigación.,D,Requieren la asignación aleatoria de los sujetos de investigación.,No Legislación
Aragón,2019,107,"A un paciente con diabetes, tras exploración vascular, se le realiza el índice tobillo brazo (ITB) obteniendo un resultado ITB derecho de 1,1 e ITB izquierdo de 0,8. Dichos resultados indican:",Enfermedad arterial oclusiva en ambas piernas.,Enfermedad arterial oclusiva solamente en pierna derecha.,Enfermedad arterial oclusiva solamente en pierna izquierda.,No presenta enfermedad arterial periférica.,C,Enfermedad arterial oclusiva solamente en pierna izquierda.,No Legislación
Aragón,2019,108,"Entre las complicaciones durante la inserción del catéter o tubo en la realización de un drenaje torácico, NO se encuentra:",Neumonía por aspiración.,Neumotórax.,Hemotórax.,Lesión del nervio intercostal.,A,Neumonía por aspiración.,No Legislación
Aragón,2019,109,¿Cuál de los siguientes programas informáticos es un sistema de registro específico de la actividad enfermera?,OMI-AP.,GACELA.,REBECA.,SIAP.,B,GACELA.,No Legislación
Aragón,2019,110,"En la intervención NIC ""Cuidados de la incontinencia urinaria"" (0610), se pueden realizar diferentes actividades entre las que NO se encuentra:",Explicar la etiología del problema y el fundamento de las acciones.,"Proporcionar prendas protectoras, si es necesario.",Pérdidas de orina entre micciones.,"Enseñar al paciente a beber un mínimo de 1,5 l. de líquido al día.",C,Pérdidas de orina entre micciones.,No Legislación
Aragón,2022,1,"Señale la respuesta INCORRECTA. La Ley 39/2015, de 1 de octubre, del Procedimiento Administrativo Común de las Administraciones Públicas, se aplica a:",Los partidos políticos y las organizaciones sindicales.,La Administración General del Estado.,Las Administraciones de las Comunidades Autónomas.,Las Entidades que integran la Administración Local.,A,Los partidos políticos y las organizaciones sindicales.,Legislación
Aragón,2022,2,"Conforme a la Orden SAN/441/2021, de 27 de abril, por la que se distribuyen funciones y responsabilidades en materia de prevención de riesgos laborales entre los diferentes órganos del Servicio Aragonés de Salud, la aprobación del Plan de Prevención de Riesgos Laborales del Servicio Aragonés de Salud corresponde a:",La Dirección de Área de Coordinación Asistencial.,"La Dirección de Área de Obras, Instalaciones y Equipamientos del SALUD.",La Dirección de Área de Recursos Humanos.,La Dirección Gerencia del Servicio Aragonés de Salud.,D,La Dirección Gerencia del Servicio Aragonés de Salud.,Legislación
Aragón,2022,3,"Conforme al artículo 27 del Decreto 174/2010, de 21 de septiembre, del Gobierno de Aragón, por el que se aprueba la estructura y funcionamiento de las áreas y sectores del Sistema de Salud de Aragón, el Gerente del Sector será designado por:",El Presidente del Gobierno de Aragón.,El Gobierno de Aragón.,El titular del Departamento responsable en materia de Salud.,El Gerente del Servicio Aragonés de Salud.,C,El titular del Departamento responsable en materia de Salud.,Legislación
Aragón,2022,4,"Conforme al artículo 43 de la Ley 55/2003, de 16 de diciembre, del Estatuto Marco del personal estatutario de los servicios de salud, el complemento destinado a retribuir las condiciones particulares de algunos puestos en atención a su especial dificultad técnica, dedicación, responsabilidad, incompatibilidad, peligrosidad o penosidad, se denomina:",Complemento de destino.,Complemento específico.,Complemento de productividad.,Complemento de atención continuada.,B,Complemento específico.,Legislación
Aragón,2022,5,"Conforme al artículo 9 de la Ley 9/2013, de 28 de noviembre, de Autoridad de Profesionales del Sistema Sanitario y de Servicios Sociales Públicos de Aragón, el departamento competente en materia de sanidad y asuntos sociales desarrollará medidas para apoyar a las profesionales víctimas de violencia, EXCEPTO:",El apoyo psicológico y médico necesario cuando así lo requieran.,La protección necesaria para que se garantice su derecho a la intimidad.,"La asistencia necesaria para los profesionales que puedan ser víctimas de violencia, desde su solicitud y durante todo el proceso.",La calidad permanente en los servicios de atención especializada.,D,La calidad permanente en los servicios de atención especializada.,Legislación
Aragón,2022,6,"Conforme al artículo 37 de la Ley 55/2003, de 16 de diciembre, del Estatuto Marco del personal estatutario de los servicios de salud, cuando de un procedimiento de movilidad voluntaria se derive un cambio en el Servicio de Salud de destino, el plazo de la toma de posesión será de:",Tres días a contar desde el día del cese en el destino anterior.,Quince días a contar desde el día del cese en el destino anterior.,Treinta días a contar desde el día del cese en el destino anterior.,Un mes a contar desde el día del cese en el destino anterior.,D,Un mes a contar desde el día del cese en el destino anterior.,Legislación
Aragón,2022,7,"De conformidad con la Ley 4/2018, de 19 de abril, de Identidad y Expresión de Género e Igualdad Social y no Discriminación de la Comunidad Autónoma de Aragón, la identidad sexual o de género se define como:",La vivencia interna e individual del género tal y como cada persona la siente y autodetermina.,La definida por terceros.,El sexo asignado al momento del nacimiento.,La que figura en el Documento Nacional de Identidad u otro documento equivalente.,A,La vivencia interna e individual del género tal y como cada persona la siente y autodetermina.,Legislación
Aragón,2022,8,"El Estatuto de Autonomía de Aragón, aprobado por la Ley Orgánica 5/2007, de 20 de abril, establece que la Seguridad Social, a excepción de las normas que configuran su régimen económico, es una competencia:",Exclusiva.,Ejecutiva.,Compartida.,Básica.,C,Compartida.,Legislación
Aragón,2022,9,"Conforme al artículo 9 de la Ley 6/2002, de 15 de abril, de Salud de Aragón, cuál de los siguientes supuestos es INCORRECTO:",El titular con derecho a la información clínica es el paciente.,El titular con derecho a la información clínica es el paciente y los familiares o personas allegadas cuando preste su conformidad de forma explícita.,"Si el médico responsable de la asistencia considera que el paciente no se encuentra en condiciones de recibir la información debido a su estado físico o psíquico, deberá ponerla en conocimiento de los familiares o personas allegadas al paciente.","En el supuesto de incapacidad del paciente, este no debe ser informado.",D,"En el supuesto de incapacidad del paciente, este no debe ser informado.",Legislación
Aragón,2022,10,"Según la Ley 16/2003, de 28 de mayo, de Cohesión y Calidad del Sistema Nacional de Salud indica ¿cuál de las siguientes prestaciones NO corresponde a Atención Primaria?:","La asistencia sanitaria a demanda, urgente y programada.",Prescripción y realización de técnicas y procedimientos diagnósticos.,"Las actividades en prevención, promoción de la salud, atención familiar y comunitaria.","La asistencia especializada en hospital de día, médico-quirúrgica.",D,"La asistencia especializada en hospital de día, médico-quirúrgica.",Legislación
Aragón,2022,11,"Conforme al artículo 81 de la Constitución Española, la aprobación, modificación o derogación de las leyes orgánicas exigirá:",Mayoría de dos tercios del Congreso.,Mayoría de tres quintos del Congreso.,Mayoría simple del Congreso.,Mayoría absoluta del Congreso.,D,Mayoría absoluta del Congreso.,Legislación
Aragón,2022,12,"De conformidad con el Real Decreto Legislativo 5/2015, de 30 de octubre, por el que se aprueba el texto refundido de la Ley del Estatuto Básico del Empleado Público, ¿cuál de los siguientes principios NO forma parte del Código de Conducta de los empleados públicos?:","No aceptarán ningún trato de favor o situación que implique privilegio o ventaja injustificada, por parte de personas físicas o entidades privadas.",Los empleados públicos respetarán la Constitución y el resto de normas que integran el ordenamiento jurídico.,"Tratarán con atención y respeto a los ciudadanos, a sus superiores y a los restantes empleados públicos.",Resolverán los expedientes de su competencia en un plazo máximo de 10 días.,D,Resolverán los expedientes de su competencia en un plazo máximo de 10 días.,Legislación
Aragón,2022,13,"El artículo 2 de la Ley 41/2002 Básica reguladora de la autonomía del paciente y de derechos y obligaciones en materia de información y documentación clínica, refiere, entre sus principios básicos:","El paciente o usuario tiene derecho a decidir libremente, después de recibir la información adecuada, entre los profesionales clínicos disponibles.",Los pacientes o usuarios tienen el deber de facilitar los datos sobre su estado físico o sobre su salud de manera leal y verdadera.,"Buena parte de las actuaciones en el ámbito de la sanidad requieren, con carácter general, el previo consentimiento de los pacientes o usuarios.",La persona que elabore o tenga acceso a la información y la documentación clínica será profesional sanitario.,B,Los pacientes o usuarios tienen el deber de facilitar los datos sobre su estado físico o sobre su salud de manera leal y verdadera.,Legislación
Aragón,2022,14,"Según la Ley 44/2003, de 21 de noviembre, de ordenación de las profesiones sanitarias, con el fin de armonizar el ejercicio de las funciones que las Administraciones sanitarias públicas y demás instituciones y organismos ostentan en materia de formación continuada, así como coordinar las actuaciones que se desarrollen en dicho campo, se constituye la:",Comisión de Docencia.,Comisión Autonómica para la Formación Continuada.,Comisión de Formación Continuada.,Consejo Nacional de Especialidades.,C,Comisión de Formación Continuada.,Legislación
Aragón,2022,15,"Conforme al artículo 5 de la Ley Orgánica 3/2018, de 5 de diciembre, de Protección de Datos Personales y garantía de los derechos digitales, el deber de confidencialidad y de secreto profesional de los responsables y encargados del tratamiento de datos se mantendrá:",Hasta que finalice la relación del obligado con el responsable o encargado del tratamiento.,Hasta 2 años después de que finalice la relación del obligado con el responsable o encargado del tratamiento.,Hasta 3 años después de que finalice la relación del obligado con el responsable o encargado del tratamiento.,Aun cuando hubiese finalizado la relación del obligado con el responsable o encargado del tratamiento.,D,Aun cuando hubiese finalizado la relación del obligado con el responsable o encargado del tratamiento.,Legislación
Aragón,2022,16,"Indique la respuesta correcta, en relación con la población en Aragón:",Más de la mitad de la población vive en capitales de provincia.,La población extranjera representa más del 25% de la población.,La población total de Aragón supera los 2 millones de personas.,Los municipios de hasta 2.000 habitantes suponen el 50% del total de la población.,A,Más de la mitad de la población vive en capitales de provincia.,No Legislación
Aragón,2022,17,¿Cuál de las siguientes soluciones puede mezclarse en vía periférica en una transfusión de hemoderivados?:,Solución de Ringer lactato.,Solución glucosalina al 5 %.,"Suero fisiológico al 0,9 %.",Suero glucosado al 5 %.,C,"Suero fisiológico al 0,9 %.",No Legislación
Aragón,2022,18,¿Cuál de los siguientes es un factor interno que afecta a la colaboración en los cuidados centrados en la persona y la familia?:,Los determinantes de la salud.,La estructura y el entorno sanitario.,Las características de los profesionales de la salud y de la persona y su familia.,La evolución y la dinámica.,C,Las características de los profesionales de la salud y de la persona y su familia.,No Legislación
Aragón,2022,19,"Según fuentes del Ministerio de Sanidad, en España el coste medio por proceso más elevado corresponde a:",Oxigenación por membrana extracorpórea (ECMO).,Leucemia aguda.,Trasplante cardíaco.,Trauma en la cabeza con coma profundo.,C,Trasplante cardíaco.,No Legislación
Aragón,2022,20,"Dentro de las actividades relacionadas con la intervención enfermera NIC [1200] Administración de nutrición parenteral total (NPT), NO se encuentra:","Mantener la permeabilidad y el apósito de la vía central, según el protocolo del centro.",Utilizar una bomba de infusión para el aporte de las soluciones de NPT.,"Facilitar el uso del catéter para fines distintos a la administración de NPT (p. ej., transfusiones de sangre y toma de muestras de sangre).",Evitar pasar rápidamente la solución de NPT que se ha retrasado para la infusión de otras sustancias.,C,"Facilitar el uso del catéter para fines distintos a la administración de NPT (p. ej., transfusiones de sangre y toma de muestras de sangre).",No Legislación
Aragón,2022,21,"Si se valora a un paciente que se encuentra en atención domiciliaria mediante el índice de Katz, se evalúa:",Su riesgo de úlceras por presión.,Su capacidad para realizar las actividades de la vida diaria básica.,Su capacidad cognitiva.,Su grado de depresión.,B,Su capacidad para realizar las actividades de la vida diaria básica.,No Legislación
Aragón,2022,22,¿Cuál de los siguientes es un indicador de evaluación dentro del programa de la Estrategia de Atención al paciente Crónico Complejo de Aragón?:,Porcentaje de altas de pacientes incluidos en programa en los que el Equipo de Atención Primaria realiza una visita presencial en los primeros diez días desde el alta.,Porcentaje de pacientes incluidos en el programa que han fallecido en los doce primeros meses.,Prevalencia de pacientes con enfermedad crónica registrada en Atención Primaria.,Porcentaje de pacientes de la población diana (GMA ≥ percentil 65) que se han incluido en el programa.,C,Prevalencia de pacientes con enfermedad crónica registrada en Atención Primaria.,No Legislación
Aragón,2022,23,"Según N. Dezin, en investigación cualitativa NO es un tipo de triangulación:",La triangulación de datos.,La triangulación de teorías.,La triangulación de técnicas.,La triangulación de conveniencia.,D,La triangulación de conveniencia.,No Legislación
Aragón,2022,24,"Después de identificar el diagnóstico enfermero de Afrontamiento Inefectivo (00069) con el fin de valorar específicamente el mismo, se debe indagar en los siguientes aspectos, EXCEPTO:",La percepción de la propia capacidad para manejar el estrés.,La posibilidad de solicitar ayuda a los familiares o amigos.,El grado de estrés o ansiedad.,Variabilidad térmica de la persona.,D,Variabilidad térmica de la persona.,No Legislación
Aragón,2022,25,"El diagnóstico NANDA [00279] Deterioro de los procesos de pensamiento, tiene entre sus características:",Secuencia organizada de pensamiento.,Deterioro de la interpretación de acontecimientos.,Capacidad de juicio conservada.,Respuesta emocional adecuada a las situaciones.,B,Deterioro de la interpretación de acontecimientos.,No Legislación
Aragón,2022,26,"Según el proceso de atención a los pacientes con desnutrición en Aragón, ¿cuál de las siguientes escalas se recomienda para el cribado de Desnutrición?:",El Nutritional Risk Screening 2002 (NRS 2002).,Mini Nutritional Assessment (MNA).,Short Nutritional Assessment Questionnaire (SNAQ).,Malnutrition Screening Tool (MST).,B,Mini Nutritional Assessment (MNA).,No Legislación
Aragón,2022,27,Entre los objetivos del Programa de Atención al Ictus en Aragón NO se encuentra:,Reconocer exclusivamente por personal entrenado los primeros síntomas de un Ictus y actuar con rapidez para proporcionar un tratamiento específico.,"Incidir en el conocimiento del Ictus y su prevención con mensajes claros, concretos y mantenidos en el tiempo.","Incidir en la adquisición de estilos de vida saludables y la necesidad de vigilar y controlar los factores de riesgo cardiovascular (hipertensión, diabetes, abuso del alcohol, tabaco, sedentarismo, obesidad).",Controlar la adherencia de las personas en riesgo de sufrir un Ictus a los tratamientos indicados y a los hábitos de salud recomendados.,A,Reconocer exclusivamente por personal entrenado los primeros síntomas de un Ictus y actuar con rapidez para proporcionar un tratamiento específico.,No Legislación
Aragón,2022,28,¿Cómo está estructurada la clasificación de los diagnósticos en la Taxonomía II de NANDA Internacional?:,"Dominios, clases y diagnósticos.","Campos, clases y diagnósticos.","Diagnósticos, dominios y campos.","Dominios, campos y clases.",A,"Dominios, clases y diagnósticos.",No Legislación
Aragón,2022,29,"Entre las manifestaciones que presentan los enfermos de Alzheimer, NO se encuentra:",Negativismo.,Labilidad emocional.,Perseveraciones verbales.,Parpadeo compulsivo.,D,Parpadeo compulsivo.,No Legislación
Aragón,2022,30,El Plan de Salud de Aragón 2030 aprobado en Consejo de Gobierno en mayo de 2018 estableció 4 áreas prioritarias. ¿Cuál de las siguientes NO es un área prioritaria de este plan?:,Mejorar la salud en todas las etapas de la vida.,Investigar en salud medio ambiental.,Orientar el sistema sanitario hacia las personas.,"Impulsar la información, la investigación y la formación en salud.",B,Investigar en salud medio ambiental.,No Legislación
Aragón,2022,31,"Dentro del plan de cuidados de enfermería para la atención de pacientes con necesidad de cuidados paliativos, ¿cuál de los siguientes Diagnósticos de Enfermería NO priorizarías?:",Afrontamiento familiar comprometido.,Temor.,Ansiedad ante la muerte.,Desequilibrio nutricional por exceso.,D,Desequilibrio nutricional por exceso.,No Legislación
Aragón,2022,32,¿Cuál de las siguientes enfermedades forma parte del cribado neonatal de enfermedades endocrino metabólicas?:,Hipertiroidismo congénito.,Acidemia glutárica tipo I.,Anemia normocítica.,Deficiencia de Acil-coencima A-deshidrogenasa de cadena larga.,B,Acidemia glutárica tipo I.,No Legislación
Aragón,2022,33,Señale la respuesta correcta respecto a los modelos de enfermería:,El modelo de Hildegard Peplau se puede catalogar como de la orientación de teoría de sistemas.,El modelo de Dorothy Johnson se puede catalogar como de relación interpersonal.,El modelo de Martha Rogers se puede catalogar como de campo de energía.,El modelo de Callista Roy se puede catalogar en el marco filosófico.,B,El modelo de Dorothy Johnson se puede catalogar como de relación interpersonal.,No Legislación
Aragón,2022,34,"Respecto al Síndrome Compartimental Agudo, señale la respuesta INCORRECTA:",El dolor desaparece con el reposo y no deja secuelas en el tejido afectado.,La causa más frecuente son las fracturas.,"En el examen físico se observa cianosis, disminución de la movilidad y disminución del pulso de la arteria principal del compartimento afectado.","Se produce tensión en la zona, hinchazón y alteraciones sensitivas distales.",A,El dolor desaparece con el reposo y no deja secuelas en el tejido afectado.,No Legislación
Aragón,2022,35,El estribo de Böhler se utiliza en:,Tracción manual.,Tracción cutánea.,Tracción transesquelética.,Tracción blanda.,C,Tracción transesquelética.,No Legislación
Aragón,2022,36,La escala de Glasgow para la valoración del nivel de conciencia incluye:,Valoración de las pupilas y respuesta motora.,Valoración del dolor y respuesta verbal.,Valoración de los pares craneales.,"Valoración ocular, respuesta motora y respuesta verbal.",D,"Valoración ocular, respuesta motora y respuesta verbal.",No Legislación
Aragón,2022,37,¿Cuál de las siguientes afirmaciones sobre las pautas que indirectamente protegen de los trastornos de la conducta alimentaria NO se deben transmitir como mensajes a la familia y al adolescente?:,Se recomienda realizar al menos una comida en casa al día con la familia.,Se recomienda facilitar la comunicación y mejorar la autoestima de los adolescentes evitando que las conversaciones familiares giren compulsivamente sobre la alimentación y la imagen.,"Se recomienda evitar bromas y desaprobaciones sobre el cuerpo, el peso o la forma de comer de los niños y adolescentes.",Se recomienda no hablar con los niños y adolescentes sobre los trastornos de la conducta alimentaria explícitamente.,D,Se recomienda no hablar con los niños y adolescentes sobre los trastornos de la conducta alimentaria explícitamente.,No Legislación
Aragón,2022,38,En el consejo nutricional a los padres de niños de 2 a 6 años se incluyen los siguientes EXCEPTO:,"Llevar una dieta variada, que incluya alimentos de todos los grupos.",Limitar el acceso a alimentos y bebidas de alto contenido calórico y bajo en nutrientes.,Evitar el uso de la comida o alimentos concretos como recompensa.,Utilizar complementos proteicos y vitamínicos antes de la práctica deportiva.,D,Utilizar complementos proteicos y vitamínicos antes de la práctica deportiva.,No Legislación
Aragón,2022,39,"Según la Escala Gijón de valoración sociofamiliar en el anciano (versión reducida), la ""situación social buena"" se obtiene con una puntuación de:",Más de 15 puntos.,Entre 15 y 20 puntos.,Menor o igual a 7 puntos.,Entre 10 y 14 puntos.,C,Menor o igual a 7 puntos.,No Legislación
Aragón,2022,40,¿Qué modelo teórico proporciona a las enfermeras un marco para seleccionar las intervenciones que correspondan a cada fase del cambio de conducta?:,Modelo de equilibrio decisorio.,Modelo de etapas de cambio.,Modelo de autoeficiencia.,Modelo de autocuidado.,B,Modelo de etapas de cambio.,No Legislación
Aragón,2022,41,"La clasificación NIC, en su estructura, agrupa las intervenciones de enfermería en:",Campos y clases.,Dominios y campos.,Dominios y actividades.,Intervenciones y actividades.,A,Campos y clases.,No Legislación
Aragón,2022,42,¿Cuál de las siguientes suturas es de origen natural?:,Seda.,Poliéster.,Poligliconato.,Poliglactina.,A,Seda.,No Legislación
Aragón,2022,43,En un paciente diabético. ¿Cuál de las siguientes complicaciones es microvascular?:,Nefropatía diabética.,Enfermedad vascular cerebral.,Enfermedad vascular periférica.,Cardiopatía isquémica.,A,Nefropatía diabética.,No Legislación
Aragón,2022,44,La fase II de un ensayo clínico con medicamentos se caracteriza por:,Demostrar la seguridad del compuesto y orientar hacia la pauta de administración más adecuada para estudios posteriores.,Evaluar la eficacia y seguridad del tratamiento experimental en las condiciones de uso más parecidas a las habituales en la práctica clínica.,"Estudiar las condiciones de uso distintas de las autorizadas, como nuevas indicaciones del medicamento.",Proporciona información preliminar sobre la eficacia del producto y establece la relación dosis-respuesta.,D,Proporciona información preliminar sobre la eficacia del producto y establece la relación dosis-respuesta.,No Legislación
Aragón,2022,45,"Según las recomendaciones de la Organización Mundial de la Salud, ¿qué método anticonceptivo se recomienda en la adolescencia?:",Método Billings.,Método temperatura basal.,Esponja vaginal.,Preservativo.,D,Preservativo.,No Legislación
Aragón,2022,46,Respecto a la hipertrofia benigna de próstata es cierto que:,Es la segunda causa de obstrucción del tracto urinario inferior en el hombre.,Puede acompañarse de disminución en los niveles de la PSA sin tratamiento.,La intensidad de los síntomas es directamente proporcional al tamaño de la glándula.,Puede acompañarse de insuficiencia renal crónica.,D,Puede acompañarse de insuficiencia renal crónica.,No Legislación
Aragón,2022,47,"Según las necesidades y recomendaciones nutricionales para un adulto sano, ¿cuál es la proporción recomendada de los diferentes nutrientes en una dieta equilibrada?",Hidratos de carbono 50-60% / Grasas 25-30% / Proteínas 15-20% del aporte energético diario.,Hidratos de carbono 40-50% / Grasas 15-20% / Proteínas 25-30% del aporte energético diario.,Hidratos de carbono > 60% / Grasas 25% / Proteínas 10% de aporte energético diario.,Hidratos de carbono > 50% / Grasas 35% / Proteínas 25% del aporte energético diario.,A,Hidratos de carbono 50-60% / Grasas 25-30% / Proteínas 15-20% del aporte energético diario.,No Legislación
Aragón,2022,48,"En relación a los Patrones funcionales de M. Gordon, NO se puede afirmar que:",La valoración por patrones funcionales tiene como objetivo determinar el perfil funcional del individuo.,"El juicio sobre si un patrón es funcional o disfuncional se hace comparando los datos obtenidos en la valoración con datos de referencia del individuo, normas establecidas según la edad del individuo, normas sociales o culturales, etc.","Se busca la localización de aquellos patrones funcionales que están alterados, o en riesgo de alteración, en alguna medida, para posteriormente determinar un diagnostico enfermero que describa esa situación.",La valoración de cada uno de los patrones debe evaluarse independientemente del contexto de los demás.,D,La valoración de cada uno de los patrones debe evaluarse independientemente del contexto de los demás.,No Legislación
Aragón,2022,49,La transmisión del virus del Zika NO puede darse:,Por Transmisión digestiva.,Por Transmisión vertical.,Por Transmisión sexual.,Por Transmisión sanguínea.,A,Por Transmisión digestiva.,No Legislación
Aragón,2022,50,Un niño de 10 años tendrá sobrepeso si:,Índice de masa corporal (IMC) se encuentra entre percentil 85 y 94 para la edad y el sexo.,Índice de masa corporal (IMC) es igual o mayor percentil 95 para edad y sexo.,Índice de masa corporal (IMC) es mayor que 30.,Índice de masa corporal (IMC) es entre percentil 80 y 97 para altura y peso.,A,Índice de masa corporal (IMC) se encuentra entre percentil 85 y 94 para la edad y el sexo.,No Legislación
Aragón,2022,51,"Siguiendo la evolución histórica del Proceso de Atención Enfermero, ¿de cuántas etapas constaba según Helen Yura y Mary Walsh?:","Cinco etapas: Valoración, Diagnóstico, Planificación, Ejecución y Evaluación.","Cuatro etapas: Valoración, Planificación, Ejecución y Evaluación.","Tres etapas: Análisis, Síntesis y Ejecución.",Ninguna es correcta.,B,"Cuatro etapas: Valoración, Planificación, Ejecución y Evaluación.",No Legislación
Aragón,2022,52,En la fijación y el sellado de la vía venosa periférica NO se recomienda:,Fijar el catéter utilizando fijación sin sutura.,Utilizar conectores con válvula de cierre a rosca tipo Luer de presión positiva en los puertos de acceso a las vías venosas frente a tapones básicos.,Sellar las vías venosas con suero fisiológico o solución de heparina sódica tras finalizar el lavado de las mismas con el fin de disminuir el riesgo de oclusión.,"Sellar con solución de alcohol al 96 % en pacientes neutropénicos portadores de catéter venoso central no tunelizados de más de un mes de duración, salvo si el catéter es de poliureterano, por el riesgo de degradación del mismo.",D,"Sellar con solución de alcohol al 96 % en pacientes neutropénicos portadores de catéter venoso central no tunelizados de más de un mes de duración, salvo si el catéter es de poliureterano, por el riesgo de degradación del mismo.",No Legislación
Aragón,2022,53,"En Aragón, la hoja de notificación de situaciones de maltrato infantil, de uso en el ámbito sanitario, indica que en caso de notificación urgente, se debe remitir a:",Servicios sociales comunitarios.,Policía.,Servicio especializado de menores.,Centro coordinador de 112.,C,Servicio especializado de menores.,No Legislación
Aragón,2022,54,Las fases de la enfermería basada en la evidencia son:,"Formular una pregunta, encontrar la mejor evidencia disponible, aplicar la evidencia, elaborar protocolos o directrices, evaluar los resultados obtenidos.","Identificar un problema, localizar la mejor evidencia, realizar una lectura crítica de artículos, elaborar protocolos o guías, evaluar los resultados.","Resolver un problema, localizar la mejor evidencia, establecer la población a estudio, aplicar los procedimientos, escribir el artículo de investigación.","Pensar una pregunta, establecer unos criterios, aplicar la evidencia, resumir los puntos más relevantes, evaluar los resultados.",B,"Identificar un problema, localizar la mejor evidencia, realizar una lectura crítica de artículos, elaborar protocolos o guías, evaluar los resultados.",No Legislación
Aragón,2022,55,"¿Cuál de los siguientes corresponde con un grupo de clasificación de residuos sanitarios, en la Comunidad Autónoma de Aragón?:",Grupo I. Residuos sanitarios no específicos.,Grupo II. Cadáveres y restos humanos de entidad.,Grupo V. Residuos químicos.,Grupo VII. Residuos citostáticos.,C,Grupo V. Residuos químicos.,No Legislación
Aragón,2022,56,¿Cuándo se considera que hay una incontinencia urinaria funcional?:,Cuando hay una pérdida súbita de orina al realizar actividades que aumentan la presión intra-abdominal.,"Incapacidad de una persona, para llegar al inodoro a tiempo de evitar la pérdida involuntaria de orina, es el propio paciente quien no puede controlar la micción.",Cuando hay una emisión involuntaria de orina poco después de sentir sensación de orinar.,Cuando hay una pérdida involuntaria de orina asociada a una sobredistensión de la vejiga.,B,"Incapacidad de una persona, para llegar al inodoro a tiempo de evitar la pérdida involuntaria de orina, es el propio paciente quien no puede controlar la micción.",No Legislación
Aragón,2022,57,En un paciente diagnosticado de EPOC ¿cuál de las siguientes complicaciones potenciales es INCORRECTA?:,Desnutrición secundaria a hipoxemia.,Mucositis relacionado con el tratamiento farmacológico.,Hipertermia relacionada con infección.,Mantenimiento ineficaz de la salud.,D,Mantenimiento ineficaz de la salud.,No Legislación
Aragón,2022,58,¿Cuáles son los valores normales de la presión intracraneal (PIC) en el adulto?:,5-15 mm de Hg.,15-20 mm de Hg.,5-15 cm de H2O.,15-20 cm de H2O.,A,5-15 mm de Hg.,No Legislación
Aragón,2022,59,"Ante el diagnóstico enfermero, Disminución del gasto cardíaco relacionado con taquicardia evidenciado por deficiente irrigación sanguínea y alteración de la frecuencia cardiaca, ¿cuál de los siguientes resultados enfermeros NOC se priorizaría?:",0407 Perfusión tisular: periférica.,0406 Perfusión tisular: cerebral.,0405 Perfusión tisular: cardíaca.,0408 Perfusión tisular: pulmonar.,C,0405 Perfusión tisular: cardíaca.,No Legislación
Aragón,2022,60,En los pacientes con cáncer hematológico a menudo se administra una transfusión de glóbulos rojos para aumentar el nivel de hemoglobina y prevenir o tratar los síntomas de la anemia. Señalar la respuesta INCORRECTA:,"Entre los riesgos potenciales de la transfusión se encuentran la erupción cutánea, fiebre, escalofríos y desarrollo de problemas respiratorios.",Las reacciones a las transfusiones generalmente son de carácter leve y se tratan fácilmente.,Las reacciones graves a las transfusiones de eritrocitos son muy frecuentes.,La necesidad de una transfusión de glóbulos rojos generalmente es guiada por el nivel de hemoglobina.,C,Las reacciones graves a las transfusiones de eritrocitos son muy frecuentes.,No Legislación
Aragón,2022,61,"Según el programa de detección precoz del cáncer de colon del Gobierno de Aragón, señale la respuesta correcta:","La población diana incluye a hombres y mujeres de 50 a 69 años, iniciándose por edades comprendidas entre los 60 y 69 años.",La prueba de sangre oculta en heces se realiza cada tres años.,Para la realización de la prueba de sangre oculta en heces hay que realizar una dieta pobre en residuos las 24 horas previas.,Se puede realizar esta prueba si tiene la menstruación siempre y cuando realice un correcto lavado genital.,A,"La población diana incluye a hombres y mujeres de 50 a 69 años, iniciándose por edades comprendidas entre los 60 y 69 años.",No Legislación
Aragón,2022,62,"La presencia de pirosis durante el embarazo se asocia con todos los factores siguientes, EXCEPTO:",Aumento de concentración de progesterona.,Cambios en el metabolismo de los hidratos de carbono.,Relajación del esfínter del cardias.,Desplazamiento del estómago por aumento del tamaño del útero.,B,Cambios en el metabolismo de los hidratos de carbono.,No Legislación
Aragón,2022,63,Es un concepto del modelo de Dorothea E. Orem:,Autocuidado.,Conducta del paciente.,Comunicación.,Necesidad de ayuda.,A,Autocuidado.,No Legislación
Aragón,2022,64,¿Cuál de las siguientes NO es una escala de valoración de lesiones por presión?:,Escala de Waterlow.,Escala de Arnell.,Escala Nova 5.,Escala de Plutchick.,D,Escala de Plutchick.,No Legislación
Aragón,2022,65,¿Cuándo está indicado tratar a nivel ambulatorio la bulimia nerviosa?:,Si no hay riesgo de suicidio.,Si hay complicaciones físicas graves.,Si hay riesgo de autolesión.,Si no hay riesgo de caídas.,A,Si no hay riesgo de suicidio.,No Legislación
Aragón,2022,66,Entre las contraindicaciones de la nutrición enteral NO se encuentra:,Obstrucción intestinal completa.,Estenosis parciales de esófago.,Íleo paralítico.,Hemorragia gastrointestinal activa.,B,Estenosis parciales de esófago.,No Legislación
Aragón,2022,67,La menopausia artificial NO se relaciona con:,Sofocos.,Pérdida de la líbido.,Aumento del flujo vaginal.,Insomnio.,C,Aumento del flujo vaginal.,No Legislación
Aragón,2022,68,En la prevención del cáncer de cuello de útero causado por el virus del papiloma humano (VPH) es cierto que:,El uso del preservativo no reduce el riesgo de infección por el VPH.,Las citologías periódicas constituyen el medio más eficaz para su detección.,La vacuna del VPH elimina la infección si la mujer está infectada.,La vacuna protege frente a todo tipo de virus VPH.,B,Las citologías periódicas constituyen el medio más eficaz para su detección.,No Legislación
Aragón,2022,69,"La fase que comprende todas las actuaciones que se producen desde el inicio de los síntomas de presentación del ictus, hasta el tratamiento de reperfusión o tratamiento conservador en el caso del ictus isquémico, o hasta el tratamiento específico que precise en el caso del ictus hemorrágico, se denomina:",Fase crónica.,Fase aguda.,Fase subaguda.,Fase hiperaguda.,D,Fase hiperaguda.,No Legislación
Aragón,2022,70,"La guía para profesionales sanitarios del Ministerio de Sanidad, publicada en 2022, indica que ""Los 5 momentos clave para la utilización segura de los medicamentos"" son:",Una herramienta para la participación de los pacientes.,Una herramienta exclusiva para facilitar la información a los pacientes en centros de salud y hospitales.,"Una herramienta que define los siguientes momentos: cuando se prescribe un medicamento, cuando se toma, al añadir otro medicamento, al revisar la medicación y antes de finalizar un tratamiento.","Una herramienta que marca los momentos de forma fija y sucesiva, sin que se puedan dar alteraciones en el orden de las recomendaciones.",A,Una herramienta para la participación de los pacientes.,No Legislación
Aragón,2022,71,"Para la elaboración de un programa de educación sanitaria, es necesario:",Establecer prioridades sin definir plazos.,Que exista un equipo de responsables para el seguimiento del programa educativo.,Que en la enseñanza de técnicas es suficiente con realizar una única demostración práctica.,Que las actividades educativas se realicen siempre en grupo.,B,Que exista un equipo de responsables para el seguimiento del programa educativo.,No Legislación
Aragón,2022,72,"Ángel, paciente EPOC, tiene 80 años y una pérdida de visión importante. Últimamente, al irse a vivir a una residencia está sufriendo pérdidas de orina, ya que cuando siente ganas de orinar no le da tiempo a encontrar el inodoro y no es capaz de evitar la pérdida involuntaria de orina. ¿Qué diagnósticos enfermeros priorizaremos en la situación relatada?:",00019 Incontinencia urinaria urgencia y 00155 Riesgo de caídas.,00018 Incontinencia urinaria involuntaria y 00092 Intolerancia a la actividad.,00176 Incontinencia urinaria por rebosamiento y 00222 Control de impulsos ineficaz.,00021 Incontinencia urinaria funcional y 00094 Riesgo de intolerancia a la actividad.,A,00019 Incontinencia urinaria urgencia y 00155 Riesgo de caídas.,No Legislación
Aragón,2022,73,¿Cuál de las siguientes enfermedades NO se transmite por picadura de garrapatas?:,Enfermedad de Lyme.,Fiebre recurrente por Borrelia Hispánica.,Dengue.,Fiebre maculosa de las montañas rocosas por Rickettsia Rickettsii.,C,Dengue.,No Legislación
Aragón,2022,74,¿En qué posición se debería situar a una paciente para insertarle una sonda nasogástrica?:,En la que esté más cómoda.,En decúbito supino.,En posición de Fowler.,En decúbito prono.,C,En posición de Fowler.,No Legislación
Aragón,2022,75,¿Qué tipo de drenaje NO corresponde a un drenaje pasivo?:,Penrose.,Sonda Foley.,Hemovac.,Gasa o venda orillada.,C,Hemovac.,No Legislación
Aragón,2022,76,"En el examen del pie en un paciente diabético se observa infección local que compromete a la piel, al tejido celular subcutáneo y a estructuras profundas presentando un eritema mayor de 4 cm sin ningún signo/síntoma de respuesta inflamatoria sistémica ni descontrol metabólico. La severidad de la infección según la clasificación IDSA (Infectious Disease Society of America) se establecería como:",Leve.,Moderada.,Severa.,Grave.,B,Moderada.,No Legislación
Aragón,2022,77,¿Cuál de las siguientes enfermedades se puede prevenir con una vacuna de virus atenuados?:,Rubeola.,Tosferina.,Encefalitis japonesa.,Hepatitis B.,A,Rubeola.,No Legislación
Aragón,2022,78,"Al administrar 1000 mg de Metamizol por una de las siguientes vías de administración, ¿en cuál de ellas NO se producirá la absorción del mismo?:",Intradérmica.,Intravenosa.,Subcutánea.,Intramuscular.,B,Intravenosa.,No Legislación
Aragón,2022,79,"En la Comunidad Autónoma de Aragón, ¿cuál de las siguientes vacunas está contraindicada durante el embarazo?:",Vacuna de tétanos.,Vacuna de sarampión.,Vacuna de tosferina.,Vacuna de hepatitis B.,B,Vacuna de sarampión.,No Legislación
Aragón,2022,80,Señale la respuesta INCORRECTA respecto al desbridamiento enzimático en una lesión por presión.,El desbridamiento enzimático no es una alternativa eficaz para la eliminación de material necrótico en lesión por presión de diferentes etiologías.,Un método alternativo al desbridamiento enzimático es el desbridamiento quirúrgico.,Está basado en la aplicación local de enzimas proteolíticas exógenas.,Cuando se utiliza el desbridamiento enzimático es recomendable proteger la piel perilesional con un producto barrera.,A,El desbridamiento enzimático no es una alternativa eficaz para la eliminación de material necrótico en lesión por presión de diferentes etiologías.,No Legislación
Aragón,2022,81,¿Cuál de los siguientes antisépticos es activo frente a bacterias (Gram + y Gram -)?:,Hexetidina.,Povidona yodada.,Alcohol etílico de 90º.,Eosina.,B,Povidona yodada.,No Legislación
Aragón,2022,82,"Según la escalera analgésica de la Organización Mundial de la Salud para el tratamiento del dolor, ¿desde qué escalón se recomienda iniciar la pauta de fármacos opiáceos?",Primero.,Tercero.,Segundo.,Cuarto.,C,Segundo.,No Legislación
Aragón,2022,83,"Según el Manual de buenas prácticas en eutanasia, publicado por el Ministerio de Sanidad, seleccione la respuesta correcta:","En la autoadministración vía oral, el procedimiento y medicamentos recomendados como premedicación, los antieméticos son el primer paso preparatorio.","En la autoadministración vía oral, el procedimiento y medicamentos recomendados como premedicación, los ansiolíticos son el primer paso preparatorio.","En la autoadministración vía oral, el procedimiento y medicamentos recomendados como premedicación, los inductores al coma son el primer paso preparatorio.",El paciente debe consumir todo el medicamento en 10 minutos. Se debe recomendar el uso de pajita.,A,"En la autoadministración vía oral, el procedimiento y medicamentos recomendados como premedicación, los antieméticos son el primer paso preparatorio.",No Legislación
Aragón,2022,84,"Indique la respuesta correcta sobre las compresiones de calidad en el adulto, según el Consejo Europeo de Resucitación Cardiopulmonar (ERC).",Frecuencia: 100 – 120 compresiones por minuto.,Profundidad: 7 – 9 cm.,Cambiar de reanimador cada 4 minutos.,Respiraciones de rescate <8 sg.,A,Frecuencia: 100 – 120 compresiones por minuto.,No Legislación
Aragón,2022,85,¿Cuál de las siguientes Intervenciones (NIC) se recomienda priorizar en el diagnóstico Disfunción Sexual (0005)?:,Facilitar la autorresponsabilidad.,Asesoramiento Sexual.,Nivel de ansiedad.,Identificación de riesgos.,B,Asesoramiento Sexual.,No Legislación
Aragón,2022,86,"Si un test para detectar el deterioro cognitivo mide adecuadamente el mismo, pero sus resultados dependen de las condiciones de administración y del personal que realiza dicho test, se dice que éste es:",Válido y fiable.,Poco válido y fiable.,Válido pero poco fiable.,Muy fiable pero poco válido.,C,Válido pero poco fiable.,No Legislación
Aragón,2022,87,"Según las dimensiones de la calidad propuestas por A. Donabedian el indicador ""Porcentaje de profesionales cualificados para la prestación del servicio"", correspondería a:",Estructura.,Proceso.,Resultado.,Planificación.,A,Estructura.,No Legislación
Aragón,2022,88,"Según el Modelo Transteórico del Cambio (Prochaska y DiClemente), la etapa en la cual las personas no tienen intención de cambiar, de realizar una acción específica de cambio de sus comportamientos de riesgo para la salud, usualmente en el lapso de los siguientes seis meses, se denomina:",Contemplación.,Acción.,Precontemplación.,Preparación.,C,Precontemplación.,No Legislación
"Aragón,2022,89,Entre los problemas relacionados con la medicación se encuentran las interacciones farmacocinéticas que son aquellas que:,""Tienen lugar fuera del paciente, en el proceso de preparación y administración del medicamento";" habitualmente se deben a reacciones físico-químicas."",""Se producen en los procesos de absorción, distribución, metabolismo y excreción."",Se producen a nivel del receptor y varían la respuesta del fármaco. La acción del segundo fármaco se modifica en presencia del primero sin alterar su concentración plasmática o tisular.,Ninguna de las anteriores.,B,""Se producen en los procesos de absorción, distribución, metabolismo y excreción."",No Legislación";
Aragón,2022,90,"El daño localizado en epidermis o dermis de un neonato, como resultado de presión o presión combinada con rozamiento, corresponde al diagnóstico enfermero NANDA:",Control del riesgo: herida por presión (úlcera por presión) (1942).,Lesión por presión neonatal (00287).,Hiperbilirrubinemia neonatal (00194).,Integridad tisular: piel y membranas mucosas (1101).,B,Lesión por presión neonatal (00287).,No Legislación
Aragón,2022,91,"La codificación del Conjunto Mínimo Básico de Datos (CMBD) de un hospital, debe realizarse:","Con un protocolo ""ad hoc"".",Exclusivamente con el informe de alta.,"Con la historia clínica completa, que se utiliza sistemáticamente.",Pueden usarse indistintamente cualquiera de estos documentos para la codificación clínica.,C,"Con la historia clínica completa, que se utiliza sistemáticamente.",No Legislación
Aragón,2022,92,"La Guía clínica sobre reanimación neonatal de la American Heart Association (AHA, 2020), incluye entre sus recomendaciones:",El pinzamiento del cordón umbilical no debe retrasarse más de 30 segundos en recién nacidos a término y pretérmino tras un nacimiento no complicado.,"La vena basílica es la vía recomendada para el acceso vascular en lactantes que no han respondido a la respiración con presión positiva y a las compresiones torácicas y que requieren epinefrina, expansores de volumen, o ambos.","Para la administración de epinefrina, utilizar preferentemente la vía intramuscular.","No realizar aspiración oral, nasal, orofaríngea o endotraqueal sistemática para los recién nacidos, incluso los que nacen con líquido amniótico meconial.",D,"No realizar aspiración oral, nasal, orofaríngea o endotraqueal sistemática para los recién nacidos, incluso los que nacen con líquido amniótico meconial.",No Legislación
Aragón,2022,93,"Al realizar un drenaje de secreciones mediante la técnica de percusión o clapping, es cierto que:",Generalmente se sitúa el pulmón a tratar en supra lateral sin embargo sería idóneo colocarlo infralateral.,Preferentemente se inicia cuando el paciente está en inspiración.,Puede ser efectiva sobre el esternón.,La presencia y situación de las secreciones se detecta por palpación.,A,Generalmente se sitúa el pulmón a tratar en supra lateral sin embargo sería idóneo colocarlo infralateral.,No Legislación
Aragón,2022,94,¿A quién o a quiénes se puede aplicar el Proceso de Atención Enfermero?:,Solamente al individuo y comunidad.,Solamente al individuo y a la familia.,Solamente a la comunidad.,"Al individuo, a la familia y a la comunidad.",D,"Al individuo, a la familia y a la comunidad.",No Legislación
Aragón,2022,95,NO es una función de la entrevista clínica:,Establecer una relación asistencial.,Llegar a una percepción clara de los problemas del paciente.,Prescribir o recomendar una pauta de conducta.,Favorecer las relaciones interpersonales.,D,Favorecer las relaciones interpersonales.,No Legislación
Aragón,2022,96,Señale la respuesta correcta respecto al Índice de privación:,Son indicadores sencillos que engloban diferentes determinantes de la salud.,Presenta un patrón geográfico claro.,No se corresponde con el nivel socioeconómico.,Es una herramienta estadística compleja que permite cuantificar las desigualdades integrando información de varios determinantes sociales de salud.,D,Es una herramienta estadística compleja que permite cuantificar las desigualdades integrando información de varios determinantes sociales de salud.,No Legislación
Aragón,2022,97,"El efecto preventivo del suicidio en el espectador cuando se exponen ejemplos de personas que inicialmente han pretendido quitarse la vida, pero finalmente no han consumado el suicidio superando el momento y las dificultades, se denomina:",Efecto Werther.,Efecto Stendhal.,Efecto Estocolmo.,Efecto Papageno.,D,Efecto Papageno.,No Legislación
Aragón,2022,98,"Indique de qué modelo de aprendizaje en educación y promoción de la salud, son característicos los factores predisponentes, facilitadores y reforzantes:",Modelo de Gagne.,Modelo de etapas del cambio.,Modelo PRECEDE-PROCEDE.,Modelo de etapas.,C,Modelo PRECEDE-PROCEDE.,No Legislación
Aragón,2022,99,Entre las precauciones para el cuidado del brazo del lado afecto postmastectomía se indican a los pacientes las siguientes EXCEPTO:,Evitar todo lo posible las punciones en la vena (análisis de sangre).,Evitar la presión sobre el brazo (mediciones de la presión arterial).,Utilizar dedal para coser.,Depilarse las axilas con cuchillas.,D,Depilarse las axilas con cuchillas.,No Legislación
Aragón,2022,100,"La Taxonomía NANDA-I se estructura de forma multiaxial sobre 7 ejes, de los cuales el concepto diagnóstico como descripción de la ""respuesta humana"", corresponde al:",Eje 7.,Eje 5.,Eje 3.,Eje 1.,D,Eje 1.,No Legislación
Aragón,2022,101,Según el calendario de vacunación de la Comunidad Autónoma de Aragón ¿a qué edad se debe vacunar a los niños de la triple vírica?:,2 meses y 12 meses.,12 meses y 3 años.,12 meses y 6 años.,4 meses y 3 años.,B,12 meses y 3 años.,No Legislación
Aragón,2022,102,¿Cuál de las siguientes enfermedades se encuentra dentro de las enfermedades de declaración urgente?:,Peste.,Parotiditis.,Tétanos.,Brucelosis.,A,Peste.,No Legislación
Aragón,2022,103,"En las siguientes complicaciones debidas a la canalización de una vía y su mantenimiento, la actuación enfermera que NO se recomienda es:","Ante una infección relacionada con un catéter central de inserción periférica, retirar el catéter haya o no afectación sistémica por la infección.","En caso de obstrucción de un catéter central, retirar la vía y no tratar de desobstruirla.","En caso de extravasación, disponer y actuar según protocolos basados en estándares de buenas prácticas.","Ante una trombosis de la vía con un catéter central de inserción periférica, no retirar la vía.",D,"Ante una trombosis de la vía con un catéter central de inserción periférica, no retirar la vía.",No Legislación
Aragón,2022,104,"El indicador 012023: Reflejo de hociqueo, se valora en el NOC:",0100 Desarrollo infantil: 2 meses.,0101 Desarrollo infantil: 4 meses.,0102 Desarrollo infantil: 6 meses.,0120 Desarrollo infantil: 1 mes.,D,0120 Desarrollo infantil: 1 mes.,No Legislación
Aragón,2022,105,"Es una infracción muy grave según el RD 1723/2012 de 28 de diciembre, que regula las actividades de obtención, utilización clínica y coordinación territorial de los órganos humanos destinados al trasplante:","El incumplimiento de disponer de personal cualificado, instalaciones y equipos apropiados.",El incumplimiento de los requisitos de trazabilidad.,El incumplimiento de los requisitos de etiquetado y transporte de órganos.,La publicidad sobre la necesidad de órganos en beneficio de personas concretas.,B,El incumplimiento de los requisitos de trazabilidad.,Legislación
Aragón,2022,106,El control de la termorregulación en un paciente donante de órganos NO se hará mediante:,Calentamiento activo de gases inspirados a unos 40-46ºC.,Utilización de focos térmicos.,Administración de fármacos.,Utilización de mantas térmicas.,C,Administración de fármacos.,No Legislación
Aragón,2022,107,"Las recomendaciones del Protocolo común para la actuación sanitaria ante la Violencia de Género, del Ministerio de Sanidad incluyen:",Recomendar terapia de familia o mediación familiar.,Creer el relato de la mujer.,Adoptar una actitud paternalista.,Criticar la actitud o ausencia de respuesta de la mujer.,B,Creer el relato de la mujer.,No Legislación
Aragón,2022,108,"De todas las etapas del Proceso de Atención Enfermero, ¿con cuál guarda una relación más estrecha la etapa de evaluación?:",Ejecución.,Planificación.,Diagnóstico.,Valoración.,B,Planificación.,No Legislación
Aragón,2022,109,"En relación con la valoración funcional de una persona anciana, NO está indicado uno de los siguientes instrumentos de medida:",Test de Pfeiffer.,Escala de Lawton y Brody.,Índice de Barthel.,Índice de Katz.,A,Test de Pfeiffer.,No Legislación
Aragón,2022,110,¿Qué modalidad de entrevista clínica se utiliza para promover cambios de conducta?:,Entrevista semiológica.,Entrevista motivacional.,Entrevista informativo-deliberativa.,Entrevista de integración.,B,Entrevista motivacional.,No Legislación
Aragón,2024,1,Es una Institución de la Comunidad Autónoma de Aragón:,El Tribunal Administrativo de Contratos Públicos de Aragón.,El Defensor del Pueblo de Aragón.,El Tribunal de Cuentas de Aragón.,El Gobierno o la Diputación General.,D,El Gobierno o la Diputación General.,No Legislación
Aragón,2024,2,"Según establece la Ley 6/2002, de 15 de abril, de Salud de Aragón, respecto de las voluntades anticipadas, ¿qué aspectos podrán manifestarse libremente?","Las opciones e instrucciones, expresas y previas, que, ante circunstancias clínicas que le impidan manifestar su voluntad, deberá respetar el personal sanitario responsable de su asistencia sanitaria.","La designación de un representante, anónimo, que será quien le sustituya en el otorgamiento del consentimiento informado, en los casos en que este proceda.","Su decisión de elegir a aquellos facultativos que vayan a vulnerar la ""lex artis"".",Todas las respuestas son incorrectas.,A,"Las opciones e instrucciones, expresas y previas, que, ante circunstancias clínicas que le impidan manifestar su voluntad, deberá respetar el personal sanitario responsable de su asistencia sanitaria.",Legislación
Aragón,2024,3,"Según la Ley de Prevención de Riesgos Laborales, en cuanto a la formación de los trabajadores:","La formación deberá impartirse, siempre que sea posible, fuera de la jornada de trabajo.",La formación deberá impartirse obligatoriamente con servicios ajenos.,El coste recaerá sobre los trabajadores únicamente en caso de que la formación sea de especial cualificación técnica.,"La formación será recibida tanto en el momento de la contratación, así como cuando se produzcan cambios en las funciones que se desempeñe o se introduzcan nuevas tecnologías o cambios en los equipos de trabajo.",D,"La formación será recibida tanto en el momento de la contratación, así como cuando se produzcan cambios en las funciones que se desempeñe o se introduzcan nuevas tecnologías o cambios en los equipos de trabajo.",Legislación
Aragón,2024,4,"Según la Ley 16/2003, de 28 de mayo, de Cohesión y Calidad del Sistema Nacional de Salud, las nuevas técnicas, tecnologías o procedimientos serán sometidos a evaluación, con carácter preceptivo y previo a su utilización en el Sistema Nacional de Salud por:",La Asociación Española de Normalización y Certificación (AENOR).,Entidades UNE-EN-ISO.,La Agencia de Evaluación de Políticas Públicas.,La Red Española de Agencias de Evaluación de Tecnologías Sanitarias y Prestaciones del Sistema Nacional de Salud.,D,La Red Española de Agencias de Evaluación de Tecnologías Sanitarias y Prestaciones del Sistema Nacional de Salud.,Legislación
Aragón,2024,5,"Señale la respuesta INCORRECTA en relación con los principios generales de actuación de los poderes públicos de Aragón, en el marco de sus competencias, recogidos en el artículo 3 de la Ley 7/2018, de 28 de junio, de igualdad de oportunidades entre mujeres y hombres:",La integración de la igualdad de trato y de oportunidades entre mujeres y hombres en el conjunto de las políticas de Aragón.,"La protección de la maternidad, con independencia del modelo de familia.",La participación y representación equilibrada de mujeres y hombres exclusivamente en los ámbitos de decisión públicos.,"La adopción de medidas que aseguren la mejora de la calidad del empleo de las mujeres y la igualdad entre hombres y mujeres en el acceso al empleo, la formación, la promoción profesional, la igualdad salarial y las condiciones de trabajo.",C,La participación y representación equilibrada de mujeres y hombres exclusivamente en los ámbitos de decisión públicos.,Legislación
Aragón,2024,6,"De conformidad con el artículo 9 de la Ley 55/2003, de 16 de diciembre, del Estatuto Marco del personal estatutario de los servicios de salud, los nombramientos de personal estatutario temporal interino por exceso o acumulación de tareas podrán ser:",Por un plazo máximo de 12 meses.,Por un plazo máximo de 18 meses.,"Por un plazo máximo de 9 meses, dentro de un periodo de 18 meses.",Por un plazo máximo de tres años.,C,"Por un plazo máximo de 9 meses, dentro de un periodo de 18 meses.",Legislación
Aragón,2024,7,"Conforme al artículo 5 de la Ley Orgánica 3/2018, de 5 de diciembre, de Protección de Datos Personales y garantía de los derechos digitales, el deber de confidencialidad y de secreto profesional de los responsables y encargados del tratamiento de datos se mantendrá:",Hasta que finalice la relación del obligado con el responsable o encargado del tratamiento.,Hasta un año después de que finalice la relación del obligado con el responsable o encargado del tratamiento.,Hasta dos años después de que finalice la relación del obligado con el responsable o encargado del tratamiento.,Aun cuando hubiese finalizado la relación del obligado con el responsable o encargado del tratamiento.,D,Aun cuando hubiese finalizado la relación del obligado con el responsable o encargado del tratamiento.,Legislación
Aragón,2024,8,"De conformidad con el artículo 2 de la Ley 9/2013, de 28 de noviembre, de Autoridad de Profesionales del Sistema Sanitario y de Servicios Sociales Públicos de Aragón, NO están incluidas en su ámbito de aplicación:",Las actividades que como consecuencia del ejercicio de las funciones propias se realicen en el exterior de centros sanitarios del sistema público sanitario de la Comunidad Autónoma de Aragón.,Las actividades que se realicen en el interior de centros sanitarios del sistema público sanitario de la Comunidad Autónoma de Aragón.,La actividad quirúrgica y las pruebas diagnósticas realizadas mediante fórmulas de actividad concertada en empresas privadas por profesionales de éstas.,Las actividades que se realicen en el interior de centros de los Servicios Sociales públicos de Aragón.,C,La actividad quirúrgica y las pruebas diagnósticas realizadas mediante fórmulas de actividad concertada en empresas privadas por profesionales de éstas.,Legislación
Aragón,2024,9,"De entre los lagos, lagunas e ibones naturales de Aragón, señale el que se encuentra a mayor altitud:",Estanque Grande de Estaña.,Salada Grande de Alcañiz.,Ibón de Cregüeña.,Salada de Chiprana.,C,Ibón de Cregüeña.,No Legislación
Aragón,2024,10,"Según el artículo 63 del texto refundido de la Ley del Estatuto Básico del Empleado Público, aprobado por el Real Decreto Legislativo 5/2015, es causa de pérdida de la condición de funcionario de carrera:",La sanción provisional disciplinaria de separación del servicio.,La pérdida de la nacionalidad.,La jubilación parcial del funcionario.,La incapacidad temporal para el servicio.,B,La pérdida de la nacionalidad.,Legislación
Aragón,2024,11,"La Ley de Ordenación de las Profesiones Sanitarias incluye como profesionales del área sanitaria de formación profesional de grado superior a los siguientes, EXCEPTO:",Técnico Superior en Anatomía Patológica y Citología.,Técnico Superior en Salud Ambiental.,Técnico Superior en Estética Integral y Bienestar.,Técnico Superior en Prótesis Dentales.,C,Técnico Superior en Estética Integral y Bienestar.,Legislación
Aragón,2024,12,Conforme a la Constitución Española de 1978 organizar y tutelar la salud pública compete:,A los poderes públicos.,Exclusivamente al personal sanitario.,Sólo a los Cuerpos y Fuerzas de Seguridad del Estado.,Sólo a los Ayuntamientos.,A,A los poderes públicos.,Legislación
Aragón,2024,13,Indique la respuesta INCORRECTA en cuanto a las líneas asistenciales en las que se organiza cada Área de Salud del Servicio Aragonés de Salud para la provisión de sus servicios:,Atención primaria.,Atención especializada.,Atención de urgencias y emergencias.,Atención sociosanitaria.,C,Atención de urgencias y emergencias.,No Legislación
Aragón,2024,14,"Según el artículo 2.1 de la Ley 39/2015, de 1 de octubre, del Procedimiento Administrativo Común de las Administraciones Públicas, dicha Ley se aplica al sector público, que comprende:",Sólo la Administración General del Estado.,Sólo el sector público institucional.,Exclusivamente las Administraciones de las Comunidades Autónomas.,"La Administración General del Estado, las Administraciones de las Comunidades Autónomas, las Entidades que integran la Administración Local y el sector público institucional.",D,"La Administración General del Estado, las Administraciones de las Comunidades Autónomas, las Entidades que integran la Administración Local y el sector público institucional.",Legislación
Aragón,2024,15,"Señale cuál de las siguientes tiene la consideración de falta grave según la Ley 55/2003, de 16 de diciembre, del Estatuto Marco del personal estatutario de los servicios de salud:",El abandono del servicio.,"El acoso sexual, cuando el sujeto activo del acoso cree con su conducta un entorno laboral intimidatorio, hostil o humillante para la persona que es objeto del mismo.",La falta de asistencia durante más de cinco días continuados o la acumulación de siete faltas en dos meses sin autorización ni causa justificada.,El incumplimiento de la obligación de atender los servicios esenciales establecidos en caso de huelga.,B,"El acoso sexual, cuando el sujeto activo del acoso cree con su conducta un entorno laboral intimidatorio, hostil o humillante para la persona que es objeto del mismo.",Legislación
Aragón,2024,16,"Conforme al artículo 8.2 de la Ley 41/2002, de 14 de noviembre, básica reguladora de la autonomía del paciente y de derechos y obligaciones en materia de información y documentación clínica en los casos de intervención quirúrgica, procedimientos diagnósticos y terapéuticos invasores y, en general, aplicación de procedimientos que supongan riesgos o inconvenientes de notoria y previsible repercusión negativa sobre la salud del paciente, el Consentimiento informado se prestará:",Inicialmente de forma verbal y por escrito al recibir el alta médica.,Basta con hacerlo de forma verbal.,Por escrito.,Por escrito sólo en caso de urgencia.,C,Por escrito.,Legislación
Aragón,2024,17,¿Cómo denomina Dorothea Orem a las circunstancias internas y/o externas que aumentan o disminuyen la cantidad y la capacidad de los individuos para cubrir su autocuidado?,Requisitos de autocuidado.,Factores condicionantes básicos.,Sistemas de enfermería.,Estímulos focales.,B,Factores condicionantes básicos.,No Legislación
Aragón,2024,18,"En la clasificación por escuelas de los modelos y teorías de enfermería que propone Kérouac, Sor Callista Roy pertenece a la escuela de:",Interacción.,Necesidades.,Efectos deseables.,Promoción de la salud.,C,Efectos deseables.,No Legislación
Aragón,2024,19,"Son etapas del Proceso de Atención de Enfermería (PAE) todas, EXCEPTO:",Valoración.,Ejecución.,Evaluación.,Resolución.,D,Resolución.,No Legislación
Aragón,2024,20,"El modelo sistemático y organizado de trabajo para la aplicación de los cuidados de enfermería a la población, siguiendo la estructura del método científico se conoce como:",Marco conceptual.,Teoría.,Metodología enfermera.,Diagnóstico de enfermería.,C,Metodología enfermera.,No Legislación
Aragón,2024,21,¿Qué valora la escala Lawton y Brody?,La sobrecarga del cuidador.,La capacidad funcional para las actividades instrumentales de la vida diaria.,El deterioro cognitivo relacionado con los procesos de envejecimiento.,El nivel de conciencia en Unidades de Cuidados Intensivos.,B,La capacidad funcional para las actividades instrumentales de la vida diaria.,No Legislación
Aragón,2024,22,"Teniendo en cuenta los PROMs (Patient Reported Outcome Mesures), ¿qué herramienta utilizaría para identificar las necesidades de apoyo emocional?",EuroQol (EQ-5D).,CARE Patient Feedback Measure For.,PPC (Patient Perceptions of Care).,Picker Patient Experience Questionnaire-15 (PPE15).,A,EuroQol (EQ-5D).,No Legislación
Aragón,2024,23,¿Cuál de las siguientes actitudes favorecen las dinámicas de grupo?,Control.,Superioridad.,Juicio.,Flexibilidad.,D,Flexibilidad.,No Legislación
Aragón,2024,24,"Los diagnósticos de enfermería de la NANDA Internacional 2021-23 se codifican según 7 ejes, señale el FALSO:",Foco del diagnóstico.,Sujeto del diagnóstico.,Localización.,Fecha del diagnóstico.,D,Fecha del diagnóstico.,No Legislación
Aragón,2024,25,"¿Cuál de los siguientes diagnósticos de enfermería de la NANDA Internacional 2021-23, en la atención al paciente crónico complejo, es para la familia/cuidador?",00099 Mantenimiento inefectivo de la salud.,00092 Intolerancia a la actividad.,00074 Afrontamiento familiar comprometido.,00046 Deterioro de la integridad cutánea.,C,00074 Afrontamiento familiar comprometido.,No Legislación
Aragón,2024,26,"El diagnóstico de enfermería ""Retención urinaria"" (00023) incluye una serie de características definitorias entre las que NO se encuentra:",Limitaciones del entorno.,Ausencia de diuresis.,Disuria.,Distensión vesical.,A,Limitaciones del entorno.,No Legislación
Aragón,2024,27,Un índice de Friz con una puntuación de 60 corresponde con una población:,Madura.,Joven.,Anciana.,Regresiva.,A,Madura.,No Legislación
Aragón,2024,28,La red nacional de vigilancia epidemiológica en España tiene entre sus funciones:,"La identificación de los problemas de interés supracomunitario en términos de epidemia, endemia y riesgo.",No existe la citada red a nivel nacional.,No puede difundir información a los niveles operativos competentes.,La recogida aleatoria de datos por provincias.,A,"La identificación de los problemas de interés supracomunitario en términos de epidemia, endemia y riesgo.",No Legislación
Aragón,2024,29,"Se considera el ""padre de la epidemiología moderna"" a:",Patrick Ebers.,Edward Susser.,Cañamaque Rodríguez.,John Snow.,D,John Snow.,No Legislación
Aragón,2024,30,Una prueba diagnóstica que tiene una sensibilidad del 80%:,Detectará correctamente a un 80% de los individuos sin la enfermedad.,No detectará correctamente a un 20% de los individuos sin la enfermedad.,No detectará a un 20% de los individuos con la enfermedad.,El 80% de los individuos que tienen la prueba positiva tienen la enfermedad.,C,No detectará a un 20% de los individuos con la enfermedad.,No Legislación
Aragón,2024,31,"Cuando una variable sigue una distribución normal, el intervalo de una desviación estándar alrededor de la media incluye aproximadamente el:",78% de las observaciones.,95% de las observaciones.,68% de las observaciones.,50% de las observaciones.,C,68% de las observaciones.,No Legislación
Aragón,2024,32,Cuando en un estudio observacional de cohortes el Riesgo Relativo es igual a 1 nos indica que:,El factor de exposición favorece la aparición de la enfermedad.,El factor de exposición actúa como un factor protector o previene la enfermedad.,No hay asociación entre el factor de exposición y la enfermedad.,El estudio no se ha realizado bien porque el Riesgo Relativo nunca puede ser igual a 1.,C,No hay asociación entre el factor de exposición y la enfermedad.,No Legislación
Aragón,2024,33,"En la siguiente pregunta de investigación cualitativa, ""¿Las personas con diabetes mellitus tipo 2, atendidas en Atención Primaria, y en tratamiento con insulina tienen percepción de peor calidad de vida que las personas con diabetes mellitus tipo 2 tratadas con antidiabéticos orales (ADOs)?"", siguiendo la estrategia SPICE, la parte C correspondería a:",Percepción calidad de vida.,Atención Primaria de Salud.,Personas con Diabetes tipo 2.,Tratamiento con insulina versus tratamiento con ADOs.,D,Tratamiento con insulina versus tratamiento con ADOs.,No Legislación
Aragón,2024,34,"Según la clasificación propuesta por el grupo GRADE (Grading of Recommendations Assesment, Development and Evaluation) para evaluar la calidad de la evidencia, señale la respuesta INCORRECTA:",Baja: el estimador del efecto puede ser sustancialmente similar al efecto real.,Muy baja: es muy probable que el estimador del efecto sea sustancialmente diferente al efecto real.,"Moderada: es probable que el estimador del efecto se encuentre cercano al efecto real, aunque podrían existir diferencias sustanciales.",Alta: confianza alta en que el estimador del efecto disponible en la literatura científica se encuentra muy cercano al efecto real.,A,Baja: el estimador del efecto puede ser sustancialmente similar al efecto real.,No Legislación
Aragón,2024,35,¿Cuál de éstos programas NO se corresponde con un gestor de referencias bibliográficas?,ATLAS.ti.,Endnote.,Mendeley.,Zotero.,A,ATLAS.ti.,No Legislación
Aragón,2024,36,"¿Qué sistema de clasificación de pacientes recupera y agrupa información clínica del paciente al alta, clasificándolos principalmente por diagnóstico?",MAPACHE.,Grupos Relacionados con el Diagnóstico (GRD).,Conjunto mínimo básico de datos (CMBD).,SEVEN INDEX.,C,Conjunto mínimo básico de datos (CMBD).,No Legislación
Aragón,2024,37,"Cuando hablamos de la tasa de mortalidad neonatal tardía, nos referimos a la que ocurre entre:",20 y 40 días de vida.,"7 o más días de vida, pero menos de 28.",0 y 28 días de vida.,"7 o más días de vida, pero menos de 40.",B,"7 o más días de vida, pero menos de 28.",No Legislación
Aragón,2024,38,"¿Quién fue el autor del ""Modelo de los determinantes de la salud""?",Donabedian.,Maslow.,Hanlon.,Lalonde.,D,Lalonde.,No Legislación
Aragón,2024,39,"Según el programa de cribado de cáncer de cérvix en Aragón en 2023, ¿en qué mujeres estaría indicado realizar pruebas de cribado?","En mujeres entre 20 y 25 años que hayan iniciado relaciones sexuales, mediante citología cervico-vaginal.",En mujeres mayores de 65 años con pruebas de cribado negativas en los últimos 10 años.,En mujeres entre 30 y 40 años que no han tenido ni tienen relaciones sexuales.,En mujeres entre 25 y 30 años vacunadas frente al Virus del Papiloma Humano (VPH).,D,En mujeres entre 25 y 30 años vacunadas frente al Virus del Papiloma Humano (VPH).,No Legislación
Aragón,2024,40,"Según la Estrategia de promoción de la salud y prevención en el Sistema Nacional de Salud, en el marco del abordaje de la cronicidad, el ""Consejo integral en estilos de vida saludables"" tiene en cuenta los siguientes factores, EXCEPTO:",Actividad física.,Alimentación saludable.,Bienestar emocional.,Estado de vacunación.,D,Estado de vacunación.,No Legislación
Aragón,2024,41,"En el Plan de Calidad del Sistema Nacional de Salud (SNS), dentro del área ""fomento de la excelencia clínica"" se encuentra la estrategia:",Adecuación de los recursos humanos del SNS a las necesidades de los servicios sanitarios.,Impulsar políticas de salud basadas en las mejores prácticas.,Mejorar la seguridad de los pacientes atendidos en los centros sanitarios del SNS.,Proteger la salud.,C,Mejorar la seguridad de los pacientes atendidos en los centros sanitarios del SNS.,No Legislación
Aragón,2024,42,El tipo de incidente más frecuente notificado en SiNASP en 2022 en España fue:,Incidentes relacionados con la medicación.,Incidentes relacionados con la gestión organizativa-recursos.,Incidentes relacionados con la dieta-alimentación.,Incidentes relacionados con la comunicación.,A,Incidentes relacionados con la medicación.,No Legislación
Aragón,2024,43,Indique cuál de los siguientes es un sistema de notificación de incidentes y eventos adversos realizado por pacientes:,JCAHO.,MedMARx.,PA-PSRS.,NRLS.,C,PA-PSRS.,No Legislación
Aragón,2024,44,¿Qué factor relacionado con el profesional de la salud es un potencial facilitador del proceso de implementación de una Guía de Práctica Clínica?,Preferencias personales y experiencias individuales percibidas como más efectivas que las recomendaciones.,Presencia de profesionales innovadores y con mayor predisposición al cambio.,"Falta de formación, entrenamiento o habilidades para seguir las recomendaciones clínicas.",Trabajo multidisciplinario en la adopción de las recomendaciones clínicas.,B,Presencia de profesionales innovadores y con mayor predisposición al cambio.,No Legislación
Aragón,2024,45,El aplicativo informático de Atención Primaria de Aragón OMI para codificar la morbilidad utiliza:,Clasificación Internacional en Atención Primaria (CIAP).,Clasificación Internacional de Enfermedades (CIE-11).,DSM-5.,Base de Datos Clínicos de Atención Primaria (BDCAP).,A,Clasificación Internacional en Atención Primaria (CIAP).,No Legislación
Aragón,2024,46,El Comité de Bioética de Aragón:,"Es un órgano colegiado, deliberativo, independiente y multidisciplinar.",Es un órgano que depende de los Colegios Profesionales de Aragón.,No existe el Comité de Bioética de Aragón.,No tiene carácter consultivo.,A,"Es un órgano colegiado, deliberativo, independiente y multidisciplinar.",No Legislación
Aragón,2024,47,Respecto a la Mutilación Genital Femenina (MGF):,"La MGF aumenta el riesgo de complicaciones en el parto, entre las que se encuentra una mayor mortalidad materna.",La Comunidad Autónoma de Aragón no cuenta actualmente con un Plan de atención a la Mutilación Genital Femenina.,"La MGF es una manifestación de la violencia y la desigualdad de género, basada en una serie de convicciones y percepciones profundamente arraigadas en las estructuras sociales, económicas, políticas y siempre religiosas de algunas comunidades.","Desde el sistema sanitario, ante una niña con riesgo de sufrir una MGF que va a viajar a su país de origen, no se recomienda realizar actividad preventiva pre-viaje.",A,"La MGF aumenta el riesgo de complicaciones en el parto, entre las que se encuentra una mayor mortalidad materna.",No Legislación
Aragón,2024,48,Según el Calendario de vacunación a lo largo de toda la vida 2024 del Ministerio de Sanidad español:,Se administrará la vacunación frente a rinovirus (RV) en lactantes a partir de las 4 semanas de vida.,"La vacunación frente a sarampión, rubeola y parotiditis (Triple Vírica) está indicada en embarazadas y personas inmunodeprimidas.",Se administrará una dosis de Tétanos difteria (Td) en torno a los 65 años a las personas que recibieron 5 dosis durante la infancia y adolescencia.,Se recomienda la vacunación de la población a los 65 años (nacidos en 1959) de herpes zóster (HZ). Se administrarán dos dosis separadas por un intervalo mínimo de 2 semanas.,C,Se administrará una dosis de Tétanos difteria (Td) en torno a los 65 años a las personas que recibieron 5 dosis durante la infancia y adolescencia.,No Legislación
Aragón,2024,49,"En Aragón, las recomendaciones universales de vacunación a los profesionales y trabajadores sanitarios en activo y en formación incluyen:","Vacunación de la gripe anual, 2 dosis.","Vacunación frente a Tétanos-difteria (Td), completar inmunización si tiene administradas menos de 6 dosis previas.",Vacunación frente a hepatitis B anual.,Vacunación triple vírica en ausencia de inmunidad.,D,Vacunación triple vírica en ausencia de inmunidad.,No Legislación
Aragón,2024,50,¿Cuál de los siguientes fármacos es el antagonista de los opiáceos?,Flumacenilo.,Sulfato de Magnesio.,Naloxona.,Escopolamina.,C,Naloxona.,No Legislación
Aragón,2024,51,Se denomina vida media o semivida de un fármaco a:,El tiempo que permanece la mitad del fármaco en nuestro organismo.,El tiempo necesario para que la concentración plasmática de un fármaco se reduzca a la mitad.,El tiempo que tarda un fármaco en iniciar su efecto.,El tiempo que puede estar un medicamento guardado en nevera.,B,El tiempo necesario para que la concentración plasmática de un fármaco se reduzca a la mitad.,No Legislación
Aragón,2024,52,"Respecto a las recomendaciones de la Guía de Práctica Clínica Enfermera sobre Hemocultivos, es INCORRECTO:",Usar guantes estériles en el momento de la extracción.,No realizar inversión de los frascos tras el inóculo para mezclar el contenido.,El uso de aplicadores monodosis de clorhexidina 2% alcohólica frotando durante 30 segundos la zona indicada y dejando secar al menos 3-5 minutos.,"La recogida de los hemocultivos por flebotomías realizadas en ese momento, en dos lugares anatómicos separados.",B,No realizar inversión de los frascos tras el inóculo para mezclar el contenido.,No Legislación
Aragón,2024,53,"Según la Sociedad Española de Transfusión Sanguínea y Terapia Celular, un concentrado de hematíes NO debe tardar en transfundirse más de:",30 minutos.,2 horas.,20 minutos.,4 horas.,D,4 horas.,No Legislación
Aragón,2024,54,"En relación con la donación de órganos en España, es FALSO:","Todos somos considerados donantes si en vida no hemos expresado lo contrario, según la ley de trasplantes.",En la práctica siempre se respeta la decisión de la familia.,La tarjeta de donante tiene valor legal.,La donación de vivo sí que es posible si se cumplen las condiciones y requisitos establecidos por la ley.,C,La tarjeta de donante tiene valor legal.,Legislación
Aragón,2024,55,Durante los cuidados orientados a la donación de órganos dentro de las unidades de cuidados intensivos:,Ha de asegurarse de manera prioritaria el confort del paciente en su proceso final de vida.,No es necesaria la administración de analgesia en pacientes con daño cerebral catastrófico.,No se incluirán las medidas necesarias para optimizar la perfusión y preservar la función de los órganos viables para trasplante.,La comunicación y el apoyo a la familia quedará en un segundo plano.,A,Ha de asegurarse de manera prioritaria el confort del paciente en su proceso final de vida.,No Legislación
Aragón,2024,56,"Si desde un equipo de Atención Primaria se realiza la primera atención a un paciente que presenta clínica sugestiva de Síndrome Coronario Agudo Con Elevación del ST (SCACEST), según el Código Infarto Aragón, señale la respuesta INCORRECTA:","Se debe realizar tan pronto como sea posible un ECG de 12 derivaciones, idealmente en menos de 10 minutos desde el primer contacto médico.",Debe procurarse que el ECG del paciente esté disponible para su visualización por los agentes implicados en la atención y toma de decisiones (idealmente en la Historia Clínica Electrónica).,"Respecto al tratamiento urgente inicial, se debe administrar oxígeno a bajo flujo tan pronto como sea posible independientemente de la saturación del paciente.",No se recomienda la administración de nitratos sublinguales de forma sistemática.,C,"Respecto al tratamiento urgente inicial, se debe administrar oxígeno a bajo flujo tan pronto como sea posible independientemente de la saturación del paciente.",No Legislación
Aragón,2024,57,"Según las recomendaciones del European Resuscitation Council (ERC) de 2021, en relación con la colocación de los parches de desfibrilación para el tratamiento eléctrico en el soporte vital avanzado, señale la respuesta INCORRECTA:",Se prefiere el uso de parches frente a palas.,La posición de elección para su colocación es la antero-lateral.,Está desaconsejada la colocación biaxilar de los parches en un paciente en decúbito prono.,"En pacientes con un dispositivo implantable como un marcapasos, el parche debe colocarse a más de 8 centímetros del dispositivo.",C,Está desaconsejada la colocación biaxilar de los parches en un paciente en decúbito prono.,No Legislación
Aragón,2024,58,"De los siguientes ítems, NO se incluye dentro del método de cribado nutricional ""Malnutrition Universal Screening Tool"" (MUST):",Pérdida de apetito en los últimos 3 meses.,Índice de Masa Corporal.,Pérdida involuntaria de peso en los últimos 3-6 meses.,Efecto de la enfermedad aguda sobre la ingesta nutricional en los últimos 5 días.,A,Pérdida de apetito en los últimos 3 meses.,No Legislación
Aragón,2024,59,Uno de los objetivos principales de la Estrategia NAOS es ofrecer guías alimentarias que sirvan de referencia para la promoción de una alimentación saludable. ¿Cuál de los siguientes puntos NO se incluye en su decálogo?,"Moderar el consumo de productos ricos en azúcares simples, como golosinas, dulces y refrescos.","Involucrar a todos los miembros de la familia en las actividades relacionadas con la alimentación: hacer la compra, decidir el menú semanal, preparar y cocinar los alimentos, etc.","Reducir el consumo de sal, de toda procedencia, a menos de 5 g/día, y promover la utilización de sal yodada.","Se recomienda que las grasas no superen el 15% de la ingesta diaria, debiendo reducirse el consumo de grasas saturadas y ácidos grasos trans.",D,"Se recomienda que las grasas no superen el 15% de la ingesta diaria, debiendo reducirse el consumo de grasas saturadas y ácidos grasos trans.",No Legislación
Aragón,2024,60,¿Cuál de las siguientes complicaciones metabólicas de la nutrición parenteral es la más frecuente en adultos?,Hipoglucemia.,Hiperglucemia.,Alteraciones hidroelectrolíticas.,Alteraciones hepatobiliares.,B,Hiperglucemia.,No Legislación
Aragón,2024,61,La escala LATCH sirve para:,Monitorizar la eficacia de la lactancia materna.,Valorar el estado neurológico del recién nacido.,Valorar el estado de ingurgitación mamaria.,Estimar el grado de ictericia del recién nacido.,A,Monitorizar la eficacia de la lactancia materna.,No Legislación
Aragón,2024,62,La toma de la muestra para la realización del cribado metabólico del recién nacido:,Seguirá el esquema de Paltrow sobre zonas de punción.,No se descartará ninguna gota de sangre debido a la dificultad de la extracción.,Se puncionará en los laterales del talón.,"No se debe empapar el papel hasta traspasarlo, por la parte superior será más que suficiente.",C,Se puncionará en los laterales del talón.,No Legislación
Aragón,2024,63,"Recién nacido que tras un expulsivo dificultoso presenta marcado aleteo nasal, quejido respiratorio audible con fonendoscopio, marcado tiraje intercostal, respiración toracoabdominal sincronizada y retracción esternal ausente. ¿Qué puntuación le daría según la Escala de Silverman y Anderson?",4 Dificultad leve.,5 Dificultad moderada.,6 Dificultad moderada.,8 Dificultad grave.,B,5 Dificultad moderada.,No Legislación
Aragón,2024,64,"Entre los cuidados de enfermería en el preoperatorio de un recién nacido con atresia de esófago tipo 3, NO se encuentra:",Colocación de sonda nasogástrica Replogle en aspiración continua.,Canalización preferentemente de dos accesos venosos.,Mantener postura en decúbito supino y plano horizontal.,Monitorización de las constantes vitales y mantener la termorregulación.,C,Mantener postura en decúbito supino y plano horizontal.,No Legislación
Aragón,2024,65,"Según el Protocolo común de Actuación sanitaria frente a la violencia en la infancia y adolescencia, si un profesional sanitario tiene conocimiento de una situación de violencia ejercida sobre los niños, niñas y adolescentes (NNA), ¿a quién debe notificarla? Señale la FALSA:",A los servicios sociales municipales (SSM) si el riesgo de desprotección es grave y si es moderado o leve a la Entidad Pública de Protección a la Infancia (EPPI).,"Al Juzgado de guardia, que, tras recibir la notificación del centro sanitario, podrá requerir la intervención del Instituto de Medicina Legal y Ciencias Forenses (IMLCF).",El profesional sanitario podrá consultar también con la Fiscalía.,"Valorar notificar a Fuerzas y Cuerpos de Seguridad en los casos urgentes, con lesiones o en los que la seguridad del NNA se encontrase amenazada.",A,A los servicios sociales municipales (SSM) si el riesgo de desprotección es grave y si es moderado o leve a la Entidad Pública de Protección a la Infancia (EPPI).,No Legislación
Aragón,2024,66,"Sobre los riesgos de los cigarrillos electrónicos para los niños, los adolescentes y los adultos jóvenes, según los Centros para el Control y la Prevención de Enfermedades, es FALSO:",Contienen nicotina como única sustancia potencialmente nociva.,Los jóvenes que usan cigarrillos electrónicos podrían tener más probabilidades de fumar cigarrillos regulares en el futuro.,"Algunos cigarrillos electrónicos parecen cigarrillos regulares, cigarros o pipas.",Las personas que estén cerca también pueden inhalar este aerosol cuando el usuario lo exhala al aire.,A,Contienen nicotina como única sustancia potencialmente nociva.,No Legislación
Aragón,2024,67,"Según la encuesta sobre uso de drogas en enseñanzas secundarias (ESTUDES 2023) en España, la droga consumida por un mayor porcentaje de estudiantes entre 14 y 18 años es:",Cannabis.,Tabaco.,Alcohol.,Cigarrillos electrónicos.,C,Alcohol.,No Legislación
Aragón,2024,68,El test de Bishop es usado con frecuencia en:,Geriatría.,Neurología.,Obstetricia.,La valoración de las actividades de la vida diaria.,C,Obstetricia.,No Legislación
Aragón,2024,69,¿En qué casos se debe administrar la inmunoglobulina Anti-D en el puerperio a la mujer?,"Siempre que la mujer sea Rh negativo, el recién nacido positivo o desconocido y la madre no esté sensibilizada, se administrará en las primeras 72 horas tras el parto, para reducir el riesgo de sensibilización.","Siempre que la mujer sea Rh positivo, el recién nacido negativo o desconocido y la madre no esté sensibilizada, se administrará pasadas las 72 horas tras el parto, para reducir el riesgo de sensibilización.","La inmunoglobulina Anti-D solo se puede administrar durante la gestación, nunca en el puerperio.",La inmunoglobulina Anti-D no es el fármaco de elección para reducir el riesgo de sensibilización en las puérperas.,A,"Siempre que la mujer sea Rh negativo, el recién nacido positivo o desconocido y la madre no esté sensibilizada, se administrará en las primeras 72 horas tras el parto, para reducir el riesgo de sensibilización.",No Legislación
Aragón,2024,70,Señale la opción FALSA con respecto al climaterio:,Después de la menopausia hay una pérdida acelerada de la densidad ósea.,Es la época de la vida de la mujer en la que pasa de la madurez sexual a la senectud.,"No existe una gran variabilidad en la frecuencia, intensidad y modo en que se presentan los síntomas en las mujeres en este periodo.",Los cambios que conllevan la instauración de la menopausia empiezan en el periodo premenopáusico.,C,"No existe una gran variabilidad en la frecuencia, intensidad y modo en que se presentan los síntomas en las mujeres en este periodo.",No Legislación
Aragón,2024,71,Con el paso de los años la mujer puede sufrir:,"Enterocele, que es el descenso del fondo de saco de Douglas.","Un descenso de la pared vaginal posterior, que suele acompañarse con descenso de la vejiga (colpocele anterior).","Un descenso de la pared vaginal anterior, que suele acompañarse con descenso del recto (colpocele posterior).","Un prolapso uterino sintomático, en cuyo caso el tratamiento quirúrgico no está recomendado por los riesgos elevados que conlleva.",A,"Enterocele, que es el descenso del fondo de saco de Douglas.",No Legislación
Aragón,2024,72,¿Cuál de los siguientes NO es un anticonceptivo hormonal?,Anillo vaginal.,Diafragma.,Parches.,Implantes.,B,Diafragma.,No Legislación
Aragón,2024,73,Señale la respuesta FALSA sobre la infección por Chlamydia Trachomatis en Aragón:,La infección por Chlamydia Trachomatis en mujeres tiene su mayor incidencia entre los 20-24 años siendo asintomática en la mayoría de los casos.,Es una enfermedad de declaración obligatoria numérica semanal.,La fase inicial de la infección cursa con una lesión llamada chancro.,"Es causante de enfermedad inflamatoria pélvica, dolor pélvico crónico, salpingitis y esterilidad si no se detecta y trata a tiempo.",C,La fase inicial de la infección cursa con una lesión llamada chancro.,No Legislación
Aragón,2024,74,¿Cómo se clasificaría una colporrafia según la clasificación de Altemeier?,Una cirugía limpia.,Una cirugía limpia-contaminada.,Una cirugía contaminada.,Una cirugía sucia.,B,Una cirugía limpia-contaminada.,No Legislación
Aragón,2024,75,¿Cuál de los siguientes pacientes NO sería candidato para la realización de una cirugía mayor ambulatoria?,"Alberto, con un nivel II en la escala de Davis.","Raúl, con insuficiencia cardiaca congestiva.","Laura, con un riesgo anestésico ASA II.","Concepción, de 86 años y una disminución auditiva del 70% en el oído derecho.",B,"Raúl, con insuficiencia cardiaca congestiva.",No Legislación
Aragón,2024,76,El desarrollo de estrategias para mejorar la adherencia a los tratamientos:,Es un proceso poco complejo.,Depende solo del tipo de tratamiento.,Las intervenciones serán unidireccionales.,"Será dependiente de la enfermedad, del paciente y del tipo de tratamiento.",D,"Será dependiente de la enfermedad, del paciente y del tipo de tratamiento.",No Legislación
Aragón,2024,77,Las enfermedades crónicas son:,Aquellas que tienen un curso prolongado y no se resuelven espontáneamente.,Aquellas que independientemente de su curso suelen curar de forma completa.,Aquellas que tienen un curso prolongado y se resuelven espontáneamente.,Aquellas que dependiendo de su curso suelen curar de forma completa.,A,Aquellas que tienen un curso prolongado y no se resuelven espontáneamente.,No Legislación
Aragón,2024,78,"Respecto al cuestionario de Barber, ¿cuál de las siguientes afirmaciones es FALSA?",Consta de 9 ítems que se responden dicotómicamente sí/no.,"Es utilizado para detectar ancianos en situación de fragilidad, vulnerabilidad o riesgo de dependencia funcional.","La respuesta ""no"" a cualquiera de sus ítems se considera un indicador de un estado de riesgo, fragilidad o vulnerabilidad, por lo que el paciente requeriría de una evaluación más completa.",Con dos respuestas afirmativas el test se considera positivo.,D,Con dos respuestas afirmativas el test se considera positivo.,No Legislación
Aragón,2024,79,Una puntuación de 35 en el cuestionario de Zarit:,Indica una sobrecarga leve del cuidador.,Indica una sobrecarga intensa del cuidador.,Indica no sobrecarga del cuidador.,Indica una sobrecarga moderada del cuidador.,C,Indica no sobrecarga del cuidador.,No Legislación
Aragón,2024,80,En relación con un sistema de infusión continuo de insulina (ISCI) de asa cerrada:,Todos los dispositivos pueden utilizarse en mujeres gestantes.,Se utiliza solo con insulina de acción rápida.,Se recomienda desconectarlo durante el sueño.,No puede sumergirse en el agua.,B,Se utiliza solo con insulina de acción rápida.,No Legislación
Aragón,2024,81,"Los criterios claves que deben caracterizar a un programa educativo terapéutico estructurado en diabetes, según la Guía de Práctica Clínica de la ISPAD 2024, son los siguientes, EXCEPTO:",Debe contar con ensayos clínicos aleatorizados.,"El programa cuenta con un plan de estudios estructurado y por escrito, alineado con las pautas clínicas actuales.",Los educadores sobre diabetes deben estar capacitados.,Tiene garantía de calidad.,A,Debe contar con ensayos clínicos aleatorizados.,No Legislación
Aragón,2024,82,Dentro de las escalas para valorar el riesgo de desarrollo de úlceras por presión NO se incluye:,Braden.,EMINA.,Zung.,Waterlow.,C,Zung.,No Legislación
Aragón,2024,83,"La pérdida total del grosor de la piel con lesión o necrosis del tejido subcutáneo sin exposición de estructuras más internas como tendones, huesos o músculos, corresponde a una úlcera por presión de:",Estadio I.,Estadio II.,Estadio III.,Estadio IV.,C,Estadio III.,No Legislación
Aragón,2024,84,Se define como edad biológica:,Al número de años transcurridos desde el nacimiento de la persona.,A la determinada por el grado de deterioro de los órganos.,A la que representa el funcionamiento del individuo respecto a su competencia conductual y adaptación.,A la que establece el papel que debe desempeñar el individuo en la sociedad en la que se desenvuelve.,B,A la determinada por el grado de deterioro de los órganos.,No Legislación
Aragón,2024,85,¿Cuál de los siguientes cuestionarios se emplea para valorar el riesgo de caídas?,Dowton.,Test de Isaacs.,OARS.,Barber.,A,Dowton.,No Legislación
Aragón,2024,86,Si una puérpera es portadora del virus de la hepatitis C y desea amamantar a su recién nacido:,Podrá hacerlo únicamente utilizando pezoneras.,"Podrá hacerlo únicamente utilizando biberón, para administrar la leche materna autoextraída.",No hay que suspender la lactancia materna.,Está terminantemente prohibida la lactancia en este supuesto.,C,No hay que suspender la lactancia materna.,No Legislación
Aragón,2024,87,Es posible proteger a los lactantes frente al virus de la hepatitis B (VHB) con una vacuna segura y eficaz:,Se recomienda según la OMS administrar a todos los lactantes una primera dosis de esta vacuna lo antes posible.,La vacuna confiere un 70% de protección.,Una sola dosis es más que suficiente para proteger a los lactantes.,"Si la madre del recién nacido es portadora del virus de la hepatitis B, el hijo no puede recibir la vacunación contra el VHB.",A,Se recomienda según la OMS administrar a todos los lactantes una primera dosis de esta vacuna lo antes posible.,No Legislación
Aragón,2024,88,La teoría integradora del duelo de Catherine M. Sanders especifica las siguientes fases que se vivencian en el duelo:,"Negación, ira, negociación, depresión y aceptación.","Conmoción, incredulidad, duelo agudo y resolución.","Shock, concienciación de la pérdida, conservación, cicatrización y renovación.","Evitación, confrontación y restablecimiento.",C,"Shock, concienciación de la pérdida, conservación, cicatrización y renovación.",No Legislación
Aragón,2024,89,"Ante un enfermo con necesidades de cuidados paliativos con riesgo de presentar hematemesis y/o hemoptisis en el domicilio, ¿qué recomendaciones específicas no farmacológicas indicaremos a sus cuidadores?",Disponer en la cabecera del paciente una palangana y toallas de color oscuro para absorber y disimular la sangre.,Colocar al paciente en decúbito supino.,Tener cerca toallas blancas para recoger y evidenciar el sangrado.,Activar el servicio de atención sanitaria urgente ante cualquier mínimo sangrado.,A,Disponer en la cabecera del paciente una palangana y toallas de color oscuro para absorber y disimular la sangre.,No Legislación
Aragón,2024,90,"Entre los cuidados de enfermería, incluidos en el Plan estratégico de salud mental de Aragón, a un paciente de salud mental con sujeción mecánica NO se incluye:",Registrar en la historia la hora de inicio y fin de la sujeción.,"En inmovilizaciones completas, visitará al paciente cada 30 minutos.","En inmovilizaciones parciales, visitará al paciente cada hora.",En cada turno se vigilará la presencia de signos de lesiones por presión producidas por el rozamiento de la sujeción.,B,"En inmovilizaciones completas, visitará al paciente cada 30 minutos.",No Legislación
Aragón,2024,91,Señala de las siguientes escalas cuál utilizaría en España para valorar el riesgo de suicidio en un adolescente:,Fageström.,Escala CRIES.,Escala de Norton.,Escala Paykel.,D,Escala Paykel.,No Legislación
Aragón,2024,92,"Según la Asociación Española de Enfermería en Cardiología, respecto a la enfermedad arterial periférica de extremidades inferiores, es INCORRECTO:","Tanto si es asintomática como si no, se asocia a alto riesgo de morbimortalidad cardiovascular.","Es una enfermedad infradiagnosticada, provocada principalmente por ateroesclerosis.","La mayoría de los pacientes tienen síntomas, y se detectan por un índice tobillo brazo (ITB) alto (> 0,90) o ausencia de pulso.","El índice tobillo brazo es la relación de la presión arterial sistólica más alta entre las arterias tibial posterior y dorsal de cada pie, y la presión arterial sistólica más alta de ambos brazos.",C,"La mayoría de los pacientes tienen síntomas, y se detectan por un índice tobillo brazo (ITB) alto (> 0,90) o ausencia de pulso.",No Legislación
Aragón,2024,93,Según la Guía de la Sociedad Europea de Cardiología de 2023 sobre el diagnóstico y tratamiento de los síndromes coronarios agudos (SCA):,La cardiopatía isquémica es la tercera causa de muerte por enfermedad cardiovascular.,"Para pacientes con IAMCEST, si la intervención coronaria percutánea primaria no se puede realizar en los primeros 120 minutos desde el diagnóstico, está indicada la fibrinólisis en las primeras 12 horas tras la manifestación de los síntomas, si no existen contraindicaciones.",El electrocardiograma de 12 derivaciones en reposo es la herramienta diagnóstica de segunda línea para el examen de los pacientes con sospecha de síndrome coronario agudo.,"Se recomienda comenzar la rehabilitación cardiaca a los 3-6 meses del síndrome coronario agudo, como herramienta de prevención secundaria.",B,"Para pacientes con IAMCEST, si la intervención coronaria percutánea primaria no se puede realizar en los primeros 120 minutos desde el diagnóstico, está indicada la fibrinólisis en las primeras 12 horas tras la manifestación de los síntomas, si no existen contraindicaciones.",No Legislación
Aragón,2024,94,En cuál de las siguientes situaciones NO está indicada la realización de un sondaje vesical:,Monitorización exacta de la diuresis en pacientes en estado crítico.,Manejo de la retención aguda de orina.,Prostatitis aguda.,Cirugía pélvica.,C,Prostatitis aguda.,No Legislación
Aragón,2024,95,¿Cuál es el microorganismo que causa la mayoría de las infecciones del tracto urinario en población geriátrica?,Ureaplasma urealyticum.,Escherichia coli.,Enterococcus faecalis.,Candida albicans.,B,Escherichia coli.,No Legislación
Aragón,2024,96,"¿Cómo se denomina la marcha producida por alteración de los nervios periféricos, en la cual la persona debe realizar una elevación de la rodilla para echar el pie hacia delante?",Marcha paraparética.,Marcha en estrella.,Marcha en estepage.,Marcha del segador.,C,Marcha en estepage.,No Legislación
Aragón,2024,97,Señale la respuesta correcta:,La dacriocistitis es la inflamación de la glándula lacrimal.,"El orzuelo es la inflamación crónica de las glándulas de Meibomio, sin presentar dolor.",El ectropión suele producir epífora.,La dacrioadenitis es la inflamación del saco lagrimal.,C,El ectropión suele producir epífora.,No Legislación
Aragón,2024,98,Indique cuál de las siguientes intervenciones de enfermería NO se debe realizar en el postoperatorio de una artroplastia de cadera:,Evaluar el color y la temperatura de la extremidad afectada.,Tomar nota de la característica y volumen del drenaje.,Fomentar el cruce de las piernas.,Vigilar la condición de la piel en los puntos de presión.,C,Fomentar el cruce de las piernas.,No Legislación
Aragón,2024,99,Indique cuál de las siguientes complicaciones NO puede aparecer como consecuencia de un vendaje:,Complicaciones vasculares.,Maceración cutánea.,Edema de puerta.,Alineamiento incorrecto.,C,Edema de puerta.,No Legislación
Aragón,2024,100,La dificultad de la expresión oral del lenguaje debida a trastornos del tono y del movimiento de los músculos fonatorios se denomina:,Afasia.,Disfagia.,Disartria.,Mutismo.,C,Disartria.,No Legislación
Aragón,2024,101,"En un paciente con apertura ocular espontánea, que localiza el estímulo doloroso y que utiliza palabras inapropiadas, ¿qué puntuación obtendrá en la escala Glasgow?",10.,15.,12.,20.,C,12.,No Legislación
Aragón,2024,102,"Según el vigente Programa de detección precoz de cáncer colorrectal del Gobierno de Aragón, es un criterio de indicación, de cribado poblacional:",Hombres y mujeres entre 50 y 59 años con antecedentes familiares de la enfermedad.,Hombres y mujeres entre 50 y 69 años con historial previo de cáncer colorrectal.,Hombres y mujeres entre 45 y 59 años en los que no existen antecedentes de la enfermedad.,Hombres y mujeres entre 50 y 69 años en los que no existen antecedentes de la enfermedad.,D,Hombres y mujeres entre 50 y 69 años en los que no existen antecedentes de la enfermedad.,No Legislación
Aragón,2024,103,Indique cuál de las siguientes sondas NO está indicada en el lavado gástrico en un adulto:,Sonda Levin.,Sonda Faucher.,Sonda Sengstaken-Blakemore.,Sonda Salem.,C,Sonda Sengstaken-Blakemore.,No Legislación
"Aragón,2024,104,""Según el Plan de Atención Integral a personas con EPOC en Aragón, son contraindicaciones relativas para realizar una espirometría todas, EXCEPTO:"",Situaciones relacionadas con aumentos en la demanda miocárdica o cambios en la presión arterial (hipotensión sistémica o hipertensión severa"; hipertensión pulmonar no controlada).,Situaciones relacionadas con el aumento de la presión intracraneal/intraocular.,Situaciones relacionadas con el aumento de la presión intratorácica e intraabdominal (neumotórax; cirugía torácica o abdominal en las 4 semanas previas a la prueba).,Situaciones relacionadas con el aumento de la presión intraarticular temporoaxial.,D,Situaciones relacionadas con el aumento de la presión intraarticular temporoaxial.,No Legislación
Aragón,2024,105,"Según el Consenso SEPAR-ALAT sobre terapia inhalada, son ventajas del uso de cámaras de inhalación y espaciadores, EXCEPTO:",Es innecesaria la coordinación entre la pulsación y la inspiración.,Disminuye el depósito orofaríngeo del fármaco.,Aumenta el depósito pulmonar del fármaco.,Aumenta el efecto freón-frío.,D,Aumenta el efecto freón-frío.,No Legislación
Aragón,2024,106,"Los procesos a través de los que un estímulo se transmite en forma de percepción dolorosa son los siguientes, EXCEPTO:",Transducción.,Transmisión.,Diferenciación.,Modulación.,C,Diferenciación.,No Legislación
Aragón,2024,107,La aguja tipo Huber se utiliza para:,Realizar una diálisis peritoneal.,Obtener líquido cefalorraquídeo en una punción lumbar.,Para servir de guía en la introducción de un catéter.,Administrar medicamentos a través de un catéter con reservorio subcutáneo.,D,Administrar medicamentos a través de un catéter con reservorio subcutáneo.,No Legislación
Aragón,2024,108,Respecto a los modelos de educación para la salud para modificar comportamientos perjudiciales:,El modelo PRECEDE-PROCEDE primero implementa la intervención y después procede al diagnóstico educacional.,El modelo pragmático de salud no está aceptado por la OMS.,El modelo ecológico sitúa los valores culturales en el microsistema.,"En la etapa de precontemplación del modelo Prochaska DiClemente, la persona no piensa en cambiar su estilo de vida a corto plazo.",D,"En la etapa de precontemplación del modelo Prochaska DiClemente, la persona no piensa en cambiar su estilo de vida a corto plazo.",No Legislación
Aragón,2024,109,Señala la respuesta INCORRECTA sobre el genograma familiar:,Se puede definir como la representación gráfica del desarrollo familiar a lo largo del tiempo.,"El varón se representa con un círculo, la mujer con un cuadrado.",La delimitación del hogar se hace con un trazado con líneas discontinuas alrededor de los miembros que conviven en el mismo hogar.,"A la persona índice (paciente identificado), sobre el que se estructura el genograma, se le representa con un doble trazo.",B,"El varón se representa con un círculo, la mujer con un cuadrado.",No Legislación
Aragón,2024,110,"Según los resultados del estudio EPINE 2023, ¿cuál es la localización de infecciones relacionadas con la asistencia sanitaria (IRAS) por grupo más prevalente?",Quirúrgicas.,Respiratorias.,Urinarias.,Bacteriemias e infecciones asociadas a catéteres.,C,Urinarias.,No Legislación
Canarias,2019,1,¿Qué Ley tiene por objeto la regulación general de todas las acciones que permitan hacer efectivo el derecho a la protección de la salud?:,La Ley General de Sanidad.,El Estatuto Marco del personal estatutario de los servicios de salud.,La Ley de Ordenación de las Profesiones Sanitarias.,La Constitución española de 1978.,a,La Ley General de Sanidad.,Legislación
Canarias,2019,2,La Protección de la Salud:,"No es un concepto, ni un derecho, sino un objetivo de política sanitaria.",Es un concepto acuñado en el ámbito asistencial de ahí que no conste en ninguna norma jurídica relevante.,Es un término jurídico indeterminado.,Es un derecho que se reconoce en el artº 43 de la Constitución Española.,d,Es un derecho que se reconoce en el artº 43 de la Constitución Española.,Legislación
Canarias,2019,3,"La Ley 55/2003, del Estatuto Marco del personal estatutario de los servicios de salud, tiene como ámbito de aplicación el personal estatutario que desempeña su función en:",Los centros e Instituciones Sanitarias de los servicios de salud de las Comunidades Autónomas.,"La red hospitalaria de titularidad pública, exclusivamente.","La red de Atención Primaria a nivel nacional, exclusivamente.",Las Instituciones Sanitarias del Sistema Nacional de Salud excepto en Canarias y las Islas Baleares a causa de la insularidad.,a,Los centros e Instituciones Sanitarias de los servicios de salud de las Comunidades Autónomas.,Legislación
Canarias,2019,4,"Según la Ley 55/2003, del Estatuto Marco del personal estatutario de los servicios de salud, las faltas disciplinarias se clasifican en:","Leves, graves, muy graves, y gravísimas.","Económicas, genéricas, y reincidentes.","Leves, graves, y muy graves.",Sancionables y no sancionables.,c,"Leves, graves, y muy graves.",Legislación
Canarias,2019,5,"La Ley Orgánica 1/2004, de Medidas de Protección Integral contra la Violencia de Género:",Tiene como aspecto a destacar que carece de exposición de motivos.,Incluye tanto a hombres como a mujeres que sufran violencia de género.,Establece como uno de sus principios rectores consagrar derechos de las mujeres víctimas de violencia de género.,Fue publicada en el B.O.C. en el año 2001.,c,Establece como uno de sus principios rectores consagrar derechos de las mujeres víctimas de violencia de género.,Legislación
Canarias,2019,6,"Las obligaciones establecidas en la Ley Orgánica 3/2007, para la igualdad efectiva de mujeres y hombres serán de aplicación a:",Sólo a las personas físicas y a los menores.,"Toda persona física o jurídica que se encuentre o actúe en territorio español cualquiera que fuese su nacionalidad, domicilio o residencia.",Todo nacional español donde quiera que tenga su residencia habitual.,Sólo a las mujeres que se encuentren en territorio nacional.,b,"Toda persona física o jurídica que se encuentre o actúe en territorio español cualquiera que fuese su nacionalidad, domicilio o residencia.",Legislación
Canarias,2019,7,El incumplimiento de los trabajadores de las obligaciones en materia preventiva:,No existe en el ámbito de la Administración Pública sólo en la Empresa privada.,El incumplimiento solo está regulado respecto del empleador.,Es irrelevante salvo que se produzca un siniestro.,Puede tener consecuencias disciplinarias.,d,Puede tener consecuencias disciplinarias.,No Legislación
Canarias,2019,8,Es obligación de los trabajadores en materia de prevención:,Trasladar sus quejas o reclamaciones a través de un sindicato.,No existe ninguna obligación específica para los trabajadores en esta materia.,Cumplir aquellas medidas preventivas adoptadas por la seguridad de las personas a que pueda afectar su actividad profesional.,Hacer un curso cada tres años sobre prevención de riesgos laborales.,c,Cumplir aquellas medidas preventivas adoptadas por la seguridad de las personas a que pueda afectar su actividad profesional.,No Legislación
Canarias,2019,9,La revelación o divulgación de secretos:,"Todo enfermero sabe que no se puede hacer, aunque no exista norma expresa que lo prohíba.","Sólo se contempla en la Ley 41/2002, de autonomía del paciente, y no en el código penal.","Se castiga, aunque el paciente hubiera emitido válidamente su consentimiento para ello.",Está castigada por el código penal y se puede ir a la cárcel por ello.,d,Está castigada por el código penal y se puede ir a la cárcel por ello.,Legislación
Canarias,2019,10,"El Reglamento (UE) 2016/679 del Parlamento Europeo y del Consejo relativo a la protección de las personas físicas en lo que respecta al tratamiento de datos personales y a la libre circulación de estos datos, es de aplicación:",A los datos de salud exclusivamente.,A la información asociada a actividades antiterroristas o en relación con la defensa de las fronteras exclusivamente.,Al tratamiento de datos personales de interesados que residan en la Unión.,A todo tipo de empresas salvo a las línea aéreas y marítimas.,c,Al tratamiento de datos personales de interesados que residan en la Unión.,Legislación
Canarias,2019,11,Las normas deontológicas que ordenan el ejercicio de la profesión de enfermería tendrán:,Que aprobarse previamente por cada Comunidad Autónoma si su Estatuto de Autonomía así lo determina.,Carácter mixto.,Carácter obligatorio.,Carácter potestativo.,c,Carácter obligatorio.,Legislación
Canarias,2019,12,Entre los principios básicos de la bioética para enfermería NO está:,El principio de autonomía del paciente.,El principio de justicia.,El principio de no maleficencia.,El principio de gratitud.,d,El principio de gratitud.,No Legislación
Canarias,2019,13,"Dentro de las actividades para construir una cultura de seguridad del paciente en las organizaciones sanitarias según el Sistema Nacional de Salud, es necesario:",Promover y desarrollar el conocimiento y la cultura de seguridad del paciente entre los profesionales en cualquier nivel de atención sanitaria.,Actuar de forma reactiva.,Centrarse en el principio multicausal y no en el principio de las causas básicas.,Desplegar la gestión de riesgos laborales en las Unidades de Enfermería.,a,Promover y desarrollar el conocimiento y la cultura de seguridad del paciente entre los profesionales en cualquier nivel de atención sanitaria.,No Legislación
Canarias,2019,14,Señale la respuesta INCORRECTA relacionada con el análisis causa-raíz (ACR) en los incidentes de seguridad del paciente:,El ACR es la herramienta punitiva formalmente utilizada por los Sistemas Sanitarios para gestionar los errores médicos.,"Un ACR se centra principalmente en los procesos, no en el desempeño individual.",El resultado de un ACR es un plan de acción que la Organización debe poner en práctica para reducir el riesgo que vuelvan a ocurrir determinados incidentes.,El ACR es un proceso estructurado para identificar los factores causales que han provocado un incidente de seguridad.,a,El ACR es la herramienta punitiva formalmente utilizada por los Sistemas Sanitarios para gestionar los errores médicos.,No Legislación
Canarias,2019,15,En relación con el Check-list de Verificación Quirúrgico podemos afirmar (señale la respuesta CORRECTA):,Es una herramienta para mejorar la seguridad de los pacientes en el ámbito quirúrgico.,Solo se utiliza en Cirugías complejas.,Es un instrumento exclusivamente normativo.,La cumplimentación es exclusivamente responsabilidad del cirujano.,a,Es una herramienta para mejorar la seguridad de los pacientes en el ámbito quirúrgico.,No Legislación
Canarias,2019,16,NO es una prestación de Atención Primaria en el Sistema Nacional de Salud:,La atención paliativa a enfermos terminales.,"La asistencia a demanda, programada y urgente, en atención a domicilio.",La atención a la salud bucodental.,La asistencia hospitalaria en Hospital de Día médico.,d,La asistencia hospitalaria en Hospital de Día médico.,No Legislación
Canarias,2019,17,Entre las funciones básicas de un Centro de Salud integral se encuentran:,Atención domiciliaria y atención urgente.,Atención preventiva y promoción de la enfermedad.,Asistencia en la vía pública.,Vigilancia Epidemiológica.,a,Atención domiciliaria y atención urgente.,No Legislación
Canarias,2019,18,El Informe de Cuidados de Enfermería posibilita:,La coordinación eficaz entre los diferentes profesionales del equipo.,La agilización de las altas hospitalarias para la mejora en la gestión de camas.,La optimización de las agendas en enfermería de Atención Primaria.,La continuidad de cuidados al paciente entre los diferentes niveles asistenciales.,d,La continuidad de cuidados al paciente entre los diferentes niveles asistenciales.,No Legislación
Canarias,2019,19,La figura de la enfermera comunitaria de enlace del Servicio Canario de Salud es oficialmente establecida en el año:,2002,1996,2005,1992,a,2002,No Legislación
Canarias,2019,20,"Si quisiéramos medir el índice de carga de un cuidador, emplearíamos la:",Escala de Stuart,Escala de Madison,Escala Golberg,Escala de Zarit,d,Escala de Zarit,No Legislación
Canarias,2019,21,Si realizamos una encuesta de satisfacción a los usuarios sobre los servicios prestados en Atención Domiciliaria estaremos realizando una evaluación:,De estructura,De resultados,De proceso,Ninguna de las anteriores es correcta,b,De resultados,No Legislación
Canarias,2019,22,NO es fase del Proceso Enfermero:,Valoración,Planificación,Habilidades técnicas,Evaluación,c,Habilidades técnicas,No Legislación
Canarias,2019,23,Según M. Gordon el número de procesos vitales (Patrones) que conforman una visión integral de la salud del individuo son:,8,10,11,5,c,11,No Legislación
Canarias,2019,24,"El Patrón 8 “Rol- Relaciones”, describe:",Procesos mediante los cuales el individuo percibe e interpreta la realidad.,Los procesos de socialización e integración personales satisfactorias.,Aspectos relacionados con una sexualidad saludable.,Los procesos rítmicos de los individuos y las consecuencias de su alteración para la salud.,b,Los procesos de socialización e integración personales satisfactorias.,No Legislación
Canarias,2019,25,Entre las actividades de la intervención de la NIC “prevención de la úlcera por presión” NO encontramos:,"Mantener la ropa de la cama limpia, seca y sin arrugas.",Vigilar estrechamente cualquier zona enrojecida.,Describir las características de la úlcera a intervalos regulares.,Registrar el estado de la piel en el ingreso y luego a diario.,c,Describir las características de la úlcera a intervalos regulares.,No Legislación
Canarias,2019,26,"La definición “Recogida de datos actuales, objetivos y subjetivos, y antecedentes”, a qué etapa del proceso enfermero corresponde:",Ejecución,Diagnóstico,Valoración,Planificación,c,Valoración,No Legislación
Canarias,2019,27,"En un paciente con riesgo de caídas al elaborar el Plan de Cuidados de enfermería, usted destaca: Control del riesgo y conducta de prevención de caídas. Está definiendo:",Valoración de enfermería,Las intervenciones NIC,Los resultados NOC,Diagnósticos de enfermería,c,Los resultados NOC,No Legislación
Canarias,2019,28,"De las siguientes, ¿cuál es una variable cualitativa continua?:",Puntuación en la escala de Barthel.,Número de habitantes de una comunidad.,Peso de un grupo de alumnos.,Número de nacimientos en un año.,c,Peso de un grupo de alumnos.,No Legislación
Canarias,2019,29,El estudio en que el investigador manipula la variable independiente es:,De cohortes.,Experimental.,Observacional.,Casos-control.,b,Experimental.,No Legislación
Canarias,2019,30,"Señale la opción correcta de la siguiente muestra: 4, 9, 10, 5, 10, 9, 6, 5, 5","La moda es 6, la media es 6 y la mediana es 6.","La moda es 6, la media es 7 y la mediana es 7.","La moda es 5, la media es 6 y la mediana es 7.","La moda es 5, la media es 7 y la mediana es 6.",d,"La moda es 5, la media es 7 y la mediana es 6.",No Legislación
Canarias,2019,31,Es una medida de dispersión:,La media.,El porcentaje.,La desviación típica.,La mediana.,c,La desviación típica.,No Legislación
Canarias,2019,32,La Fase empírica de un estudio cuantitativo comprende:,La organización e interpretación de los resultados.,La observación de datos y su preparación para el análisis.,La toma de decisiones acerca de los métodos que empleará para abordar el problema.,El enunciado de las expectativas del investigador respecto a las relaciones entre las variables que investiga.,b,La observación de datos y su preparación para el análisis.,No Legislación
Canarias,2019,33,Realizando intervenciones basadas en la evidencia científica las enfermeras pueden:,No mejorar los resultados de los pacientes,Proporcionar cuidados de calidad,Aumentar los costes de la atención sanitaria,Perder mucho tiempo,b,Proporcionar cuidados de calidad,No Legislación
Canarias,2019,34,"En epidemiología, ¿Qué medida de frecuencia da una idea del peso de una enfermedad en una población determinada?",Riesgo Relativo.,Incidencia.,Letalidad.,Prevalencia.,d,Prevalencia.,No Legislación
Canarias,2019,35,En Salud Pública el objetivo de la actuación en el nivel de prevención secundaria es:,Actuar antes de que la enfermedad aparezca.,Rehabilitar y reintegrar al paciente a su función activa.,Intervenir en la fase presintomática de la enfermedad para frenar su curso.,Reducir complicaciones una vez manifestada la enfermedad.,c,Intervenir en la fase presintomática de la enfermedad para frenar su curso.,No Legislación
Canarias,2019,36,Para conocer las principales causas de morbi-mortalidad y analizar los factores que están influyendo o condicionando dicha morbi-mortalidad se realizará un:,Diagnóstico de salud,Consulta de enfermería,Educación para la salud,Programa de salud,a,Diagnóstico de salud,No Legislación
Canarias,2019,37,"Según la OMS, la salud se define como:",La ausencia de alteración o desviación del estado físico.,"Un estado de completo bienestar físico, mental y social y no solamente la ausencia de afecciones o enfermedades.",La ausencia de enfermedades biológicas.,La adaptación de las personas al medio biológico y sociocultural.,b,"Un estado de completo bienestar físico, mental y social y no solamente la ausencia de afecciones o enfermedades.",No Legislación
Canarias,2019,38,La historia natural de la enfermedad es un proceso que se desarrolla en tres períodos:,"Prepatogénico, patogénico y rehabilitación.","Prepatogénico, clínica y resultados.","Presintomático, patogénico y resultados","Prepatogénico, patogénico y resultados.",d,"Prepatogénico, patogénico y resultados.",No Legislación
Canarias,2019,39,La actividad de enfermería en la promoción de la salud con adolescentes ...,"A nivel individual, tratará de desarrollar su autoestima y autoeficacia.","A nivel social, tratará de crear redes de recursos y medios donde puedan obtener el apoyo necesario.",Procurará facilitar el acceso de los adolescentes y jóvenes a los servicios de salud.,Todas las respuestas son correctas.,d,Todas las respuestas son correctas.,No Legislación
Canarias,2019,40,"Respecto a la vacuna triple vírica (sarampión, rubeola, parotiditis), señale la respuesta CORRECTA:","Se debe evitar en las embarazadas, y evitar el embarazo al menos un mes tras la vacunación.",Su administración debe ser vía V.O. (vía oral).,"Está totalmente contraindicada en los pacientes con alergia a las proteínas del huevo, a esos pacientes no se les puede administrar.",Todas las respuestas son correctas.,a,"Se debe evitar en las embarazadas, y evitar el embarazo al menos un mes tras la vacunación.",No Legislación
Canarias,2019,41,"De las siguientes reacciones adversas, ¿Cuál podemos clasificar como complicación mayor por la gravedad que reviste?",Exantema.,Enrojecimiento y dolor del punto de punción.,Fiebre.,Reacción anafiláctica.,d,Reacción anafiláctica.,No Legislación
Canarias,2019,42,"Según el calendario vacunal de la Comunidad Autónoma de Canarias, la vacuna del meningococo serogrupo c1 se debe administrar:","A los 11 meses, 6 años y 14 años.","A los 4 meses, 12 meses y 12 años.","A los 2 meses, 4 meses y 11 meses.","A los 2 meses, 1 año y 12 años.",b,"A los 4 meses, 12 meses y 12 años.",No Legislación
Canarias,2019,43,¿Cuál de los siguientes recursos en educación sanitaria ofrece mejores posibilidades de comunicación?:,La palabra presencial.,La palabra a través de la televisión o radio.,Los trípticos.,Los carteles.,a,La palabra presencial.,No Legislación
Canarias,2019,44,Señale cuál NO es una característica definitoria de un grupo de autoayuda:,Los grupos tienen que estar liderados por personal sanitario.,Los integrantes de los grupos de autoayuda son voluntarios.,El proveedor y receptor de la ayuda comparten la misma situación.,Se encuentra abierto a toda la población que experimenten situaciones similares.,a,Los grupos tienen que estar liderados por personal sanitario.,No Legislación
Canarias,2019,45,"Cuando hablamos de promoción de la salud, ¿A quién nos dirigimos?",A la población en riesgo.,A la población marginal.,A toda la población.,A la población sana.,c,A toda la población.,No Legislación
Canarias,2019,46,"La capacidad de discrepar honestamente siendo respetuoso y comunicarse de forma directa cuando es necesario dar malas noticias, se denomina:",Empatía.,Autenticidad.,Autoconfianza.,Asertividad.,d,Asertividad.,No Legislación
Canarias,2019,47,"Dentro de las destrezas básicas de la escucha, señale la afirmación INCORRECTA:","Mostrar atención e interés, con especial énfasis en los sentimientos.",Asegurar el mantenimiento de la adecuada privacidad.,Es necesario procurar crear un clima de confianza.,Completar las frases del paciente puede ser de gran ayuda.,d,Completar las frases del paciente puede ser de gran ayuda.,No Legislación
Canarias,2019,48,"La selección de servicios priorizada y organizada de una forma específica que responde a necesidades y/o demandas de la población, se denomina:",Hospital.,Historia clínica.,Cartera de servicios.,Carta de derechos de los usuarios.,c,Cartera de servicios.,Legislación
Canarias,2019,49,Uno de los siguientes indicadores NO forma parte de la valoración del rendimiento en Atención Primaria:,Infecciones nosocomiales,Número de consultas.,Tiempo de consulta.,Población atendida.,a,Infecciones nosocomiales,No Legislación
Canarias,2019,50,¿Qué es la clorhexidina?,Un antiséptico de espectro reducido.,Un desinfectante de alto nivel perteneciente al grupo de las biguanidas.,Un antiséptico de escasa duración de actividad.,Un antiséptico que genera escasas alergias y de amplio espectro.,d,Un antiséptico que genera escasas alergias y de amplio espectro.,No Legislación
Canarias,2019,51,El diagnóstico de ingreso de un paciente es Gripe A (H1N1). ¿Qué tipo de aislamiento se recomendaría para este paciente?,Aislamiento de contacto.,Aislamiento inverso.,Aislamiento estándar y por gotas.,Aislamiento respiratorio estricto.,c,Aislamiento estándar y por gotas.,No Legislación
Canarias,2019,52,"Respecto al shock, señala la opción CORRECTA:",El shock hipovolémico se produce como consecuencia de la disminución del volumen intravascular.,El shock anafiláctico se produce por una falta de respuesta del sistema inmunológico contra un antígeno al que el organismo ha sido sensibilizado.,El shock séptico es un tipo de shock neurogénico.,El shock cardiogénico se produce como resultado de la pérdida o supresión del tono simpático.,a,El shock hipovolémico se produce como consecuencia de la disminución del volumen intravascular.,No Legislación
Canarias,2019,53,Según el Consejo Europeo de Resucitación (ERC) para que una RCP (Reanimación cardiopulmonar) en un adulto sea de alta calidad debe cumplir lo siguiente:,La frecuencia de las compresiones debe ser entre 80 y 90 por minuto.,La profundidad recomendada de las compresiones torácicas debe ser de 3 cms.,La relación de compresiones torácicas y ventilaciones debe ser 15:2.,Se debe permitir que el tórax se reexpanda completamente tras cada compresión y minimizar las interrupciones en las compresiones.,d,Se debe permitir que el tórax se reexpanda completamente tras cada compresión y minimizar las interrupciones en las compresiones.,No Legislación
Canarias,2019,54,Según el Consejo Europeo de Resucitación (ERC) señale la opción INCORRECTA:,En los niños no se recomienda la vía intraósea por la fragilidad de los huesos.,"A los pacientes pediátricos en estado crítico si no se logra canalizar una vía intravenosa en 60-90 segundos, se debe canalizar una vía intraósea.",La vía intraósea se debe mantener hasta que se logre canalizar una vía venosa definitiva.,"La vía intraósea es una vía rápida, segura y efectiva para administrar fármacos, líquidos y productos sanguíneos.",a,En los niños no se recomienda la vía intraósea por la fragilidad de los huesos.,No Legislación
Canarias,2019,55,"Respecto a los malos tratos, indique la opción CORRECTA sobre la mujer agredida:","Se sienten responsables de no haber sido capaces de evitar la violencia, pararla, o cambiar el comportamiento de su pareja.",Generalmente desarrollan una elevada autoestima.,"Suele pedir ayuda, porque rápidamente son conscientes del problema y lo reconocen.","Responde a un perfil social determinado, mujer de clase social baja, sin estudios y de mediana edad.",a,"Se sienten responsables de no haber sido capaces de evitar la violencia, pararla, o cambiar el comportamiento de su pareja.",No Legislación
Canarias,2019,56,¿Cuál de las siguientes dimensiones de la sexualidad humana hace referencia a la identidad de género de las personas?,Interpersonal.,Biológica.,Psicológica.,Social.,c,Psicológica.,No Legislación
Canarias,2019,57,¿Para el control de las glucemias en el tratamiento de la diabetes gestacional NO se recomienda:,Insulina.,Dieta.,Antidiabéticos orales.,Ejercicio.,c,Antidiabéticos orales.,No Legislación
Canarias,2019,58,Consideramos parto postérmino el que ocurre:,Entre la semana 38 y la 40.,Antes de la semana 37.,Después de la semana 42.,Entre la 40 y la 42.,c,Después de la semana 42.,No Legislación
Canarias,2019,59,En lo relativo a las recomendaciones de la lactancia materna señale la opción FALSA:,Lactancia materna a demanda.,Procurar vaciado completo de la mama por toma.,Realizar de 12 a 15 tomas diarias.,No limitar la duración de las tomas.,c,Realizar de 12 a 15 tomas diarias.,No Legislación
Canarias,2019,60,La aparición de cambios hormonales y físicos desde 1 a 2 años antes de la menopausia hasta 1 año después de la misma se denomina:,Premenopausia.,Posmenopausia.,Perimenopausia.,Menopausia tardía.,c,Perimenopausia.,No Legislación
Canarias,2019,61,La pérdida involuntaria de orina durante actividades que aumentan la presión intraabdominal acompañada de deseo repentino y fuerte de orinar se denomina:,Incontinencia urinaria por rebosamiento.,Incontinencia urinaria de esfuerzo.,Incontinencia urinaria de urgencia.,Incontinencia urinaria mixta.,d,Incontinencia urinaria mixta.,No Legislación
Canarias,2019,62,"En la vacunación infantil de administración IM (intramuscular), en función de la edad, la zona de punción recomendada es:",Menores de 18 meses el deltoides.,"Mayores de 18 meses el deltoides o el glúteo, nunca la cara anterolateral externa del muslo.",Menores de 18 meses la cara anterolateral externa del muslo.,"Se puede puncionar el muslo, deltoides o glúteo en cualquier edad.",c,Menores de 18 meses la cara anterolateral externa del muslo.,No Legislación
Canarias,2019,63,¿Cuándo se cierra la fontanela anterior?,Entre los 9 y 18 meses.,"La fontanela anterior no se cierra nunca, la única que se cierra es la posterior.",Antes del segundo mes.,Después de los 3 años.,a,Entre los 9 y 18 meses.,No Legislación
Canarias,2019,64,"Al cuidar a un niño con infección respiratoria por virus respiratorio sincitial (VRS), ¿Cuál de las siguientes medidas es la más importante para disminuir el riesgo de propagación a otros niños?",Colocarse una mascarilla al atender al niño.,Lavarse cuidadosamente las manos antes y después de tocar al niño.,Colocarle una mascarilla al niño.,Ubicar al niño en una sala de aislamiento.,b,Lavarse cuidadosamente las manos antes y después de tocar al niño.,No Legislación
Canarias,2019,65,La complicación más importante de la diarrea aguda infantil es:,Hipernatremia.,Insuficiencia renal aguda.,Deshidratación.,Inmunodeficiencia.,c,Deshidratación.,No Legislación
Canarias,2019,66,En relación al test de apgar. Señale la opción CORRECTA:,Se interpreta como estado satisfactorio una valoración entre 7 y 10.,Se hace cada 5 minutos hasta la estabilización del neonato.,"Si el cuerpo del neonato es rosado y las extremidades son azules, la puntuación es 0 en color.","Si hay gesticulaciones o muecas, la puntuación del neonato es 2 en respuesta a estímulos.",a,Se interpreta como estado satisfactorio una valoración entre 7 y 10.,No Legislación
Canarias,2019,67,Las principales causas de muerte y enfermedad entre los adolescentes se relacionan con:,Especial estilo de vida de los adolescentes.,Los cambios psicológicos.,Los cambios hormonales.,Su especial inmunidad.,a,Especial estilo de vida de los adolescentes.,No Legislación
Canarias,2019,68,¿Cuál de los siguientes signos es más compatible con la anorexia nerviosa?,Peso del 85%-95% del ideal para la edad y/o talla.,Hipermenorrea pertinaz.,Miedo intenso a ganar peso.,Hipertrofia de las parótidas.,c,Miedo intenso a ganar peso.,No Legislación
Canarias,2019,69,¿Cuál de las siguientes afirmaciones constituyen un mecanismo de transmisión del VIH?,El compartir ropa usada con una persona infectada.,Los abrazos y besos a una persona infectada.,La tos o el estornudo de una persona infectada.,La leche materna.,d,La leche materna.,No Legislación
Canarias,2019,70,La IRAS (Infección Relacionada con la Asistencia Sanitaria) más frecuentes son:,Las infecciones urinarias.,Las bacteriemias asociadas a catéter.,Las infecciones de la herida quirúrgica.,Las neumonías asociadas a ventilación mecánica.,a,Las infecciones urinarias.,No Legislación
Canarias,2019,71,¿Cuál es el mecanismo de transmisión más común de las infecciones en los hospitales españoles?,El instrumental médico.,La insuficiente higiene de manos de los profesionales sanitarios.,Los envases de medicamentos que se usan para múltiples pacientes.,Los pacientes portadores de microorganismos multirresistentes.,b,La insuficiente higiene de manos de los profesionales sanitarios.,No Legislación
Canarias,2019,72,Al tratar a un paciente anciano ¿Cuál de las siguientes afirmaciones es VERDADERA?,El calor y el frío extremo pueden ser peligrosos para los ancianos.,Las cardiopatías suponen un problema más frecuente para los varones ancianos que para las mujeres ancianas.,A veces se es demasiado viejo para realizar ejercicio.,Todas son ciertas.,a,El calor y el frío extremo pueden ser peligrosos para los ancianos.,No Legislación
Canarias,2019,73,La posibilidad de que un paciente anciano presente una reacción adversa por la ingesta de fármacos:,Es más frecuente en los ancianos que toman varios medicamentos a un mismo tiempo.,Es más frecuente en los ancianos con sobrepeso.,Es más frecuente en los pacientes adultos que en los pacientes ancianos.,Es más frecuente en el hombre anciano que en la mujer anciana.,a,Es más frecuente en los ancianos que toman varios medicamentos a un mismo tiempo.,No Legislación
Canarias,2019,74,"La campaña de vacunación de la gripe en el anciano sano, ¿Qué tipo de prevención es?",Prevención primaria,Prevención secundaria.,Prevención terciaria.,No se puede considerar que sea prevención.,a,Prevención primaria,No Legislación
Canarias,2019,75,"De las siguientes escalas, seleccione aquella que nos permite medir la intensidad del dolor:",Escala visual analógica (EVA).,Escala numérica (EN).,Escala categórica (EC).,Todas las respuestas son correctas.,d,Todas las respuestas son correctas.,No Legislación
Canarias,2019,76,"En relación con la posibilidad de que un paciente presente un intento de suicidio, ¿Cuál de estas afirmaciones es VERDADERA?",El riesgo de suicidio no se asocia a la depresión.,Las personas casadas tienen más riesgo de suicidio que las divorciadas.,El porcentaje de suicidio aumenta en personas con antecedentes de intento de suicidio previo.,Las personas menores de 19 años o mayores de 45 presentan menos tasa de suicidio.,c,El porcentaje de suicidio aumenta en personas con antecedentes de intento de suicidio previo.,No Legislación
Canarias,2019,77,"Pedro Pérez presenta un diagnóstico dual de dependencia alcohólica y otra enfermedad mental grave, la enfermera pauta una discusión en grupo, como parte del plan de cuidados, ¿En que se centrará la intervención de la Enfermera en este grupo?",Ayudar a Pedro a identificar síntomas de una recaída.,Enseñar a Pedro la importancia de la dieta y el ejercicio.,Reprochar a Pedro su conducta de abuso de alcohol.,Ayudar a Pedro a reconocer las conductas problemáticas.,d,Ayudar a Pedro a reconocer las conductas problemáticas.,No Legislación
Canarias,2019,78,"En relación con las interacciones farmacológicas, señale la afirmación INCORRECTA:",Las enfermedades hepáticas o renales pueden modificar el metabolismo y/o excreción de los fármacos.,"La edad, sobre todo en ancianos y niños, requieren un control estricto de dosis.","Las plantas medicinales, al ser productos naturales, no interaccionan con los fármacos.",Los componentes del tabaco tienen actividad farmacológica que puede antagonizar o potenciar los efectos de los medicamentos.,c,"Las plantas medicinales, al ser productos naturales, no interaccionan con los fármacos.",No Legislación
Canarias,2019,79,"Si hablamos de Tolerancia farmacológica a los opiáceos, señale la afirmación CORRECTA:",Su aparición no depende de la dosis.,"Se desarrolla con gran rapidez, en grado variable, en todos los consumidores de opiáceos.",Es una razón que puede contraindicar el uso de estos fármacos.,"Solo afecta a la analgesia, sin influir en el resto de los efectos colaterales.",b,"Se desarrolla con gran rapidez, en grado variable, en todos los consumidores de opiáceos.",No Legislación
Canarias,2019,80,"En una intoxicación aguda por benzodiacepinas, ¿Qué fármaco debemos utilizar?",Hidrocortisona.,Flumazenilo.,Naloxona.,Adrenalina.,b,Flumazenilo.,No Legislación
Canarias,2019,81,"Atendiendo a la norma de los cinco correctos, indique la afirmación FALSA:",Es necesario constatar siempre la identidad del paciente.,Es imprescindible comprobar el medicamento y la dosis del medicamento.,Se pueden administrar fármacos sin identificar siempre y cuando otro enfermero/a y el servicio de farmacia se responsabilicen del medicamento que hay en la bandeja del paciente.,Comprobar que se administra a la hora indicada.,c,Se pueden administrar fármacos sin identificar siempre y cuando otro enfermero/a y el servicio de farmacia se responsabilicen del medicamento que hay en la bandeja del paciente.,No Legislación
Canarias,2019,82,Cuando citamos la “acción vesicante” de los fármacos citostáticos hablamos de que:,Producen ulceración local y necrosis tisular si ocurre extravasación.,Producen vómitos y diarrea.,Pueden producir reacciones alérgicas y Shock anafiláctico.,Producen esterilidad.,a,Producen ulceración local y necrosis tisular si ocurre extravasación.,No Legislación
Canarias,2019,83,Según la OMS ¿Cuál de las siguientes afirmaciones es CORRECTA?,La reducción de actividad física suele corresponder a países con un producto nacional bruto bajo.,"Las personas que practican actividad física de forma regular presentan una reducción del riesgo de HTA, cardiopatía coronaria, ACV, diabetes.",En los países de ingresos altos el 50 % de las mujeres y hombres no realizan suficiente ejercicio físico.,Las personas que practican actividad física de forma regular presentan una reducción del riesgo de mortalidad entre un 10% y un 15% mayor que las personas sedentarias.,b,"Las personas que practican actividad física de forma regular presentan una reducción del riesgo de HTA, cardiopatía coronaria, ACV, diabetes.",No Legislación
Canarias,2019,84,Respecto al tabaco como factor de riesgo. ¿Cuál de las siguientes afirmaciones es FALSA?,La muerte súbita es mucho mayor entre los pacientes no fumadores.,El índice de mortalidad tiende a ser más elevado cuanto mayor es el consumo de tabaco.,La tasa de mortalidad es el doble en paciente fumadores.,La presencia de cáncer es muy superior en pacientes fumadores.,a,La muerte súbita es mucho mayor entre los pacientes no fumadores.,No Legislación
Canarias,2019,85,¿Cuál de los siguientes cereales NO contiene gluten?:,La cebada.,El trigo.,El millo,El centeno.,c,El millo,No Legislación
Canarias,2019,86,¿Qué medida considera adecuada para la prevención de la aspiración en un paciente con alimentación por sonda nasogástrica?,Colocar al paciente en posición Semi-Fowler.,Colocar al paciente en posición Trendelemburg.,Utilizar solo alimentos a temperatura corporal.,Administrar solamente a pacientes portadores de Sonda de Linton.,a,Colocar al paciente en posición Semi-Fowler.,No Legislación
Canarias,2019,87,La digestión de los hidratos de carbono comienza en la boca donde:,Por la acción de las enzimas de la mucosa se rompen los disacáridos para formar monosacáridos.,La amilasa salivar rompe los polisacáridos en disacáridos.,La digestión de los polisacáridos comienza en la boca con el fraccionamiento de los mismos en polipéptidos.,Ninguna de las respuestas anteriores es correcta.,b,La amilasa salivar rompe los polisacáridos en disacáridos.,No Legislación
Canarias,2019,88,¿Qué componente de carácter opcional tiene la nutrición parenteral que obliga a que sea administrada por vía central?,Oligoelementos.,Hormonas.,Proteínas.,Lípidos.,d,Lípidos.,No Legislación
Canarias,2019,89,"Para valorar el nivel de sedación de un paciente en la unidad de cuidados intensivos, utilizará la escala de:",Ramsey.,Índice de Lastimen.,Norton.,Analógica Visual.,a,Ramsey.,No Legislación
Canarias,2019,90,"En relación con las convulsiones, señale la respuesta CORRECTA:","La convulsión es un suceso único de descarga eléctrica cerebral anómala, que causa una alteración abrupta y temporal del estado de la función cerebral.","Pueden pasar minutos, días, semanas e incluso años entre un episodio de convulsión y otro.",Se pueden producir episodios aislados de convulsiones en personas sanas por diversas razones.,Todas las respuestas son correctas.,d,Todas las respuestas son correctas.,No Legislación
Canarias,2019,91,La Escala de Glasgow permite valorar:,"Signos vitales, reflejos fotomotores y respuesta motora.","Apertura de ojos, respuesta verbal y respuesta motora.","Apertura de los ojos, pares craneales y frecuencia cardiaca.","Parálisis de miembros, respuesta verbal y frecuencia cardiaca.",b,"Apertura de ojos, respuesta verbal y respuesta motora.",No Legislación
Canarias,2019,92,Los cuidados de un paciente con EPOC deben estar encaminados a:,Mejorar la eficacia de la ventilación y prevenir las infecciones respiratorias.,Todas son correctas.,Restringir la ingesta de líquidos.,Evitar que el paciente tosa para no agotarle.,a,Mejorar la eficacia de la ventilación y prevenir las infecciones respiratorias.,No Legislación
Canarias,2019,93,"En relación al procedimiento de aspiración de secreciones a un paciente intubado, señale la afirmación INCORRECTA:",La técnica debe ser estéril.,La aspiración produce aumento de la presión intracraneal (PIC).,Siempre comenzamos a aspirar al introducir la sonda.,"No aspirar de forma rutinaria, hacerlo solo cuando sea necesario.",c,Siempre comenzamos a aspirar al introducir la sonda.,No Legislación
Canarias,2019,94,El germen más frecuente causante de la neumonía adquirida en la comunidad en el adulto es:,Escherichia coli.,Pseudomona aeruginosa.,Staphylococcus aureus.,Streptococus pneumoniae.,d,Streptococus pneumoniae.,No Legislación
Canarias,2019,95,Respecto a la anatomía del corazón ¿Cuál de estas afirmaciones es CORRECTA?,La Válvula Mitral se sitúa entre el Ventrículo Derecho y la Arteria Pulmonar.,La Válvula Tricúspide se sitúa entre el Ventrículo Izquierdo y la Aurícula Izquierda.,La Válvula Tricúspide se sitúa entre la Aurícula Derecha y el Ventrículo Derecho.,La Válvula Aórtica se sitúa entre el Ventrículo Izquierdo y la Aurícula Izquierda.,c,La Válvula Tricúspide se sitúa entre la Aurícula Derecha y el Ventrículo Derecho.,No Legislación
Canarias,2019,96,"Cuando hablamos de la valoración del ritmo cardíaco en un ECG, ¿Cómo definiríamos el ritmo sinusal?:",ECG donde hay más ondas P que complejos QRS.,"ECG donde hay elevación del segmento ST-T de más de 0,1 mm.",ECG donde algunas ondas P no van seguidas de complejos QRS.,ECG donde cada onda P va seguida de un complejo QRS.,d,ECG donde cada onda P va seguida de un complejo QRS.,No Legislación
Canarias,2019,97,"Dña. María Pérez acaba de ser diagnosticada de insuficiencia cardiaca, ¿Cuál de estas acciones NO se debe plantear por parte de la enfermera, en su plan de cuidados?",Formación a Dña. María y su familia en sus autocuidados.,Formación a Dña. María y su familia en la importancia de la adherencia al tratamiento médico.,Dar libertad a Dña. María en el consumo de agua.,Formación a Dña. María y su familia en el control de síntomas y signos de su enfermedad.,c,Dar libertad a Dña. María en el consumo de agua.,No Legislación
Canarias,2019,98,Señale cuál de las siguientes causas de insuficiencia renal aguda es una causa prerrenal:,Hipovolemia.,Obstrucción uretral.,Necrosis tubular.,Daño glomerular.,a,Hipovolemia.,No Legislación
Canarias,2019,99,¿Cuál de los siguientes accesos vasculares se considera un acceso a largo plazo para la Hemodiálisis?:,Catéter de Hickman.,Catéter de alto flujo (Shaldon).,Fístula arterio-venosa.,Todas las respuestas son correctas.,c,Fístula arterio-venosa.,No Legislación
Canarias,2019,100,¿Qué hormona regula el metabolismo basal y los procesos de crecimiento y diferenciación tisular?,Cortisona.,Hormonas tiroideas.,Prolactina.,Testosterona.,b,Hormonas tiroideas.,No Legislación
Canarias,2019,101,"Respecto a la administración de insulina rápida, ¿Cuál de las siguientes afirmaciones es CORRECTA?","Se puede administrar por vía subcutánea, intramuscular o intravenosa.",Se puede administrar por vía sublingual.,Se puede administrar por vía rectal.,Solo se puede administrar por vía subcutánea.,a,"Se puede administrar por vía subcutánea, intramuscular o intravenosa.",No Legislación
Canarias,2019,102,"Según la guía del pie diabético en Canarias, respecto al ITB (índice tobillo brazo) ¿Cuál de las siguientes afirmaciones es CORRECTA?",Valor superior a 1 se considera patológico.,Es una prueba compleja que se realizará siempre en un hospital.,Se debe realizar a todo paciente diabético en ausencia de pulsos o presencia de clínica vascular.,No es útil en el screening de pie diabético.,c,Se debe realizar a todo paciente diabético en ausencia de pulsos o presencia de clínica vascular.,No Legislación
Canarias,2019,103,Recomendaciones que debe realizar la enfermera a un paciente con DMID (Diabetes Mellitus Insulina Dependiente),Caminar con los pies descalzos.,Realizar ejercicio 1 a 3 veces a la semana.,El lavado de los pies debe ser poco frecuente para evitar aparición de úlceras.,Control del peso.,d,Control del peso.,No Legislación
Canarias,2019,104,El vendaje funcional está indicado en caso de:,Rotura músculo-tendinosa completa.,Esguince de tobillo de grado II.,Reumatismo agudo en fase de inflamación.,Fractura ósea.,b,Esguince de tobillo de grado II.,No Legislación
Canarias,2019,105,"Si un paciente está tumbado sobre la espalda y con una angulación de la cama que hace que su cabeza quede más baja que el tronco y los pies, ¿Diremos que el paciente está en posición de?",Decúbito lateral.,Decúbito prono.,Trendelemburg.,Fowler.,c,Trendelemburg.,No Legislación
Canarias,2019,106,En una fractura ósea cuando el hueso se rompe en numerosos fragmentos ¿cómo se llama?:,Fractura completa.,Fractura impactada.,Fractura conminuta.,Fractura abierta.,c,Fractura conminuta.,No Legislación
Canarias,2019,107,Una obstrucción intestinal puede deberse a:,Beber demasiada agua.,Una sonda nasogástrica.,Adherencias abdominales.,Toma de exceso de fibra en la dieta.,c,Adherencias abdominales.,No Legislación
Canarias,2019,108,Un paciente ha desarrollado íleo paralítico tras ser sometido a cirugía recientemente. ¿Cuál es la consideración de enfermería más importante al respecto?:,Asegurar la funcionalidad de la SNG.,Controlar ruidos intestinales cada hora.,Asegurarse que puede tomar una dieta líquida.,Mantener al paciente en reposo en cama estricto.,a,Asegurar la funcionalidad de la SNG.,No Legislación
Canarias,2019,109,¿Cómo se llama el trasplante de médula ósea en el que las células hematopoyéticas proceden del mismo paciente?:,Trasplante no emparentado.,Trasplante singénico.,Trasplante alogénico.,Trasplante autólogo.,d,Trasplante autólogo.,No Legislación
Canarias,2019,110,"En relación a las transfusiones sanguíneas, ¿Qué grupo sanguíneo es conocido como “Donante Universal”?",Grupo A.,Grupo AB.,Grupo O.,Grupo B.,c,Grupo O.,No Legislación
Canarias,2019,111,¿Cuál de las siguientes causas de epístaxis es sistémica?,Hurgarse la nariz con los dedos.,Infección crónica.,Hipertensión arterial.,Traumatismo.,c,Hipertensión arterial.,No Legislación
Canarias,2019,112,"Dña. Aurora Suárez tiene instaurado un catéter tipo Port-a-Cath, ¿Cuál de las siguientes afirmaciones es VERDADERA?",Se puede utilizar para administra de forma rápida líquidos y fármacos.,Se pueden utilizar para realizar extracciones de sangre.,Se puede utilizar para medir la PVC (Presión Venosa Central).,Todas las respuestas son ciertas.,d,Todas las respuestas son ciertas.,No Legislación
Canarias,2019,113,"Para medir la presión arterial invasiva, se hace necesaria la canalización de una arteria periférica. ¿Cuál suele ser la arteria de elección en cuidados intensivos?",Arteria cubital.,Arteria radial.,Arteria pedía.,Arteria carótida.,b,Arteria radial.,No Legislación
Canarias,2019,114,La anestesia general la podríamos definir como:,"El estado reversible de depresión del SNC, caracterizado por la pérdida de conciencia, sensibilidad, actividad refleja y de la motilidad.","El estado irreversible de depresión del SNC, caracterizado por la pérdida de conciencia, sensibilidad, actividad refleja y de la motilidad.","El estado reversible de depresión del SNC, caracterizado por la pérdida de sensibilidad y de la motilidad.","El estado reversible de depresión del SNC, caracterizado sobre todo por la pérdida de conciencia.",a,"El estado reversible de depresión del SNC, caracterizado por la pérdida de conciencia, sensibilidad, actividad refleja y de la motilidad.",No Legislación
Canarias,2019,115,"A un paciente se le ha realizado una colecistectomía con revisión de vías biliares, dejándole colocado un drenaje de tubo en T. ¿Cuándo sabremos que el drenaje está en la fase de poder retirarse?:",El paciente refiere que las heces ya no son acólicas.,En la bolsa colectora apenas hay contenido biliar.,En la bolsa colectora hay menos de 300 ml de contenido biliar.,El paciente está soltando el drenaje.,a,El paciente refiere que las heces ya no son acólicas.,No Legislación
Canarias,2019,116,"Felipe Suárez ingresa en la unidad de urgencias tras sufrir una quemadura caracterizada por presentar zonas indoloras, secas, con consistencia de cuero y color blancuzco, teniendo afectado la epidermis, la dermis y el tejido subcutáneo, ¿De qué grado será dicha quemadura?",Quemadura de tercer grado.,Quemadura de cuarto grado.,Quemadura de primer grado.,Quemadura de segundo grado.,a,Quemadura de tercer grado.,No Legislación
Canarias,2019,117,"¿Cuál de las siguientes fases NO se corresponde con una fase del esquema TIME, utilizado para la preparación del lecho de la herida?",Fase T: Tiempo estimado de cicatrización.,Fase E: Estimulación de los bordes epiteliales.,Fase I: Inflamación e infección.,Fase M: Control de la humedad o exudado.,a,Fase T: Tiempo estimado de cicatrización.,No Legislación
Canarias,2019,118,"En la escala de Braden para predecir el riesgo de úlceras por presión, ¿Qué aspectos se tienen en cuenta?",Nutrición: patrón habitual de ingesta de alimentos.,Percepción sensorial: capacidad para responder adecuadamente a las molestias relacionadas con la presión.,Actividad: Grado de actividad física.,Todas las respuestas son ciertas.,d,Todas las respuestas son ciertas.,No Legislación
Canarias,2019,119,Dña. Gemma González presenta una úlcera por presión (UPP) en la pierna caracterizada por pérdida parcial del grosor de la piel en una lesión superficial con aspecto de abrasión. ¿De qué grado decimos que es dicha UPP?,Grado 1.,Grado 2.,Grado 4.,Grado 3.,b,Grado 2.,No Legislación
Canarias,2019,120,"En una herida altamente exudativa, ¿Qué tipo de material utilizaremos para su cura?",Hidrogeles.,Apósito de alginato.,Films de poliuretano.,Hidrocoloides.,b,Apósito de alginato.,No Legislación
Canarias,2019,121,"La Ley 31/1995, de 8 de noviembre, de Prevención de Riesgos Laborales, dedica uno de sus capítulos a los Derechos y Obligaciones. ¿De qué capítulo se trata y cuántos artículos contiene?","Capítulo V, con 8 artículos.","Capítulo III, con 16 artículos.","Capítulo IV, con 9 artículos.","Capítulo IV, con 11 artículos.",b,"Capítulo III, con 16 artículos.",Legislación
Canarias,2019,122,"Los derechos y deberes de los ciudadanos en el Servicio Canario de la Salud se enumeran en una Orden de 28 de febrero de 2005, como “Carta de los Derechos y Deberes de los pacientes y usuarios del Sistema Canario de la Salud”. Esta Carta enumera 25 derechos. ¿Cuál de los siguientes ocupa el lugar número 18 dentro de ese catálogo o listado?",A negarse a cualquier tratamiento,A una segunda opinión facultativa,La libre elección entre las opciones clínicas disponibles,A revocar por escrito su consentimiento previo,a,A negarse a cualquier tratamiento,Legislación
Canarias,2019,123,"Si queremos realizar una búsqueda sobre el maltrato infantil, con el fin de no obtener muchos registros NO relacionados, ¿De qué modo deberemos combinar los términos y el operador booleano?:",Maltrato NOT infancia.,Maltrato NEXT infancia.,Maltrato OR infancia.,Maltrato AND infancia.,d,Maltrato AND infancia.,No Legislación
Canarias,2019,124,"En el triaje de múltiples víctimas y catástrofes, indique cuál de las siguientes NO es una herramienta de valoración útil.",Valoración de trauma ABCD,Triage-Revised Trauma Scored,Escala CRAMS,Triaje SORT,a,Valoración de trauma ABCD,No Legislación
Canarias,2019,125,"Cuando hablamos de seguridad en la transfusión de hemoderivados, señale la respuesta INCORRECTA:","Identifique siempre al paciente, además de la comprobación verbal se leerá la pulsera identificativa.",En la Historia clínica del paciente debe quedar constancia del tipo de producto y del número de identificación del mismo.,"Si se produce una reacción adversa a la transfusión, es necesario desconectar y desechar la bolsa y el sistema de infusión lo antes posible.",En los primeros minutos la infusión debe ser lenta.,c,"Si se produce una reacción adversa a la transfusión, es necesario desconectar y desechar la bolsa y el sistema de infusión lo antes posible.",No Legislación
Canarias,2019,126,Respecto a la infección por VIH señale la afirmación FALSA:,Las mujeres embarazadas que presentan un recuento de linfocitos CD4+ elevado tienen un menor riesgo de transmisión del VIH.,Además de las vías de transmisión conocidas existen casos de transmisión por picadura de insectos que actúan como vectores.,El mecanismo de transmisión de mayor riesgo es el contacto sexual.,Las mujeres embarazadas asintomáticas presentan un menor riesgo de transmisión del VIH.,b,Además de las vías de transmisión conocidas existen casos de transmisión por picadura de insectos que actúan como vectores.,No Legislación
Canarias,2019,127,El método de esterilización que debe emplear para esterilizar el material termosensible para que éste no resulte dañado por dicho proceso es:,La estufa de Poupinel.,La Autoclave.,El Óxido de etileno.,El Horno de Pasteur.,c,El Óxido de etileno.,No Legislación
Canarias,2019,128,La educación para la salud consiste en:,Informar a los individuos sobre las medidas adecuadas para la prevención de la enfermedad.,Hacer una campaña de información masiva sobre temas que se refieren a la evolución de la enfermedad.,Informar y responsabilizar a los individuos de su salud y lograr que éstos modifiquen sus hábitos negativos.,Informar sobre los factores que actúan como barrera defensiva del ser humano.,c,Informar y responsabilizar a los individuos de su salud y lograr que éstos modifiquen sus hábitos negativos.,No Legislación
Canarias,2019,129,La localización más frecuente del embarazo ectópico es:,Cervical.,Istmica.,Ampular.,Intramural.,c,Ampular.,No Legislación
Canarias,2019,130,"Para detectar enfermedades metabólicas congénitas en el recién nacido, la muestra obtenida con la punción del talón (gotas de sangre) será depositada en:",Papeles de filtro Sheringuer.,Papeles de filtro Walther.,Papeles de filtro SIMS.,Papeles de filtro Wathman.,d,Papeles de filtro Wathman.,No Legislación
Cantabria,2019,1,"Según el artículo 18.2 del Estatuto de Autonomía para Cantabria, el Gobierno de Cantabria estará compuesto por:","Diputados y Diputadas elegidos por sufragio universal, igual, libre, directo y secreto.",Los Directores Generales de todas las Consejerías.,"El Presidente, el Vicepresidente, en su caso, y los Consejeros.",Los alcaldes de todos los municipios de Cantabria.,C,"El Presidente, el Vicepresidente, en su caso, y los Consejeros.",Legislación
Cantabria,2019,2,"De acuerdo con el artículo 1.2 de la Constitución, la soberanía nacional:",Reside en los ciudadanos mayores de edad.,Reside en el Rey.,"Reside en el pueblo español, del que emanan los poderes del Estado.",Reside en los gobiernos estatal y autonómicos.,C,"Reside en el pueblo español, del que emanan los poderes del Estado.",Legislación
Cantabria,2019,3,Según el artículo 15 de la Constitución:,"Queda abolida la pena de muerte, salvo lo que puedan disponer las leyes penales militares para tiempos de guerra.",Queda establecida la pena de muerte para los delitos de terrorismo.,Mediante Ley orgánica se podrá establecer la pena de muerte.,Se podrá aplicar la pena de muerte en las Comunidades Autonomas que así lo recojan en sus Estatutos de Autonomía.,A,"Queda abolida la pena de muerte, salvo lo que puedan disponer las leyes penales militares para tiempos de guerra.",Legislación
Cantabria,2019,4,"Según el artículo 44 de la Ley 14/1986, de 25 de abril, General de Sanidad, el Sistema Nacional de Salud es:",El conjunto de los Servicios de Salud de las Comunidades Autónomas uniprovinciales.,El conjunto de los Servicios de Salud de la Administración del Estado y de los Servicios de Salud de las Comunidades Autónomas.,El Servicio de Salud de la Administración del Estado.,El conjunto de los Servicios de Salud de las Comunidades Autónmas que decidan pertenecer al Sistema Nacional de Salud.,B,El conjunto de los Servicios de Salud de la Administración del Estado y de los Servicios de Salud de las Comunidades Autónomas.,Legislación
Cantabria,2019,5,"Según el artículo 63 de la Ley 14/1986, de 25 de abril, General de Sanidad, la Zona Básica de Salud:","Es el marco territorial de la atención primaria de salud donde desarrollan las actividades sanitarias los Centros de Salud, centros integrales de atención primaria.","Es el marco territorial de la atención especializada de salud donde desarrollan las actividades sanitarias los hospitales, centros integrales de atención primaria.",Es el establecimiento encargado tanto del internamiento clínico como de la asistencia especializada.,Puede comprender varias Areas de Salud.,A,"Es el marco territorial de la atención primaria de salud donde desarrollan las actividades sanitarias los Centros de Salud, centros integrales de atención primaria.",Legislación
Cantabria,2019,6,"De acuerdo con el artículo 8 bis de la Ley 16/2003, de 28 de mayo, de cohesión y calidad del Sistema Nacional de Salud, la cartera común básica de servicios asistenciales del Sistema Nacional de Salud comprende:",Todas aquellas prestaciones cuya provisión se realiza mediante dispensación ambulatoria y están sujetas a aportación del usuario.,"Todas aquellas actividades, servicios o técnicas, sin carácter de prestación, que no se consideran esenciales y/o que son coadyuvantes o de apoyo para la mejora de una patología de carácter crónico, estando sujetas a aportación y/o reembolso por parte del usuario.","Todas las actividades asistenciales de prevención, diagnóstico, tratamiento y rehabilitación que se realicen en centros sanitarios o sociosanitarios, así como el transporte sanitario urgente, cubiertos de forma completa por financiación pública.",La respuestas A y B son correctas.,C,"Todas las actividades asistenciales de prevención, diagnóstico, tratamiento y rehabilitación que se realicen en centros sanitarios o sociosanitarios, así como el transporte sanitario urgente, cubiertos de forma completa por financiación pública.",Legislación
Cantabria,2019,7,"De acuerdo con el artículo 69 de la Ley 16/2003, de 28 de mayo, de cohesión y calidad del Sistema Nacional de Salud, el Consejo Interterritorial del Sistema Nacional de Salud es:","Un organismo autónomo encargado de la evaluación y autorización de medicamentos de uso humano y veterinario, promoviendo el conocimiento científico-técnico y poniéndolo al servicio de la sociedad para su beneficio y progreso.","El principal Organismo Público de Investigación, que financia, gestiona y ejecuta la investigación biomédica en España.","El órgano permanente de coordinación, cooperación, comunicación e información de los servicios de salud entre ellos y con la Administración del Estado, que tiene como finalidad promover la cohesión del Sistema Nacional de Salud a través de la garantía efectiva y equitativa de los derechos de los ciudadanos en todo el territorio del Estado.",Una fundación dedicada a la investigación y a la integración social de las personas con discapacidad.,C,"El órgano permanente de coordinación, cooperación, comunicación e información de los servicios de salud entre ellos y con la Administración del Estado, que tiene como finalidad promover la cohesión del Sistema Nacional de Salud a través de la garantía efectiva y equitativa de los derechos de los ciudadanos en todo el territorio del Estado.",Legislación
Cantabria,2019,8,"De acuerdo con el artículo 4 de la Ley 44/2003, de 21 de noviembre, de ordenación de las profesiones sanitarias, el ejercicio de las profesiones sanitarias:",Se llevará a cabo con pleno sometimiento a todo tipo de requerimientos de los pacientes y de la dirección del centro sanitario en el que se preste servicios.,No requiere en ningún caso formalización escrita del trabajo reflejado en la historia clínica ni unificación de criterios de actuación atendiendo a la evidencia científica.,"Se llevará a cabo con plena autonomía técnica y científica, sin más limitaciones que las establecidas en la Ley 44/2003 y por los demás principios y valores contenidos en el ordenamiento jurídico y deontológico.","Se llevará a cabo de modo individual, sin sometimiento a normas internas de funcionamiento y sin tener en consideración la interdisciplinariedad y multidisciplinariedad de los equipos profesionales en la atención sanitaria.",C,"Se llevará a cabo con plena autonomía técnica y científica, sin más limitaciones que las establecidas en la Ley 44/2003 y por los demás principios y valores contenidos en el ordenamiento jurídico y deontológico.",Legislación
Cantabria,2019,9,"En relación con el derecho a la información asistencial y de acuerdo con el artículo 5 de la Ley 41/2002, de 14 de noviembre, básica reguladora de la autonomía del paciente y de derechos y obligaciones en materia de información y documentación clínica, señale la respuesta FALSA:","El paciente será informado, incluso en caso de incapacidad, de modo adecuado a sus posibilidades de comprensión, cumpliendo con el deber de informar también a su representante legal.",El derecho a la información sanitaria de los pacientes puede limitarse por la existencia acreditada de un estado de necesidad terapéutica.,Las personas vinculadas al paciente por razones familiares o de hecho son los titulares del derecho a la información asistencial.,"Cuando el paciente, según el criterio del médico que le asiste, carezca de capacidad para entender la información a causa de su estado físico o psíquico, la información se pondrá en conocimiento de las personas vinculadas a él por razones familiares o de hecho.",C,Las personas vinculadas al paciente por razones familiares o de hecho son los titulares del derecho a la información asistencial.,Legislación
Cantabria,2019,10,"Según el artículo 8 de la Ley 41/2002, de 14 de noviembre, básica reguladora de la autonomía del paciente y de derechos y obligaciones en materia de información y documentación clínica, el consentimiento del paciente:",Será verbal por regla general.,Será por escrito por regla general.,Será verbal en los casos de intervención quirurgica y procedimientos diagnósticos y terapéuticos invasores,En todo caso será por escrito.,A,Será verbal por regla general.,Legislación
Cantabria,2019,11,"Según el artículo 9 de la Ley 41/2002, de 14 de noviembre, básica reguladora de la autonomía del paciente y de derechos y obligaciones en materia de información y documentación clínica, los facultativos podrán llevar a cabo las intervenciones clínicas indispensables en favor de la salud del paciente, sin necesidad de contar con su consentimiento:","Cuando los familiares y personas vinculadas al paciente así lo decidan, con el fin de evitar al paciente el sufrimiento de conocer su enfermedad.","Cuando el médico responsable del paciente así lo decida, con el fin de evitar dilaciones en la atención sanitaria.","Cuando existe riesgo inmediato grave para la integridad física o psíquica del enfermo y no es posible conseguir su autorización, consultando, cuando las circunstancias lo permitan, a sus familiares o a las personas vinculadas de hecho a él.",Todas las repuestas anteriores son correctas.,C,"Cuando existe riesgo inmediato grave para la integridad física o psíquica del enfermo y no es posible conseguir su autorización, consultando, cuando las circunstancias lo permitan, a sus familiares o a las personas vinculadas de hecho a él.",Legislación
Cantabria,2019,12,"Según el Decreto 27/2011, de 31 de marzo, por el que se establece el mapa sanitario autonómico de Cantabria, la Zona de Salud Altamira comprende los siguientes municipios:",El Astillero y Villaescusa.,"Los Corrales de Buelna, San Felices de Buelna, Cieza y Anievas.","Reocín, Santillana del Mar, Alfoz de Lloredo y Ruiloba.","Santa María de Cayón, Penagos y Castañeda.",C,"Reocín, Santillana del Mar, Alfoz de Lloredo y Ruiloba.",Legislación
Cantabria,2019,13,"Según el Decreto 27/2011, de 31 de marzo, por el que se establece el mapa sanitario autonómico de Cantabria, el municipio de Liendo se ubica en:",La Zona de Salud Laredo.,La Zona de Salud Torrelavega – Cartes.,La Zona de Salud Nueva Montaña.,La Zona de Salud Sardinero.,A,La Zona de Salud Laredo.,Legislación
Cantabria,2019,14,"Según el artículo 5 del Estatuto del Servicio Cántabro de Salud, son órganos de dirección del Servicio Cántabro de Salud:",El Consejo Asesor de Salud y el Consejo Interritorial del Sistema Nacional de Salud.,La Consejería de Presidencia y la Consejería de Economía.,"El Director Gerente, los Subdirectores y los Gerentes de los órganos periféricos.",Todas las respuestas anteriores son correctas.,C,"El Director Gerente, los Subdirectores y los Gerentes de los órganos periféricos.",Legislación
Cantabria,2019,15,"De acuerdo con su Decreto de estructura orgánica, la Consejería de Sanidad del Gobierno de Cantabria se estructura en los siguientes órganos directivos:","La Dirección General de Función Pública, la Dirección General de Atención Farmaceútica y la Dirección General de centros sanitarios.","La Dirección Gerencia de Servicios Sanitarios, la Dirección General de Servicios Jurídicos y la Dirección General de Gestión Económica.","La Subsecretaría autonomica de Salud, la Dirección General de Profesiones Sanitarias y la Dirección General de Asistencia Sanitaria.","La Secretaría General, a Dirección General de Salud Pública y la Dirección General de Ordenación y Atención Sanitaria.",D,"La Secretaría General, a Dirección General de Salud Pública y la Dirección General de Ordenación y Atención Sanitaria.",Legislación
Cantabria,2019,16,"Según el artículo 9 de la Ley 55/2003, de 16 de diciembre, del Estatuto Marco del personal estatutario de los servicios de salud, se acordará el cese del personal estatutario interino:","Cuando se produzca la causa o venza el plazo que expresamente se determine en su nombramiento, así como cuando se supriman las funciones que en su día lo motivaron.","Cuando se reincorpore la persona a la que sustituya, así como cuando ésta pierda su derecho a la reincorporación a la misma plaza o función.","Cuando se incorpore personal fijo, por el procedimiento legal o reglamentariamente establecido, a la plaza que desempeñe, así como cuando dicha plaza resulte amortizada.",Todas las respuestas anteriores son falsas.,C,"Cuando se incorpore personal fijo, por el procedimiento legal o reglamentariamente establecido, a la plaza que desempeñe, así como cuando dicha plaza resulte amortizada.",Legislación
Cantabria,2019,17,"De acuerdo con el artículo 39 de la Ley 55/2003, de 16 de diciembre, del Estatuto Marco del personal estatutario de los servicios de salud, quien se encuentre en comisión de servicios:",Perderá su plaza o puesto de trabajo de origen.,Perderá la condición de personal estatutario fijo.,No podrá participar en los concursos de traslados que se convoquen.,Tendrá derecho a la reserva de su plaza o puesto de trabajo de origen.,D,Tendrá derecho a la reserva de su plaza o puesto de trabajo de origen.,Legislación
Cantabria,2019,18,"De acuerdo con el artículo 86 de la Ley 9/2010, de 23 de diciembre, de personal estatutario de instituciones sanitarias de la Comunidad Autónoma de Cantabria, una de las sanciones que puede imponerse al personal estatutario es el demérito, que consiste:",En la exclusión para nombramientos temporales.,En el traslado forzoso con cambio de localidad.,En la penalización a efectos de carrera profesional o promoción interna.,En el apercibiento por escrito.,C,En la penalización a efectos de carrera profesional o promoción interna.,Legislación
Cantabria,2019,19,"De acuerdo con el artículo 61 de la Ley 9/2010, de 23 de diciembre, de personal estatutario de instituciones sanitarias de la Comunidad Autónoma de Cantabria, el complemento de atención continuada es:","El destinado a retribuir el especial rendimiento, el interés o la iniciativa del titular del puesto.",El destinado a retribuir la especial dificultad técnica del puesto.,El destinado a remunerar al personal para atender a los usuarios de los servicios sanitarios de manera permanente y continuada.,El destinado a retribuir la especial peligrosidad del puesto.,C,El destinado a remunerar al personal para atender a los usuarios de los servicios sanitarios de manera permanente y continuada.,Legislación
Cantabria,2019,20,"De acuerdo con el artículo 79 de la Ley 9/2010, de 23 de diciembre, de personal estatutario de instituciones sanitarias de la Comunidad Autónoma de Cantabria, la excedencia por cuidado de familiares tendrá una duración no superior a:",Dos meses.,Un año.,Tres años.,Seis meses.,C,Tres años.,Legislación
Cantabria,2019,21,"De acuerdo con el artículo 15 de la Ley 31/1995, de 8 de noviembre, de prevención de Riesgos Laborales, señale cuál de los siguientes NO constituye uno de los principios de acción preventiva:",Combatir los riesgos en su origen.,Adoptar medidas que antepongan la protección colectiva a la individual.,Adoptar medidas que supongan una reducción de costes.,Tener en cuenta la evolución de la técnica.,C,Adoptar medidas que supongan una reducción de costes.,Legislación
Cantabria,2019,22,"Según el Acuerdo Marco en salud laboral y participación de los trabajadores en materia de prevención de riesgos laborales en el Servicio Cántabro de Salud, los Comités de Seguridad y Salud estarán formados:","Por los delegados de Prevención y, en igual número, por los representantes de la Administración que se designen por el director gerente del Servicio Cántabro de Salud.",Por los Directores Gerentes de Atención Primaria y Atención Especializada.,Por los miembros de la Mesa Sectorial de Personal de Instituciones Sanitarias.,Por los titulares de las Consejerías del Gobierno de Cantabria.,A,"Por los delegados de Prevención y, en igual número, por los representantes de la Administración que se designen por el director gerente del Servicio Cántabro de Salud.",Legislación
Cantabria,2019,23,"De acuerdo con el artículo 5.1 de la Ley 7/2006, de 15 de junio, de garantías de tiempos máximos de respuesta en la atención sanitaria especializada en el sistema sanitario público de Cantabria, el acceso a primeras consultas de asistencia especializada se producirá en el siguiente plazo máximo:",Sesenta días.,Setenta días.,Ciento ochenta días.,Ciento setenta días.,A,Sesenta días.,Legislación
Cantabria,2019,24,"Según el artículo 3 de la Ley Orgánica 3/2007, de 22 de marzo, para la igualdad efectiva de mujeres y hombres, el principio de igualdad de trato entre mujeres y hombres supone:",Eliminar las diferencias entre mujeres de distintas nacionalidades.,"La ausencia de toda discriminación, directa o indirecta, por razón de sexo, y, especialmente, las derivadas de la maternidad, la asunción de obligaciones familiares y el estado civil.","La ausencia de toda discriminación directa por razón de sexo y, especialmente, las derivadas de la educación, el origen racial y la ideología.",Todas las respuestas anteriores son incorrectas.,B,"La ausencia de toda discriminación, directa o indirecta, por razón de sexo, y, especialmente, las derivadas de la maternidad, la asunción de obligaciones familiares y el estado civil.",Legislación
Cantabria,2019,25,"Según el artículo 27 de la Ley Orgánica 3/2007, de 22 de marzo, para la igualdad efectiva de mujeres y hombres, las Administraciones públicas garantizarán un igual derecho a la salud de las mujeres y hombres:","A través de la integración activa, en los objetivos y en las actuaciones de la política de salud, del principio de igualdad de trato.",Evitando que por sus diferencias biológicas se produzcan discriminaciones entre unas y otros.,"Evitando que por los estereotipos sociales asociados, se produzcan discriminaciones entre unas y otros.",Todas las respuestas anteriores son correctas.,D,Todas las respuestas anteriores son correctas.,Legislación
Cantabria,2019,26,¿Cuál es uno de los principios morales universales básicos para el ejercicio de la Enfermería?,Respeto a las personas,Veracidad,Justicia,Confidencialidad,C,Justicia,No Legislación
Cantabria,2019,27,¿Qué instrumentos deben conocer l@s enfermer@s para poder realizar su trabajo dentro de un equipo de Atención Primaria?,Diagnósticos de salud.,Programas de salud.,Educación para la salud.,Todos las respuestas anteriores son correctas.,D,Todos las respuestas anteriores son correctas.,No Legislación
Cantabria,2019,28,"En atención hospitalaria, ¿Qué sistema de organización del trabajo se basa en enfermer@s expert@s en determinados cuidados?",Enfermería por programas.,Enfermería funcional.,Enfermería por pacientes.,Enfermería clínica.,D,Enfermería clínica.,No Legislación
Cantabria,2019,29,"Respecto a la Atención Domiciliaria, señale la respuesta CORRECTA:","La atención domiciliaria tiene una sola modalidad de asistencia que viene generada por el paciente, se denomina atención domiciliaria programada.",La atención domiciliaria programada no incluye tareas que aborden la rehabilitación del paciente.,La indicación de la asistencia domiciliaria viene determinada por el grado de necesidad o incapacidad del enfermo.,Todas las respuestas anteriores son correctas.,C,La indicación de la asistencia domiciliaria viene determinada por el grado de necesidad o incapacidad del enfermo.,No Legislación
Cantabria,2019,30,"Según la guía de atención al paciente terminal de Cantabria, son susceptibles de ser considerados pacientes terminales todos, EXCEPTO:",Pacientes no oncológicos con enfermedades orgánicas en fases avanzadas.,Personas con demencias muy avanzadas con Indice de Barthel de 0.,Niños con mínima o nula posibilidad de respuestas al tratamiento específico para su patología de base.,Pacientes con ictus y úlceras por presión refractarias al tratamiento categoría II.,D,Pacientes con ictus y úlceras por presión refractarias al tratamiento categoría II.,No Legislación
Cantabria,2019,31,"En el modelo de Enfermería de Hildergarde Peplau, ¿en qué fase el paciente tiene una ""necesidad insatisfecha"" y la enfermera le ayuda a reconocer y entender sus problemas?",Identificación,Explotación,Resolución,Orientación,D,Orientación,No Legislación
Cantabria,2019,32,El dolor: ¿dentro de qué patrón funcional de salud se encuentra?,Patrón cognitivo-perceptivo.,Patrón sueño-descanso.,Patrón autopercepción.,Patrón afrontamiento-tolerancia al estrés.,A,Patrón cognitivo-perceptivo.,No Legislación
Cantabria,2019,33,"¿Quién empleó por primera vez el término ""diagnóstico de Enfermería""?",Campbell,Carpenito,Johnson y Abdellah,Vera Fry,D,Vera Fry,No Legislación
Cantabria,2019,34,¿En cuántos dominios están organizados los diagnósticos de enfermería en la clasificación NANDA I (actualización 2015-2017)?,13,47,9,28,A,13,No Legislación
Cantabria,2019,35,"¿En qué supuesto, aparte del uso asistencial, se podrá acceder a una historia clínica sin preservar los datos de identificación del paciente?",Estudio epidemiológico.,Procedimientos judiciales.,Investigación.,Docencia.,B,Procedimientos judiciales.,No Legislación
Cantabria,2019,36,"Dentro de la estructura del informe de enfermería al alta, deben constar los siguientes puntos, EXCEPTO:",Recomendaciones para una valoración posterior por los profesionales de atención primaria.,Fecha y firma de la enfermera responsable en el momento del alta.,Datos del servicio y planta donde ha estado ingresado.,Plan de cuidados que sigue el usuario para las necesidades de salud que esten alteradas o cronificadas.,D,Plan de cuidados que sigue el usuario para las necesidades de salud que esten alteradas o cronificadas.,No Legislación
Cantabria,2019,37,En el ámbito de la calidad ¿Qué característica es la que mide la obtención de los objetivos propuestos al mínimo coste?,Eficacia.,Equidad.,Adecuación.,Eficiencia.,D,Eficiencia.,No Legislación
Cantabria,2019,38,Dentro de las estrategias de mejora continua de la calidad: ¿En qué método incluiríamos la acreditación de centros y profesionales?,De proceso.,De resultado.,De estructura.,De garantía.,C,De estructura.,No Legislación
Cantabria,2019,39,"La escala de medida de la variable ""estado civil"" (soltero,casado, divorciado, viudo), es de tipo:",Cuantitativa discreta.,Cuantitativa continua.,Variable ordinal.,Variable nominal.,D,Variable nominal.,No Legislación
Cantabria,2019,40,Señale cuál NO es una fase de la elaboración del protocolo de una investigación:,Definición y justificación del problema.,Elección del diseño o tipo de estudio.,Discusión.,Selección de variables de estudio.,C,Discusión.,No Legislación
Cantabria,2019,41,¿Qué tipo de estudio le parecería más apropiado para estudiar una enfermedad de incidencia y prevalencia altas que sospecha pueda estar asociada a una exposición rara (poco frecuente)?,Estudios de cohortes.,Estudios de casos y controles.,Estudios de prevalencia.,Estudios de corte transversal.,A,Estudios de cohortes.,No Legislación
Cantabria,2019,42,"En relación al análisis de estudios epidemiológicos, señale la respuesta INCORRECTA:",La precisión es la carencia de error aleatorio.,Para reducir el error aleatorio es importante tener el tamaño de la muestra adecuado (a mayor tamaño muestral menor error aleatorio).,"Cuanto mayor variabilidad tengan los datos, menor será el error aleatorio.",La validez es la carencia de error sistemático.,C,"Cuanto mayor variabilidad tengan los datos, menor será el error aleatorio.",No Legislación
Cantabria,2019,43,"Respecto a la programación y evaluación de los Programas en Salud, señale la respuesta INCORRECTA:",La evaluación de la estructura analiza la correcta asignación de recursos al programa.,La programación y la evaluación son procesos independientes no relacionados.,La evaluación de proceso analiza la correcta ejecución de las actividades.,La evaluación de resultados analiza el grado de consecución de los objetivos previamente establecidos.,B,La programación y la evaluación son procesos independientes no relacionados.,No Legislación
Cantabria,2019,44,Respecto a la formación continuada señale la respuesta INCORRECTA:,"Es un proceso de enseñanza-aprendizaje activo y permanente al que tienen derecho, pero no obligación, los profesionales sanitarios.",Se inicia al finalizar los estudios de pregrado o de especialización.,Posibilita el establecimiento de instrumentos de comunicación entre los profesionales sanitarios.,Garantiza la actualización de conocimientos de los profesionales y la mejora de su cualificación.,A,"Es un proceso de enseñanza-aprendizaje activo y permanente al que tienen derecho, pero no obligación, los profesionales sanitarios.",No Legislación
Cantabria,2019,45,¿Cuál de las siguientes enfermedades es de declaración urgente con envío de datos epidemiológicos básicos?,Fiebre tifoidea.,Paludismo.,Difteria.,Lepra.,C,Difteria.,No Legislación
Cantabria,2019,46,¿Cuál es la vía de contagio principal de las infecciones por Campylobacter?,Contacto con fluidos corporales.,Transmisión aérea.,Transmisión hidro-fecal.,Contacto sexual.,C,Transmisión hidro-fecal.,No Legislación
Cantabria,2019,47,"Según el modelo Lalonde: El sedentarismo, la mala alimentación o la conducción peligrosa ¿En qué determinante de salud se encuadran?",Sistema de asistencia sanitaria.,Biología humana.,Medioambiente.,Estilos de vida y conductas de salud.,D,Estilos de vida y conductas de salud.,No Legislación
Cantabria,2019,48,"Cuando valoramos la importancia de un problema de salud: ""La repercusión del problema sobre la salud del individuo y la comunidad, medida en tasas de mortalidad, incapacidad, complicaciones o secuelas"" se denomina:",Magnitud.,Trascendencia.,Vulnerabilidad.,Costes.,B,Trascendencia.,No Legislación
"Cantabria,2019,49,""La definición de salud como """"un estado de bienestar físico, mental y social con capacidad de funcionamiento, y no solo la ausencia de enfermedades o invalideces""""";" fue propuesta por:"",Organización Mundial de la Salud (OMS).,Marc Lalonde.,Milton Terris.,Sigerist.,C,Milton Terris.,No Legislación";
Cantabria,2019,50,¿En qué año se implanta el programa de cribado de cáncer de colon en la Comunidad Autónoma de Cantabria?,2006,2008,2010,2012,B,2008,No Legislación
Cantabria,2019,51,¿Qué programas de prevención NO son específicos del niño lactante?,Prevención de displasia de cadera.,Cribado del desarrollo psicomotor.,Prevención de caídas.,Cribado de hipoacusias.,C,Prevención de caídas.,No Legislación
Cantabria,2019,52,"¿Cual es la única vacuna recomendada para el recién nacido, en el momento del parto, cuando se desconoce el estado inmunitario de la madre?",Varicela.,Virus del papiloma humano.,Hepatitis B.,Tuberculosis.,C,Hepatitis B.,No Legislación
Cantabria,2019,53,"La vacunación, en general, es un tipo de prevención:",Prevención primaria de salud.,Prevencion secundaria de salud.,Prevención terciaria de salud.,Todas las respuestas anteriores son correctas.,A,Prevención primaria de salud.,No Legislación
Cantabria,2019,54,La educación para la salud pretende:,Ser un instrumento para la epidemiología.,Ayudar a la población a adoptar estilos de vida saludables.,Ser una herramienta para medir la calidad de vida.,Ninguna de las respuestas anteriores es correcta.,B,Ayudar a la población a adoptar estilos de vida saludables.,No Legislación
Cantabria,2019,55,"Cuando hablamos de promocion para la salud, ¿A quién nos dirigimos?",A toda la población.,A la población en riesgo.,A la población marginal.,A la población sana.,A,A toda la población.,No Legislación
Cantabria,2019,56,¿Cuál de los siguientes es un objetivo específico de las estrategias de promoción de la salud del Sistema Nacional de Salud (SNS)?,Promover estilos de vida saludables y conductas seguras en la población infantil.,Promover el bienestar emocional de la población infantil.,Prevenir el deterioro funcional y promover la salud y bienestar emocional en la población mayor de 70 años.,Todas las respuestas anteriores son correctas.,D,Todas las respuestas anteriores son correctas.,No Legislación
Cantabria,2019,57,"Dentro de la estrategia de prevención y promoción de la salud del Sistema Nacional de Salud (SNS), ""facilitar un marco común para la promoción de la salud y la prevención primaria"", forma parte de:",La visión.,La misión.,Objetivo general.,Las lineas estratégicas.,B,La misión.,No Legislación
Cantabria,2019,58,"Los tres pasos hacia la asertividad, son:","Escuchar activamente, expresar lo que pensamos y decir lo que tiene que hacer la otra persona.","Escuchar activamente, indicar lo que tiene que hacer la otra persona y expresar lo que pensamos.","Escuchar activamente, expresar lo que pensamos y decir lo que nos gustaría que ocurriese.",Ninguna de las respuestas anteriores es correcta.,C,"Escuchar activamente, expresar lo que pensamos y decir lo que nos gustaría que ocurriese.",No Legislación
Cantabria,2019,59,"Hacer extensible lo aprendido a situaciones diferentes a las originales de aprendizaje, es el objetivo de la técnica denominada:",Ensayo de conducta.,Retroalimentación y refuerzo.,Generalización.,Instrucciones.,C,Generalización.,No Legislación
Cantabria,2019,60,¿En qué tipo de aislamiento NO es necesario el uso de mascarilla por parte del paciente cuando se realice un traslado fuera de la habitación?,Contacto.,Aéreo.,Gotas.,Todas las respuestas anteriores son correctas.,A,Contacto.,No Legislación
Cantabria,2019,61,¿Cuál de los siguientes desinfectantes y antisépticos NO están indicados en ningún caso para su uso en personas?,Detergentes catiónicos.,Derivados yodados.,Alcoholes de 70º.,Clorógenos.,D,Clorógenos.,No Legislación
Cantabria,2019,62,¿Cuál es la secuencia de la cadena epidemiológica de las enfermedades transmisibles?,"Reservorio, mecanismo de transmisión, fuente de infección, huésped susceptible.","Mecanismo de transmisión, reservorio, fuente de infección, huésped susceptible.","Fuente de infección, reservorio, mecanismo de transmisión, huésped susceptible.","Reservorio, fuente de infección, mecanismo de transmisión, huésped susceptible.",D,"Reservorio, fuente de infección, mecanismo de transmisión, huésped susceptible.",No Legislación
Cantabria,2019,63,¿En qué período de nuestro desarrollo existe una intensa actividad hormonal acompañada de la aparición de caracteres sexuales secundarios?,La senectud.,La infancia.,La madurez.,La adolescencia.,D,La adolescencia.,No Legislación
Cantabria,2019,64,Los rasgos de personalidad más influyentes en una persona se denominan:,Cardinales.,Centrales.,Secundarios.,Ninguna de las respuestas anteriores es correcta.,A,Cardinales.,No Legislación
Cantabria,2019,65,¿Cuál de los siguientes cambios físicos observables NO se produce en un proceso de estrés?,Tensión muscular.,Miosis.,Agudización auditiva.,Aumento de las frecuencias cardiaca y respiratoria.,B,Miosis.,No Legislación
Cantabria,2019,66,Señale en qué fase del ciclo endometrial se produce la regresión del Endometrio :,Proliferativa.,Secretora.,Isquémica.,Final.,C,Isquémica.,No Legislación
Cantabria,2019,67,Señale la infección de transmisión sexual producida por el bacilo Haemophylus Ducreyi :,Condiloma acuminado.,Chancroide.,Granuloma inguinal.,Linfogranuloma venéreo.,B,Chancroide.,No Legislación
Cantabria,2019,68,¿Cuál de las siguientes situaciones es contraindicación absoluta para la utilización del Diafragma como método de anticoncepción?,Útero en retroversión severa.,Infección vaginal no tratada.,Prolapso uterino severo.,Puerperio hasta la sexta semana.,C,Prolapso uterino severo.,No Legislación
Cantabria,2019,69,El aumento del volumen plasmático con el embarazo es aproximadamente de:,5-10%,11-15%,16-20%,30-40%,D,30-40%,No Legislación
Cantabria,2019,70,"La valoración del índice de riesgo en el embarazo se obtiene del resultado de distintos marcadores , uno de ellos el ecográfico. ¿Cuál debe de ser el resultado de la medición de la traslucencia ó pliege nucal en la ecografía del primer trimestre?",5 mm.,6 mm.,10 mm.,<3 mm.,D,<3 mm.,No Legislación
Cantabria,2019,71,"Entre las principales complicaciones de la preeclampsia se encuentra el sindrome HELLP, ¿cuál NO es una manifestación del mismo?",Hemólisis.,Enzimas hepáticas elevadas.,Plaquetas elevadas.,Disminución del número de plaquetas,C,Plaquetas elevadas.,No Legislación
Cantabria,2019,72,"¿Cuál de las siguientes patologías se considera contraindicación absoluta para la lactancia materna, en los paises desarrollados?:",Infección por virus Hepatitis C.,Tuberculosis activa.,Infección por VIH.,Varicela.,C,Infección por VIH.,No Legislación
Cantabria,2019,73,Según el programa de cribado neonatal de enfermedades endocrino metabólicas de Cantabria. Señale la respuesta INCORRECTA:,El programa de cribado neonatal se realiza sobre 7 enfermedades endocrinometabólicas.,"La ""prueba del talón"" se recomienda realizarla entre las 48 y 72 h de vida del niño, con el fin de garantizar un resultado fiable.",La fenilcetonuria es una enfermedad causada por un error del metabolismo de los ácidos grasos de cadena media.,"Para realizar la prueba del talón, se debe secar bien el talón del bebé con el fin de evitar diluciones de la muestra.",C,La fenilcetonuria es una enfermedad causada por un error del metabolismo de los ácidos grasos de cadena media.,No Legislación
Cantabria,2019,74,"Según el programa de Salud de la Infancia y la adolescencia de Cantabria, señale la respuesta CORRECTA, respecto a las recomendaciones de alimentación:",Se recomienda no introducir la leche de vaca antes de los 15 meses.,Se recomienda la lactancia materna exclusiva hasta los 12 meses.,Se recomienda no introducir acelgas ni espinacas en los purés antes del primer año.,Se recomienda no introducir el gluten antes de los 5 meses ni después de los 9 meses.,C,Se recomienda no introducir acelgas ni espinacas en los purés antes del primer año.,No Legislación
Cantabria,2019,75,"Según el Programa de Salud de la Infancia y Adolescencia de Cantabria, ¿Cuál se considera un signo de alarma del desarrollo psicomotor que puede aparecer a los 2 meses?",Irritabilidad persistente.,No reacciona a los ruidos.,En decúbito prono no levanta la cabeza unos 45º.,Trastornos de succión.,C,En decúbito prono no levanta la cabeza unos 45º.,No Legislación
Cantabria,2019,76,"Según el Programa de Salud de la Infancia y Adolescencia de Cantabria, ¿qué recomendación NO es adecuada para la prevención del síndrome de muerte súbita del lactante?.",Evitar el arropamiento excesivo y el sobrecalentamiento de la habitación.,Informar que la postura más segura para dormir es de lado.,Evitar la exposición del niño al humo del tabaco.,Desaconsejar colchones blandos y cojines.,B,Informar que la postura más segura para dormir es de lado.,No Legislación
Cantabria,2019,77,"En cuanto a los factores de riesgo relacionados con la caries y la suplementación con flúor, señale la respuesta INCORRECTA:",La pauta de flúor recomendada estará en función de la cantidad de flúor del agua de consumo.,El uso de chupete es un factor de riesgo para la caries.,El uso de ortodoncia es un factor de riesgo para la caries.,El nivel socio económico alto es un factor de riesgo para la caries.,D,El nivel socio económico alto es un factor de riesgo para la caries.,No Legislación
Cantabria,2019,78,"El asma es la enfermedad crónica más frecuente en la infancia. Cuando no se controla adecuadamente, ¿cuál de los siguientes signos/síntomas NO son característicos de esta enfermedad?.","Sibilancias, generalmente durante la espiración.",Piel fría y seca durante la crisis.,Saturación de oxígeno disminuida.,Todas las respuestas anteriores son correctas.,B,Piel fría y seca durante la crisis.,No Legislación
Cantabria,2019,79,"Respecto a las convulsiones febriles en la infancia, señale la respuesta INCORRECTA:",Es el trastorno convulsivo más frecuente en la infancia.,La aparición de convulsiones febriles simples durante la infancia se asocia a pacientes con antecedentes de algún problema neurológico.,"Las convulsiones febriles simples duran menos de 15 minutos, no habiendo más de un episodio en 24 h.","Se debe tranquilizar y apoyar a la familia ya que, sobre todo la primera vez, es un momento aterrador para los padres.",B,La aparición de convulsiones febriles simples durante la infancia se asocia a pacientes con antecedentes de algún problema neurológico.,No Legislación
Cantabria,2019,80,"Para conseguir un buen control del asma en los niños y proporcionarles una buena calidad de vida, ¿Sobre qué acciones fundamentales se deben centrar los cuidados?","Tratamiento farmacológico, control de los factores desencadenantes de la crisis asmática y formación en conocimientos y habilidades al niño y la familia.","Ejercicio, dieta y control de los factores desencadenantes de la crisis asmática.","Tratamiento farmacológico, dieta y formación en conocimientos y habilidades al niño y la familia.","Tratamiento farmacológico, dieta y ejercicio físico.",A,"Tratamiento farmacológico, control de los factores desencadenantes de la crisis asmática y formación en conocimientos y habilidades al niño y la familia.",No Legislación
Cantabria,2019,81,¿Qué anomalía congénita se produce en la transposición de grandes vasos?:,La aorta emerge de la aurícula derecha y la arteria pulmonar de la aurícula izquierda.,La aorta emerge del ventrículo izquierdo y la arteria pulmonar de la aurícula derecha.,La aorta emerge del ventrículo derecho y la arteria pulmonar del ventrículo izquierdo.,La aorta emerge del ventrículo derecho y la arteria pulmonar de la aurícula derecha.,C,La aorta emerge del ventrículo derecho y la arteria pulmonar del ventrículo izquierdo.,No Legislación
Cantabria,2019,82,Definimos al período de manifestaciones clínicas de una enfermedad transmisible como:,Intervalo de tiempo transcurrido entre la exposición y el inicio de la transmisibilidad.,Período durante el que el individuo puede transmitir la infección.,Tiempo transcurrido del inicio de signos y síntomas entre generaciones.,Tiempo durante el que el huésped presenta signos y síntomas de la enfermedad.,D,Tiempo durante el que el huésped presenta signos y síntomas de la enfermedad.,No Legislación
Cantabria,2019,83,Definimos la patogenicidad de un microorganismo como:,Capacidad para provocar enfermedad en los infectados.,La gravedad o capacidad de matar que tiene el agente.,Capacidad del agente para propagarse por la comunidad.,Capacidad de producir sustancias tóxicas o toxinas.,A,Capacidad para provocar enfermedad en los infectados.,No Legislación
Cantabria,2019,84,Respecto a las medidas de aislamiento:,Su objetivo es aislar a sanos que han estado expuestos a la enfermedad.,Su objetivo es aislar la fuente de infección para bloquear la transmisión de la infección.,Su duración es siempre de dos semanas.,No es preciso el lavado de manos puesto que hay que utilizar guantes.,B,Su objetivo es aislar la fuente de infección para bloquear la transmisión de la infección.,No Legislación
Cantabria,2019,85,"En relación con el paciente anciano, señale la respuesta CORRECTA:","Los sujetos de edad avanzada están más expuestos a la polimedicación, a interacciones farmacológicas y a efectos adversos de los medicamentos.",El riesgo de hiperglucemias graves se incrementa con la edad.,Los ancianos con trastorno cognitivo constituyen un grupo especial de riesgo de hipoglucemia grave.,Todas las respuestas anteriores son correctas.,D,Todas las respuestas anteriores son correctas.,No Legislación
Cantabria,2019,86,"Atendiendo al Índice de Barthel, señale la respuesta CORRECTA:",Una puntuación mayor de 60 se corresponde con dependencia total.,Una puntuación entre 40-50 se corresponde con dependencia moderada.,Una puntuación entre 20-40 se corresponde con dependencia severa.,Las respuestas B y C son correctas.,D,Las respuestas B y C son correctas.,No Legislación
Cantabria,2019,87,¿Cuál de las siguientes escalas se emplea para valorar la sobrecarga del cuidador?,Escala de valoración de la salud familiar.,Escala de valoración de las relaciones intra-familiares.,Escala de valoración del funcionamiento familiar,Escala de Zarit,D,Escala de Zarit,No Legislación
Cantabria,2019,88,Señale cuál de los siguientes NO es un factor de riesgo de incontinencia urinaria en ancianos:,Función inadecuada del tracto urinario inferior.,Hiperactividad del nervio hipogloso.,Presencia de barreras arquitectónicas.,Deterioro de la movilidad física.,B,Hiperactividad del nervio hipogloso.,No Legislación
Cantabria,2019,89,"En el tratamiento del dolor en un paciente en situación terminal, es adecuado utilizar la ""escalera analgésica "" de la OMS. En relación con dicha escalera es CIERTO que :","Los fármacos del primer escalón, no tienen efecto techo-terapéutico.","Los fármacos del segundo escalón, se deben asociar con fármacos del tercer escalón para mejorar la respuesta.","Los fármacos del segundo y tercer escalón con frecuencia producen estreñimiento, por lo que es conveniente asociar algún laxante.","En pacientes ancianos y/o con muy bajo peso, se iniciará el tratamiento con dosis estándar o incluso más altas porque perciben el dolor de forma más intensa.",C,"Los fármacos del segundo y tercer escalón con frecuencia producen estreñimiento, por lo que es conveniente asociar algún laxante.",No Legislación
Cantabria,2019,90,En cuidados paliativos es frecuente utilizar la vía subcutánea para la administración de fármacos. Señale la respuesta INCORRECTA:,La localización más habitual de la vía sera la región subclavicular o raíz de extremidades.,Conviene rasurar la zona si hay exceso de vello.,Es conveniente salinizar la vía después de administrar el fármaco en bolos.,"No se puede utilizar la misma vía para administrar Morfina, Midazolam y Haloperidol.",D,"No se puede utilizar la misma vía para administrar Morfina, Midazolam y Haloperidol.",No Legislación
Cantabria,2019,91,Señale la afirmación INCORRECTA acerca de la enfermedad de Alzheimer:,Es la causa de demencia más frecuente en los países occidentales.,"Cursa con pérdida de memoria, principalmente la memoria explícita.",Está causada por una lesión cerebral relacionada con problemas cerebrovasculares.,Es una demencia no reversible.,C,Está causada por una lesión cerebral relacionada con problemas cerebrovasculares.,No Legislación
Cantabria,2019,92,"Según el Plan de Estrategia sobre Drogas de Cantabria 2014-2018, indique el dato epidemiológico CORRECTO:","En la población general, la evolución del consumo de alcohol en Cantabria muestra una tendencia ascendente en todos los indicadores estudiados.",En la población de estudiantes de 14 a 18 años ha habido una disminución del porcentaje de jóvenes que consumen alcohol en el último mes.,El tabaco ocupa el primer lugar en el consumo de sustancias en la población general.,El cannabis es la droga ilegal más consumida en Cantabria.,D,El cannabis es la droga ilegal más consumida en Cantabria.,No Legislación
Cantabria,2019,93,¿Cuál de las siguientes es una línea de actuación establecida en la Estrategia sobre Drogas de Cantabria 2014-2018?,Prevención.,Disminución de riesgos y reducción del daño.,Formación.,Todas las respuestas anterores son correctas.,D,Todas las respuestas anterores son correctas.,No Legislación
Cantabria,2019,94,"Respecto a las agresiones/abusos sexuales: ""Cualquier atentado contra la libertad sexual de otra persona, realizado con violencia o intimidación"", se define como:",Abuso sexual.,Acoso sexual.,Agresión sexual.,Intimidación sexual.,C,Agresión sexual.,No Legislación
Cantabria,2019,95,"Respecto a las víctimas de agresiones sexuales, señale la respuesta INCORRECTA:",Para estudio microbiológico la recogida de muestras estará condicionada por el tipo de agresión sufrida.,"La profilaxis de VIH se iniciará en agresiones que hayan tenido penetración vaginal, anal o sexo oral con o sin eyaculación.",Se ofertarán tratamiento antibiótico preventivo para enfermedades de transmisión sexual.,Una vez realizada la recogida de muestras y tratamiento se avisará al juzgado para que se persone la médica/o forense.,D,Una vez realizada la recogida de muestras y tratamiento se avisará al juzgado para que se persone la médica/o forense.,No Legislación
Cantabria,2019,96,"La intubación endotraqueal es recomendable en todo paciente con Traumatismo Craneoencefálico (TCE), con una puntuación en la escala de coma de Glasgow inferior a:",12 puntos.,15 puntos.,9 puntos.,7 puntos.,C,9 puntos.,No Legislación
Cantabria,2019,97,"En relación con la gravedad de las quemaduras, señale la respuesta CORRECTA:",Las quemaduras producidas por electricidad o por sustancias químicas no son graves.,Las quemaduras que afectan a menos de 25% de superficie corporal en el adulto se consideran graves.,La profundidad de las quemaduras no condiciona su gravedad.,"Las quemaduras que afectan a cara, cuello y genitales tienen peor pronóstico.",D,"Las quemaduras que afectan a cara, cuello y genitales tienen peor pronóstico.",No Legislación
Cantabria,2019,98,Las manifestaciones clínicas más características de la intoxicación por opiaceos son:,"Taquicardia, taquipnea, palidez y miosis.","Hiperventilación, cianosis, miosis puntiforme y coma.","Midriasis, coma y taquipnea.",Ninguna de las anteriores respuestas es correcta.,B,"Hiperventilación, cianosis, miosis puntiforme y coma.",No Legislación
Cantabria,2019,99,"En la unidad de urgencias se encuentra un paciente con monitorización electrocardiográfica, y en el monitor aparece un trazado compatible con taquicardia ventricular. Señale la acción inmediata a seguir:",Comprobar si hay pulso carotídeo.,Medir la presión arterial.,Proceder a la desfibrilación.,Administrar oxigeno.,A,Comprobar si hay pulso carotídeo.,No Legislación
Cantabria,2019,100,"En la atención a las catástrofes, una de las prioridades es la delimitación de perímetros virtuales, en los que se apoya el desarrollo operativo, esto se conoce como sectorización. Entre sus objetivos están los siguientes:",Impedir la difusión del problema y controlar los riesgos añadidos.,Moderar el flujo de espectadores y facilitar la integración de equipos multidisciplinarios.,Desplegar el material sanitario y posibilitar la evacuación a los puntos asistenciales.,Todas las respuestas anteriores son correctas.,D,Todas las respuestas anteriores son correctas.,No Legislación
Cantabria,2019,101,"Entre las ventajas del sistema de triaje, en la identificación y estadiaje de las víctimas de una catástrofe es CIERTO que:",Aumenta la eficacia de la atención al paciente.,Proporciona información sobre el estado del paciente y el tiempo aproximado de espera en la atención.,Orienta el flujo de pacientes en función de su gravedad.,Todas las respuestas anteriores son correctas.,D,Todas las respuestas anteriores son correctas.,No Legislación
Cantabria,2019,102,¿Cómo deben conservarse los fármacos termolábiles?,En frigorífico.,A temperatura ambiente.,Bajo una fuente de calor.,En el botiquín.,A,En frigorífico.,No Legislación
Cantabria,2019,103,"Cuando hablamos de la respuesta a los fármacos, es CIERTO que :",El metabolismo de los fármacos en ancianos y niños es mas rápido que en adultos y jóvenes.,La eliminación de los fármacos es independiente de las enfermedades que podamos padecer.,Cada persona responde de forma diferente a los fármacos.,No importa el peso para ajustar una dosis.,C,Cada persona responde de forma diferente a los fármacos.,No Legislación
Cantabria,2019,104,"De las siguientes vías de administración de medicamentos, ¿Cuál es la de más rápida absorción?",Oral.,Intramuscular.,Intravenosa.,Subcutánea.,B,Intramuscular.,No Legislación
Cantabria,2019,105,"Antes de administrar un medicamento, tendremos en cuenta la regla denominada de los cinco correctos. ¿Cuál de las siguientes opciones NO se incluye en esta regla?",Fármaco correcto.,Paciente correcto.,Via correcta.,Frecuencia correcta.,D,Frecuencia correcta.,No Legislación
Cantabria,2019,106,"Respecto a los hidratos de carbono en la dieta del adulto, señale la respuesta INCORRECTA:",Se recomienda que un 50-60% de la ingesta calórica diaria sean hidratos de carbono.,El porcentaje de azúcares simples no debe superar el 20%.,"Pueden existir variaciones en las recomendaciones de ingesta según edad, sexo y situación fisiopatológica.",Por cada gramo de hidratos de carbono se obtienen 4 kilocalorías de energía.,B,El porcentaje de azúcares simples no debe superar el 20%.,No Legislación
Cantabria,2019,107,"Respecto a los trastornos de la conducta alimentaria, señale la respuesta INCORRECTA:","La bulimia nerviosa se caracteriza por episodios de atracones en los que se ingiere una gran cantidad de alimentos en poco espacio de tiempo y, en general, en secreto.","La anorexia nerviosa se manifiesta como un deseo irrefrenable de estar delgado, acompañado de procedimientos como dieta restrictiva o conductas purgativas.",Una manifestación clínica especifica de la bulimia nerviosa es el rechazo al aumento de peso ponderal y la distorsión de la imagen corporal.,Una manifestación clínica específica de la bulimia nerviosa es la presencia de mecanismos compensadores destinados a impedir el aumento de peso.,C,Una manifestación clínica especifica de la bulimia nerviosa es el rechazo al aumento de peso ponderal y la distorsión de la imagen corporal.,No Legislación
"Cantabria,2019,108,""La desnutrición crónica por déficit/pérdida prolongada de energía y nutrientes";" en la que existe disminución de peso por pérdida de tejido adiposo, pérdida de masa muscular en menor cuantía y sin alteración significativa de proteínas viscerales, ni edemas. Se denomina:"",Desnutrición mixta o proteico calórica.,Marasmo o desnutrición calórica.,Desnutrición Kwashiorkor.,Estado carencial.,B,Marasmo o desnutrición calórica.,No Legislación";
Cantabria,2019,109,Respecto a los cuidados de enfermería en la administración de nutrición enteral por sonda;" señale la respuesta INCORRECTA:,Antes de administrar la nutrición se colocará al paciente en posición sentado o semisentado a unos 45º.,Se debe comprobar la correcta ubicación de la sonda mediante aspiración de contenido gástrico o auscultando epigastrio mientras introducimos aire con una jeringa.,""Cuando existe sonda nasogástrica y está fijada a naríz, se debe cambiar el punto de fijación cada 72 h con cuidado de no mover mucho para evitar náuseas al paciente."",""Para conservar el preparado nutricional, se pondrá fecha y hora de apertura, conservándose en nevera un máximo de 24 h."",C,""Cuando existe sonda nasogástrica y está fijada a naríz, se debe cambiar el punto de fijación cada 72 h con cuidado de no mover mucho para evitar náuseas al paciente."",No Legislación";
Cantabria,2019,110,Respecto a la nutrición enteral (NE) señale la respuesta CORRECTA:,La NE está contraindicada durante las hemorragias digestivas altas.,"La NE, a diferencia de la nutrición parenteral, permite conservar la función absortiva intestinal, manteniendo la integridad anatómica y funcional de su mucosa.",La NE está contraindicada en pacientes con vómitos debido al riesgo de broncoaspiración.,Todas las respuestas anteriores son correctas.,D,Todas las respuestas anteriores son correctas.,No Legislación
Cantabria,2019,111,Un paciente que sufre un ACVA isquémico con afectación del hemisferio cerebral derecho (no dominante) presentará:,"Afasia, hemiparesia derecha y hemianopsia homónima derecha.","Déficit motor y sensitivo de las cuatro extremidades, nistagmo, ataxia y disfagia.","Pérdidia de sensibilidad del hemicuerpo izquierdo, hemiapnosia homónima izquierda y desviación de la mirada conjugada izquierda.",Todas las respuestas anteriores son correctas.,C,"Pérdidia de sensibilidad del hemicuerpo izquierdo, hemiapnosia homónima izquierda y desviación de la mirada conjugada izquierda.",No Legislación
Cantabria,2019,112,¿Cuál de las siguientes manifestaciones NO es característica de las crisis epilépticas generalizadas?,Pérdida de conciencia.,Convulsiones tónico-clónicas.,Duración inferior a 30 segundos.,Fase post-crítica.,C,Duración inferior a 30 segundos.,No Legislación
Cantabria,2019,113,"En la Enfermedad Pulmonar Obstructiva Crónica (EPOC), ¿cuál de las siguientes afirmaciones es FALSA?",La disnea es el principal motivo por el que los pacientes solicitan ayuda médica.,La tos es un síntoma habitual en el paciente EPOC.,La oxigenoterapia mejora el pronóstico de los pacientes EPOC.,El abandono del hábito tabáquico no mejora el pronóstico de los pacientes con EPOC,D,El abandono del hábito tabáquico no mejora el pronóstico de los pacientes con EPOC,No Legislación
Cantabria,2019,114,"En relación con el espacio muerto anatómico de la vía aérea, señale cuál de las siguientes respuestas es CORRECTA:",Es el aire que ocupa la vía respiratoria y se emplea en el intercambio de gases.,En una persona adulta supone unos 350 ml.,Cualquier aumento del espacio muerto supone un aumento del oxígeno alveolar.,"Es el volumen de aire que ocupa las vias respiratorias durante la respiración, en las que permanece el aire inhalado, sin llegar a los alvéolos.",D,"Es el volumen de aire que ocupa las vias respiratorias durante la respiración, en las que permanece el aire inhalado, sin llegar a los alvéolos.",No Legislación
Cantabria,2019,115,"El fármaco más utilizado en el tratamiento de la agudización asmatica, es el Salbutamol. Una de las formas de utilización es mediante la aerosolterapia. Entre las reacciones adversas que puede producir, señale la respuesta INCORRECTA:",Cefalea.,Bradicardia.,Palpitaciones.,Temblor.,B,Bradicardia.,No Legislación
Cantabria,2019,116,"Respecto a las ventajas de la ventilación mecánica no invasiva, señale la respuesta INCORRECTA:",Permite la tos y la eliminación de secreciones.,Requiere intubación endotraqueal.,Permite que el paciente siga utilizando su musculatura respiratoria.,Suele ser mejor tolerada por el paciente.,B,Requiere intubación endotraqueal.,No Legislación
Cantabria,2019,117,Señale cuál NO es un factor de riesgo para el tromboembolismo pulmonar:,Inmovilización prolongada.,Enfermedad neoplásica activa.,Asma bronquial.,Cirugía de prótesis total de cadera.,C,Asma bronquial.,No Legislación
Cantabria,2019,118,"Según The Eighth Report of the Joint National Committee on Prevention, Detection, Evaluation and Treatment of High Blood Pressure (JNC8), en pacientes mayores de 18 años, tensiones arteriales sistólicas entre 140 y 159 mm/Hg, o tensiones arteriales diastólicas entre 90 y 99 mm/Hg , se clasifica como:",Prehipertensión.,Hipertensión arterial moderada.,Hipertensión arterial estadio I.,Hipertensión arterial severa.,C,Hipertensión arterial estadio I.,No Legislación
Cantabria,2019,119,Sobre las recomendaciones para una correcta medida de la tensión arterial;" señale la respuesta INCORRECTA:,El paciente debe tener apoyado el brazo sobre una mesa o superficie.,Se debe colocar la parte media del manguito en la parte superior del brazo del paciente a nivel de la auricula derecha (punto medio del esternón).,""Si se utiliza técnica auscultatoria, la presión arterial sistólica coincide con el primer sonido de Korotkoff."",""El paciente debe evitar fumar, tomar cafeína o hacer ejercicio al menos 10 minutos antes de la toma."",D,""El paciente debe evitar fumar, tomar cafeína o hacer ejercicio al menos 10 minutos antes de la toma."",No Legislación";
Cantabria,2019,120,"Respecto a los extrasístoles nodales, señale la respuesta INCORRECTA:",Proviene de un foco ectópico de un ventrículo.,Genera complejos QRS de aspecto normal.,Los complejos QRS generalmente no van precedidos de ondas P.,Puede dar lugar a ondas P invertidas mediante conducción retrógrada.,A,Proviene de un foco ectópico de un ventrículo.,No Legislación
Cantabria,2019,121,"Según las recomendaciones de la European Resucitation Council, la secuencia de acciones de la cadena de supervivencia es:","Comprobar si respira, RCP precoz, desfibrilación precoz y soporte vital avanzado.","Reconocimiento precoz y pedir ayuda, RCP precoz por sanitarios, desfibrilación precoz y soporte vital avanzado.","Reconicimiento precoz y pedir ayuda, RCP precoz por testigos, desfibrilación precoz, soporte vital avanzado precoz y cuidados postresucitación estandarizados.","Reconocimiento precoz y pedir ayuda, RCP precoz por sanitarios, desfibrilación precoz, soporte vital avanzado precoz y cuidados postresucitación estandarizados.",C,"Reconicimiento precoz y pedir ayuda, RCP precoz por testigos, desfibrilación precoz, soporte vital avanzado precoz y cuidados postresucitación estandarizados.",No Legislación
Cantabria,2019,122,La insuficiencia renal aguda parenquimatosa se caracteriza por:,Dificultad de la eliminación de la orina.,Perfusión renal insuficiente.,Lesión anatómica de alguna estructura renal.,Inflamación glomerular.,C,Lesión anatómica de alguna estructura renal.,No Legislación
Cantabria,2019,123,¿Qué se entiende por urostomía?,Sondaje vesical.,Elevación de la urea en plasma.,Retención urinaria.,Intervención quirúrgica para realizar una salida del uréter por el abdomen.,D,Intervención quirúrgica para realizar una salida del uréter por el abdomen.,No Legislación
Cantabria,2019,124,Señala cuál de las siguientes recomendaciones NO es adecuada para un paciente portador de una fístula arterio-venosa (FAVI):,Mantener una higiene correcta en la extremidad con la FAVI.,No dormir sobre el brazo con la FAVI.,Llevar ropa ajustada sobre la FAVI para evitar hemorragias.,Tomar la tensión arterial en el brazo contrario al que porta la FAVI.,C,Llevar ropa ajustada sobre la FAVI para evitar hemorragias.,No Legislación
Cantabria,2019,125,Indica cuál de las siguientes es una complicación de la hemodiálisis:,Hipotensión.,Vómitos.,Calambres.,Todas las respuestas anteriores son correctas.,D,Todas las respuestas anteriores son correctas.,No Legislación
Cantabria,2019,126,"Respecto al pie diabético en pacientes con diabetes mellitus tipo 2, señale la afirmación INCORRECTA:","Se recomienda el cribado del pie diabético en función de las categorias de riesgo que vienen determinadas por los factores de riesgo, aunque al menos será anualmente.",La neuropatía es una complicación macrovascular que produce pérdida de sensibilidad en el pie favoreciendo presiones anormales y la aparición de heridas y úlceras.,El tiempo de evolución de la diabetes es un factor de riesgo para las úlceras de pie diabético.,Se recomienda programas educativos estructurados sobre cuidados del pie diabético para mejorar el conocimiento y fomentar el autocuidado del paciente.,B,La neuropatía es una complicación macrovascular que produce pérdida de sensibilidad en el pie favoreciendo presiones anormales y la aparición de heridas y úlceras.,No Legislación
Cantabria,2019,127,Respecto a la educación sanitaria del paciente diabético:,Se debe realizar una evaluación previa de los conocimientos del paciente y pactar objetivos de aprendizaje individualizados.,Se debe realizar una educación estructurada para fomentar el autocuidado y autocontrol.,El tratamiento dietético y farmacológico deben ser contenidos de un programa educativo.,Todas las respuestas anteriores son correctas.,D,Todas las respuestas anteriores son correctas.,No Legislación
Cantabria,2019,128,¿Cuál es la cifra objetivo de HbA1c para el buen control de la diabetes mellitus tipo 2?,"6,5 %",7 %,"7,5 %",El objetivo de HbA1c debe estar basado en la evaluación individualizada del paciente.,D,El objetivo de HbA1c debe estar basado en la evaluación individualizada del paciente.,No Legislación
Cantabria,2019,129,"De las siguientes intervenciones INICIALES ante una fractura de extremidad, cuál NO está indicada:",Colocar una férula que inmovilice la zona de fractura.,Comprobar el estado neurovascular distal antes y después de la colocación de la férula.,Intentar estirar las articulaciones fracturadas con el fin de alinear la fractura.,"En caso de fractura abierta, no manipular ningún extremo óseo en caso de que sobresalga rompiendo la integridad cutánea.",C,Intentar estirar las articulaciones fracturadas con el fin de alinear la fractura.,No Legislación
Cantabria,2019,130,"Respecto a la fractura en tallo verde, señale la afirmación CORRECTA:",Es más frecuente en niños y se caracteriza por ser una fractura completa.,Es más frecuente en niños y se caracteriza por ser una fractura incompleta.,Es más frecuente en adultos y se caracteriza por ser fractura completa.,Es más frecuente en adultos y se caracteriza por ser una fractura incompleta.,B,Es más frecuente en niños y se caracteriza por ser una fractura incompleta.,No Legislación
Cantabria,2019,131,"Una paciente intervenida de una prótesis de cadera izquierda. Cuando se le entrega las muletas como ayuda para caminar, indique la secuencia correcta para subir escaleras que debemos enseñar a la paciente:","Subir pierna derecha y el bastón izquierdo al escalón, por último pierna izquierda y bastón derecho.","Subir pierna izquierda y el bastón derecho al escalón, por último pierna derecha y bastón izquierdo.",Subir la pierna izquierda al escalón y después llevar la pierna derecha y los bastones a dicho escalón.,Subir la pierna derecha al escalón y después llevar la pierna izquierda y los bastones a dicho escalón.,D,Subir la pierna derecha al escalón y después llevar la pierna izquierda y los bastones a dicho escalón.,No Legislación
Cantabria,2019,132,"Respecto a las características de la"" colitis ulcerosa"", señale la respuesta INCORRECTA:",Predominio de colon izquierdo.,Puede evolucionar a megacolon tóxico.,Distribución discontinua de las lesiones.,La inflamación afecta a mucosa y submucosa.,C,Distribución discontinua de las lesiones.,No Legislación
Cantabria,2019,133,"¿Con qué se relaciona la aparición de heces ""hipocólicas"" o ""acólicas""?",Sangrado gástrico.,Déficit de fibra en la dieta.,Patología biliar.,Deshidratación.,C,Patología biliar.,No Legislación
Cantabria,2019,134,Una reacción adversa inmediata a una transfusión sanguínea puede ser:,Púrpura postransfusional,Hiperpotasemia.,Urticaria.,Hepatitis C,C,Urticaria.,No Legislación
Cantabria,2019,135,La causa más frecuente de ANEMIA FERROPÉNICA es:,Esferocitosis hereditaria.,Insuficiencia Renal Crónica.,Aplasia Medular.,Hemorragia (digestiva y/o ginecológica).,D,Hemorragia (digestiva y/o ginecológica).,No Legislación
Cantabria,2019,136,La Presbiacusia es la pérdida de audición debida a:,Exposición a ruidos intensos.,El envejecimiento.,Irriabilidad del 7º par craneal.,Secundaria a un proceso infeccioso.,B,El envejecimiento.,No Legislación
Cantabria,2019,137,Una persona con curvatura irregular de la córnea tendra un defecto de refracción denominado:,Miopía.,Hipermetropía.,Astigmatismo.,Estrabismo.,C,Astigmatismo.,No Legislación
Cantabria,2019,138,¿Cuál de los siguientes NO es un factor de riesgo para el cáncer de endometrio?,Obesidad.,Multiparidad.,Menopausa tardía.,Menarquia precoz.,B,Multiparidad.,No Legislación
Cantabria,2019,139,¿Cuál de las siguientes NO se considera una recomendación relevante (nivel 1) en el manejo del dolor oncológico?,El paciente debe ser el principal evaluador de su dolor.,El tratamiento del dolor en ambiente clínico y domiciliario debe estar basado en la Escala analgésica de la OMS.,La administración rápida vía subcutánea o endovenosa de la morfina es preferible como control inicial del dolor en pacientes que presentan dolor oncológico intenso.,Los cannabinoides están recomendados para el tratamiento del dolor oncológico.,D,Los cannabinoides están recomendados para el tratamiento del dolor oncológico.,No Legislación
"Cantabria,2019,140,""Respecto a la preparación de los fármacos citostáticos, señale la respuesta INCORRECTA:"",""Debe prepararse de forma centralizada, preferiblemente en las unidades donde posteriormente se administrará el fármaco."",""El Equipo de Protección Individual debe incluir bata desechable, con abertura trasera, puños elásticos y ajustables, impermeable en la zona delantera (pecho y vientre) y en las mangas."",Todos los materiales que se utilicen para preparar los citostáticos deben de ser exclusivos.,""Se consideran Residuos citotóxicos y citostáticos";" a todos aquellos compuestos por restos de medicamentos citotóxicos y todo material que haya estado en contacto con ellos, que presentan riesgos carcinogénicos, mutagénicos o teratogénicos."",A,""Debe prepararse de forma centralizada, preferiblemente en las unidades donde posteriormente se administrará el fármaco."",No Legislación";
Cantabria,2019,141,"De los siguientes diagnósticos de enfermería mas frecuentes para el paciente quirúrgico, según la NANDA, ¿qué respuesta es la INCORRECTA?",Riesgo de aspiración.,Riesgo de desequilibrio de la temperatura corporal.,Riesgo de deterioro de la autopercepción.,Riesgo de lesión por posicionamiento perioperatorio.,C,Riesgo de deterioro de la autopercepción.,No Legislación
Cantabria,2019,142,El dolor postoperatorio agudo:,Provoca descenso de la frecuencia cardíaca.,Aumenta la capacidad residual funcional.,Se trata fundamentalmente con AINES y opioides.,Produce aumento de la insulina.,C,Se trata fundamentalmente con AINES y opioides.,No Legislación
Cantabria,2019,143,¿Cuál de los siguientes drenajes se encuentran dentro de los aspirativos?,Penrose.,Kehr.,Jackson-Pratt.,Gasa en mecha.,C,Jackson-Pratt.,No Legislación
Cantabria,2019,144,Son contraindicación en CMA (Cirugía Mayor Ambulatoria). Señale la respuesta CORRECTA:,Edad avanzada.,Pacientes con coagulopatías que no puedan someterse a tratamiento profiláctico.,Pacientes con alteraciones psiquiátricas mayores que impidan su colaboración.,Las respuestas B y C son correctas.,D,Las respuestas B y C son correctas.,No Legislación
Cantabria,2019,145,Dentro de la cartera de servicios de Atención Primaria se recoge la Cirugía Menor que incluye la realización de procedimientos terapeúticos ó diagnósticos ¿qué características deben cumplir dichos procedimientos?. Señale la respuesta CORRECTA:,Ser de baja complejidad y minimamente invasivos.,Tener bajo riesgo de Hemorragia.,Se practican bajo anestesia local.,Todas las respuestas anteriores son correctas.,D,Todas las respuestas anteriores son correctas.,No Legislación
Cantabria,2019,146,"Para la protección de la piel perilesional en las úlceras por presión muy exudativas, se recomienda la utilización de:",Películas barrera no irritantes o pomadas a base de óxido de zinc.,Ácidos grasos hiperoxigenados.,Apósitos bioactivos.,Apósitos hidrocoloides.,A,Películas barrera no irritantes o pomadas a base de óxido de zinc.,No Legislación
Cantabria,2019,147,En el momento del ingreso hospitalario se debe realizar una evaluación del riesgo para desarrollar úlceras de presión (UPP). ¿Cuál de los siguientes NO es un factor de riesgo para el desarrollo de UPP?,Deterioro cognitivo significativo.,Deficiencias nutricionales.,Afrontamiento ineficaz.,Edad avanzada.,C,Afrontamiento ineficaz.,No Legislación
Cantabria,2019,148,"Respecto a las características de la demografía, señale la respuesta INCORRECTA:","La demografía estudia las poblaciones humanas analizando su dimensión, estructura, evolución y características generales.",La demografía analiza las poblaciones desde un punto de vista principalmente cualitativo.,La demografía estática nos ofrece una visión de una población en un momento determinado.,La demografía dinámica investiga la evolución de una población en el tiempo y los mecanismos por los que se produce esa evolución.,B,La demografía analiza las poblaciones desde un punto de vista principalmente cualitativo.,No Legislación
Cantabria,2019,149,"El valor mínimo para el índice sintético de fecundidad (hijos por mujer en edad fecunda), que garantiza el recambio poblacional en una comunidad es de:","1,6","1,8","1,9","2,1",D,"2,1",No Legislación
Cantabria,2019,150,¿Qué medidas deben tomarse para protegerse ante un riesgo biológico?,"Barreras físicas (Guantes, mascarillas, pantallas, gafas).","Barreras químicas (Desinfectantes, antisépticos, biocidas en los conductos de aire).","Barreras biológicas (Vacunas, inmunoglobulinas y quimioprofilaxis).",Todas las respuestas anteriores son correctas.,D,Todas las respuestas anteriores son correctas.,No Legislación
Cantabria,2019,151,"Respecto al Sistema Español de Alerta Temprana (SEAT) incluido en el Plan Nacional de Drogas, señale la respuesta INCORRECTA:","Su objetivo es desarrollar y mantener un sistema rápido de alerta para la detección, intercambio de información, evaluación y respuesta frente a la aparición de nuevas sustancias, o de eventos relacionados con su consumo que pueden dar lugar a problemas de salud pública.","La Delegación del Gobierno para el Plan Nacional sobre Drogas (DGPNSD), es la responsable de su correcto funcionamiento.","Trabaja a nivel nacional, exclusivamente a través de la Administración General del Estado.",El SEAT mantiene relaciones con instituciones europeas.,C,"Trabaja a nivel nacional, exclusivamente a través de la Administración General del Estado.",No Legislación
Cantabria,2019,152,"Respecto al labio leporino y la fisura palatina, señale la respuesta INCORRECTA:",El labio leporino es una malformación que se manifiesta por una apertura lateral o bilateral en el labio superior entre boca y nariz.,El labio leporino es una contraindicación para la lactancia materna.,"La fisura palatina es una malformación consistente en una apertura del cielo de la boca, existiendo comunicación directa entre boca y nariz.",Las otitis son más frecuentes en niños con fisura palatina.,B,El labio leporino es una contraindicación para la lactancia materna.,No Legislación
Cantabria,2019,153,"De los siguientes fármacos, señale cual NO es vesicante:",Mitomicina.,Citarabina.,Daunorubicina.,Vincristina.,B,Citarabina.,No Legislación
Cantabria,2019,154,"En relación con las catástrofes, señale la afirmación CORRECTA:","La vulnerabilidad de un territorio y de su población es respecto al agente causante de la catástrofe, directamente propocional al riesgo e inversamente proporcional al estado de su organización sanitaria.","En el momento inicial de una catástrofe se genera una fase paroxística de peticiones de ayuda, que coincide con la capacidad mínima de organización de respuesta.","La asistencia inmediata en las catastrofes tiene como prioridades la búsqueda y salvamento de los supervivientes en el área afectada, el tratamiento inicial de los heridos y la organización de la evacuación hasta los centros de atención definitiva.",Todas las respuestas anteriores son correctas.,D,Todas las respuestas anteriores son correctas.,No Legislación
Cantabria,2019,155,"Según la Guía de Práctica Clínica en diabetes mellitus tipo 2 del Ministerio de Sanidad, ¿Con qué periodicidad se recomienda realizar el cribado de retinopatía diabética a pacientes con diabetes tipo 2?",En el momento del diagnóstico y luego anualmente.,En el momento del diagnóstico y luego bianualmente.,En el momento del diagnóstico y luego cada tres años.,"En el momento del diagnóstico y posteriormente en función de la existencia previa de retinopatía diabética, factores de riesgo relacionados y del grado de control metabólico.",D,"En el momento del diagnóstico y posteriormente en función de la existencia previa de retinopatía diabética, factores de riesgo relacionados y del grado de control metabólico.",No Legislación
Cantabria,2019,156,¿Qué déficit vitamínico se relaciona con los pacientes gastrectomizados?,Vitamina E.,Vitamina B3.,Vitamina B12.,Vitamina K.,C,Vitamina B12.,No Legislación
Cantabria,2019,157,"Cual de los siguientes síntomas , NO es típico de la enfermedad de Meniére:","Vertigo episódico, acompañado de náuseas con y sin vómitos.",Dolor de oídos.,Tinnitus.,Hipoacusia.,B,Dolor de oídos.,No Legislación
Cantabria,2019,158,"El ""ABVD"" es un esquema de tratamiento utilizado en la terapia en pacientes con enfermedad de Hodgkin,¿cuáles son los farmacos que lo componen?","Adriamicina,Bleomicina,Vinorelvina,Dacarbamicina.","Adriamicina,Bleomicina,Vincristina,Doxorrubina.","Adriamicina,Bleomicina,Vinblastina,Dacarbacina.","Adriamicina,Bleomicina,Vinflubina,Doxorrubina.",C,"Adriamicina,Bleomicina,Vinblastina,Dacarbacina.",No Legislación
Cantabria,2019,159,"El consentimiento informado para un procedimiento de Cirugía Mayor Ambulatoria (CMA), debe ser:","Verbal, al ser un proceso ambulatorio.","Libre, consciente y voluntario.",Debe contener la descripción del procedimiento.,Las respuestas B y C son correctas.,D,Las respuestas B y C son correctas.,No Legislación
"Cantabria,2019,160,""¿Cómo interpretarías en un estudio de Casos y controles una Odds Ratio de 2";" con un INTERVALO DE CONFIANZA al 95% de (0,83-4,81)?"",""Los expuestos tienen 2 veces más riesgo de desarrollar la enfermedad que los no expuestos, siendo esta asociación estadísticamente significativa."",""Los enfermos tienen 2 veces más riesgo de estar expuestos que los no enfermos, siendo esta asociación estadísticamente significativa."",""Los expuestos tienen 2 veces más riesgo de desarrollar la enfermedad que los no expuestos, si bien esta asociación no es estadísticamente significativa."",""Los enfermos tienen 2 veces más riesgo de estar expuestos que los no enfermos, si bien esta asociación no es estadísticamente significativa."",D,""Los enfermos tienen 2 veces más riesgo de estar expuestos que los no enfermos, si bien esta asociación no es estadísticamente significativa."",No Legislación";
Cantabria,2024,1,El artículo 7 de la Constitución Española de 1978 señala que contribuyen a la defensa y promoción de los intereses económicos y sociales que les son propios:,Los sindicatos de trabajadores y las asociaciones empresariales.,Los partidos políticos.,Las Fuerzas Armadas.,Los ciudadanos.,A,Los sindicatos de trabajadores y las asociaciones empresariales.,Legislación
Cantabria,2024,2,"Según el artículo 19 de la Ley Orgánica 8/1981, de 30 de diciembre, del Estatuto de Autonomía para Cantabria, el Gobierno de Cantabria cesa:",Tras la celebración de elecciones al Parlamento.,"Por dimisión, incapacidad o fallecimiento de su Presidente.",Por la pérdida de confianza del Parlamento o la adopción por éste de una moción de censura.,Todas las anteriores son correctas.,D,Todas las anteriores son correctas.,Legislación
Cantabria,2024,3,"De acuerdo con el artículo 8 de la Ley 44/2003, de 21 de noviembre, de ordenación de las profesiones sanitarias, los centros sanitarios revisarán que los profesionales sanitarios de su plantilla cumplen los requisitos necesarios para ejercer la profesión:",Cada tres años como mínimo.,Cada diez años como mínimo.,Cada año como mínimo.,Cada siete años como mínimo.,A,Cada tres años como mínimo.,Legislación
Cantabria,2024,4,"De acuerdo con el artículo 39 de la Ley 44/2003, de 21 de noviembre, de ordenación de las profesiones sanitarias, ¿qué órgano establece los principios y criterios generales para la homologación del reconocimiento del desarrollo profesional en todo el Sistema Nacional de Salud?:",La Comisión de Recursos Humanos.,La Comisión Consultiva Profesional.,La Comisión de Desarrollo profesional.,El Consejo Interterritorial del Sistema Nacional de Salud.,D,El Consejo Interterritorial del Sistema Nacional de Salud.,Legislación
Cantabria,2024,5,"Según el artículo 11 de la Ley 16/2003, de 28 de mayo, de cohesión y calidad del Sistema Nacional de Salud, la prestación de salud pública queda definida como:","Actuaciones, basadas en la epidemiología, para hacer frente a los peligros, potenciales o reales, para la salud de la población.",Acciones preventivas y ejecutivas en materia de salud de la población.,Las dos opciones anteriores son correctas.,"Conjunto de iniciativas organizadas por las Administraciones Públicas para preservar, proteger y promover la salud de la población.",D,"Conjunto de iniciativas organizadas por las Administraciones Públicas para preservar, proteger y promover la salud de la población.",Legislación
Cantabria,2024,6,"De acuerdo con el artículo 2 de la Ley 16/2003, de 28 de mayo, de cohesión y calidad del Sistema Nacional de Salud, es un principio general informador de la mencionada Ley, señale la respuesta CORRECTA:",La prestación de una atención a la salud curativa y reparadora en los términos previstos en la Ley General de Salud Pública,"La prestación de los servicios a los usuarios del Sistema Nacional de Salud en condiciones de igualdad efectiva y calidad, evitando especialmente toda discriminación entre mujeres y hombres en las actuaciones sanitarias",La integración de las oficinas de farmacia en la estructura orgánica del Sistema Nacional de Salud en el desempeño de la prestación farmacéutica,"La financiación del Sistema Nacional de Salud, mediante cotizaciones sociales de acuerdo al sistema de seguros sociales",B,"La prestación de los servicios a los usuarios del Sistema Nacional de Salud en condiciones de igualdad efectiva y calidad, evitando especialmente toda discriminación entre mujeres y hombres en las actuaciones sanitarias",Legislación
Cantabria,2024,7,"A efectos de la Ley 41/2002, de 14 de noviembre, básica reguladora de la autonomía del paciente y de derechos y obligaciones en materia de información y documentación clínica, el conjunto de documentos que contienen los datos, valoraciones e informaciones de cualquier índole sobre la situación y la evolución clínica de un paciente a lo largo del proceso asistencial, se entiende por:",Certificado médico.,Información clínica.,Documentación clínica.,Historia clínica.,D,Historia clínica.,Legislación
Cantabria,2024,8,"¿Cuál es la finalidad principal de la historia clínica, según el artículo 15 de la Ley 41/2002, de 14 de noviembre, básica reguladora de la autonomía del paciente y de derechos y obligaciones en materia de información y documentación clínica?:",Mantener la máxima integración posible de la documentación clínica.,Facilitar al personal médico el cumplimiento de sus obligaciones.,"Permitir al personal que ejerza funciones de inspección, evaluación, acreditación y planificación la comprobación de la calidad de la asistencia.","Facilitar la asistencia sanitaria del paciente, dejando constancia de todos los datos que, bajo criterio médico, permitan el conocimiento veraz y actualizado de su estado de salud",D,"Facilitar la asistencia sanitaria del paciente, dejando constancia de todos los datos que, bajo criterio médico, permitan el conocimiento veraz y actualizado de su estado de salud",Legislación
Cantabria,2024,9,"Según el artículo 9.4 de la Ley 41/2002, de 14 de noviembre, básica reguladora de la autonomía del paciente y de derechos y obligaciones en materia de información y documentación clínica, en el caso de un paciente de 17 años de edad, establece que, cuando se trate de una actuación de grave riesgo para la vida o salud del menor, según el criterio del facultativo:","El consentimiento informado lo prestará el propio menor, una vez oída y tenida la opinión de sus padres.","El consentimiento informado lo prestará el propio menor, sin necesidad de oír a sus padres.","El consentimiento informado lo prestará el representante legal del menor, una vez oída y tenida en cuenta la opinión del mismo.",Será tenido en cuenta siempre el dictamen de la Junta Técnico-Asistencial del centro hospitalario.,C,"El consentimiento informado lo prestará el representante legal del menor, una vez oída y tenida en cuenta la opinión del mismo.",Legislación
Cantabria,2024,10,"Según el artículo 7 de la Ley 41/2002, de 14 de noviembre, básica reguladora de la autonomía del paciente y de derechos y obligaciones en materia de información y documentación clínica, cuando hablamos de la expresión: “toda persona tiene derecho a que se respete el carácter confidencial de los datos referentes a su salud, y a que nadie pueda acceder a ellos sin previa autorización, según indica la Ley 41/2002”, ¿a qué tipo de derecho nos referimos?:",Derecho de información.,Derecho asistencial.,Derecho a la intimidad.,Derecho a la formación.,C,Derecho a la intimidad.,Legislación
Cantabria,2024,11,"De acuerdo con el artículo 9 de la Ley de Cantabria 7/2002, de 10 de diciembre, de Ordenación Sanitaria de Cantabria, el Sistema Sanitario Público de Cantabria se organiza en demarcaciones territoriales denominadas:","Áreas de Salud, que constituyen el marco de planificación y desarrollo de las actuaciones sanitarias, y tienen como misión fundamental asegurar la accesibilidad y la continuidad de la atención en los distintos niveles de atención sanitaria.","Zonas de Salud, que constituyen el marco de planificación y desarrollo de las actuaciones sanitarias, y tienen como misión fundamental asegurar la accesibilidad y la continuidad de la atención en los distintos niveles de atención sanitaria.","Área Única, que constituye el marco de planificación y desarrollo de las actuaciones sanitarias, y tiene como misión fundamental asegurar la accesibilidad y la continuidad de la atención en los distintos niveles de atención sanitaria.","Zona de Salud Única, que constituye el marco de planificación y desarrollo de las actuaciones sanitarias, y tiene como misión fundamental asegurar la accesibilidad y la continuidad de la atención en los distintos niveles de atención sanitaria.",A,"Áreas de Salud, que constituyen el marco de planificación y desarrollo de las actuaciones sanitarias, y tienen como misión fundamental asegurar la accesibilidad y la continuidad de la atención en los distintos niveles de atención sanitaria.",Legislación
Cantabria,2024,12,"La voluntad expresada con caráter previo, regulada en el artículo 34 de la Ley 7/2002, de 10 de diciembre, de Ordenación Sanitaria de Cantabria, deberá de otorgarse por escrito, formalizándose por alguno de los siguientes procedimientos:","Ante notario, siendo preciso, en este caso, la presencia de testigos.","Ante dos testigos mayores de edad y con plena capacidad de obrar, de los cuáles dos, como mínimo, no deben tener relación de parentesco hasta el segundo grado ni relación laboral, patrimonial o de servicio, ni relación matrimonial ni de análoga afectividad a la conyugal con el otorgante.",Ante los funcionarios de la Consejería competente en materia de sanidad expresamente habilitados para tal función en los términos que reglamentariamente se establezcan.,Todas las respuestas anteriores son correctas.,C,Ante los funcionarios de la Consejería competente en materia de sanidad expresamente habilitados para tal función en los términos que reglamentariamente se establezcan.,Legislación
Cantabria,2024,13,"Teniendo en cuenta lo dispuesto en el Decreto 27/2011, de 31 de marzo, por el que se establece el mapa sanitario autonómico de Cantabria, ¿a qué Zona Básica de Salud pertenece el municipio de las Rozas de Valdearroyo?",Zona de Salud Saja.,Zona de Salud Liébana.,Zona de Salud de San Vicente.,Zona de Salud Campoo-Los Valles.,D,Zona de Salud Campoo-Los Valles.,Legislación
Cantabria,2024,14,"Según el artículo 6 del Decreto 215/2019, de 14 de noviembre, de Estructura Básica del Servicio Cántabro de Salud, modificado por el Decreto 93/2022, de 29 de septiembre, son Funciones de la Subdirección de Cuidados, Formación y Continuidad Asistencial:","La realización del análisis de costes, seguimiento y evaluación interna de la gestión presupuestaria.","La actividad encaminada a impulsar la formación continuada, la investigación y la docencia en el ámbito de los cuidados.","La tramitación de vacaciones, licencias y permisos.",La administración y gestión de la Tarjeta Individual Sanitaria.,B,"La actividad encaminada a impulsar la formación continuada, la investigación y la docencia en el ámbito de los cuidados.",Legislación
Cantabria,2024,15,"Indique la Zona de Salud que NO corresponde al Área I de Salud, según el Decreto 27/2011, de 31 de marzo, por el que se establece el mapa sanitario autonómico de Cantabria:",Vargas.,Sardinero,Puerto Chico.,Gama.,D,Gama.,Legislación
Cantabria,2024,16,"De acuerdo con el artículo 75 de la Ley de Cantabria 9/2010, de 23 de diciembre, de personal estatutario de instituciones sanitarias de la Comunidad Autónoma de Cantabria, finalizada la causa que determinó el pase a una situación distinta a la de activo, si se incumple la obligación de solicitar el reingreso al servicio activo en el plazo de un mes, procederá declarar de oficio la situación de:",Excedencia voluntaria.,Expectativa de destino.,Excedencia forzosa.,Adscripción provisional.,A,Excedencia voluntaria.,Legislación
Cantabria,2024,17,"De acuerdo con el artículo 7 de la Ley Orgánica 3/2007, de 22 de marzo, para la igualdad efectiva de mujeres y hombres, constituye acoso por razón de sexo:","Cualquier comportamiento, verbal o físico, de naturaleza sexual que tenga el propósito o produzca el efecto de atentar contra la dignidad de una persona, en particular cuando se crea un entorno intimidatorio, degradante u ofensivo.","Situación en que se encuentra una persona que sea, haya sido o pudiera ser tratada, en atención a su sexo, de manera menos favorable que otra en situación comparable.","Situación en que una disposición, criterio o práctica aparentemente neutros pone a personas de un sexo en desventaja particular con respecto a personas del otro.","Cualquier comportamiento realizado en función del sexo de una persona, con el propósito o el efecto de atentar contra su dignidad y de crear un entorno intimidatorio, degradante u ofensivo.",D,"Cualquier comportamiento realizado en función del sexo de una persona, con el propósito o el efecto de atentar contra su dignidad y de crear un entorno intimidatorio, degradante u ofensivo.",Legislación
Cantabria,2024,18,¿Las funcionarias víctimas de violencia de género tendrán derecho a solicitar la situación de excedencia?:,No.,Sí.,"Sí, en los términos que se determinen en su legislación específica.","No, salvo excepciones.",C,"Sí, en los términos que se determinen en su legislación específica.",Legislación
Cantabria,2024,19,"Según el artículo 57 de la Ley de Cantabria 9/2010, de 23 de diciembre, de personal estatutario de instituciones sanitarias de la Comunidad Autónoma de Cantabria, la carrera profesional se estructura en cuatro grados, para cuyo reconocimiento habrán de acreditarse los requisitos y méritos que se determinen, siempre que se cumpla el siguiente período mínimo de servicios prestados exigible en el Sistema Nacional de Salud:",Grado I: 4 años. Grado II: 8 años. Grado III: 12 años. Grado IV: 18 años.,Grado I: 5 años. Grado II: 10 años. Grado III: 12 años. Grado IV: 16 años.,Grado I: 5 años. Grado II: 10 años. Grado III: 15 años. Grado IV: 22 años.,Grado I: 4 años. Grado II: 6 años. Grado III: 8 años. Grado IV: 10 años.,C,Grado I: 5 años. Grado II: 10 años. Grado III: 15 años. Grado IV: 22 años.,Legislación
Cantabria,2024,20,"Según el artículo 6 de la Ley de Cantabria 9/2010, de 23 de diciembre, de personal estatutario de instituciones sanitarias de la Comunidad Autónoma de Cantabria, atendiendo a la función desarrollada, el personal estatutario se clasifica en:",Personal sanitario y personal de gestión y servicios.,"Personal sanitario, personal de servicios y personal administrativo.",Personal sanitario y personal no sanitario.,"Personal sanitario, personal administrativo, personal conductor y personal de limpieza.",A,Personal sanitario y personal de gestión y servicios.,Legislación
Cantabria,2024,21,Las estructuras fundamentales del Sistema Público de Salud del Gobierno de Cantabria son:,Las Zonas Básicas de Salud.,Las Áreas de Salud.,Las Demarcaciones sanitarias.,Los Centros de Salud.,B,Las Áreas de Salud.,No Legislación
Cantabria,2024,22,La Atención Primaria comprenderá:,"La asistencia sanitaria a demanda, programada y urgente tanto en la consulta como en el domicilio del enfermo.","La indicación o prescripción y la realización, en su caso, de procedimientos diagnósticos y terapéuticos.","Las actividades en materia de prevención, promoción de la salud, atención familiar y atención comunitaria.",Todas las respuestas anteriores son correctas.,D,Todas las respuestas anteriores son correctas.,No Legislación
Cantabria,2024,23,¿Cuáles son los objetivos del programa integral al paciente terminal en la Comunidad Autónoma de Cantabria?,"Ofrecer una atención integral de todos los enfermos en fase terminal que lo precisen, sus familias y personas cuidadoras.",Establecer un modelo organizativo que permita a los pacientes recibir atención paliativa de acuerdo con sus necesidades y en el momento apropiado.,"Proporcionar una adecuada atención, soporte y capacitación a cuidadores y familias como parte fundamental de la unidad asistencial.",Todas son correctas.,D,Todas son correctas.,No Legislación
Cantabria,2024,24,¿Cuáles son algunas de las ventajas para el paciente que recibe atención domiciliaria?,La comodidad de no tener que desplazarse fuera del domicilio.,"Poder recibir una asistencia más personalizada, privada e integral, dentro del entorno familiar.",Evitar complicaciones nosocomiales.,Todas son correctas.,D,Todas son correctas.,No Legislación
Cantabria,2024,25,El Programa de Atención Domiciliaria a Pacientes Inmovilizados se centra en:,"Detectar factores de riesgo existentes para el enfermo en su hogar, como defectos de higiene, salubridad, y malos hábitos alimentarios.","Aumentar el nivel de autonomía del paciente, mediante actividades de rehabilitación y el control de la enfermedad crónica.",Detectar y controlar otros problemas de salud a través de una asistencia similar a la prestada en el Centro de Salud.,Todas son correctas.,D,Todas son correctas.,No Legislación
Cantabria,2024,26,¿Qué conceptos componen el metaparadigma enfermero?,"Familia, paciente, sanitario.","Cuidador principal, cliente, profesional de la salud.","Persona, entorno, salud, Enfermería.","Persona, sociedad, situación económica.",C,"Persona, entorno, salud, Enfermería.",No Legislación
Cantabria,2024,27,"En 1952, Peplau escribió “Interpersonal Relations in Nursing”, identificando cuatro fases en la relación enfermera paciente. Estas fases en su orden secuencial son:","Orientación, Identificación, Resolución, Explotación.","Orientación, Identificación, Explotación, Resolución.","Identificación, Orientación, Explotación, Resolución.","Identificación, Explotación, Orientación, Resolución.",B,"Orientación, Identificación, Explotación, Resolución.",No Legislación
Cantabria,2024,28,"Durante la fase de planificación enfermera se establecen una serie de premisas, señale la VERDADERA:",Se establecen prioridades.,Se pactan los resultados con el cliente si es posible (NOC).,Se pactan las intervenciones con el cliente si es posible (NIC).,Todas son correctas.,D,Todas son correctas.,No Legislación
Cantabria,2024,29,Durante la fase de valoración enfermera es muy importante:,Con qué modelo de cuidados se va a trabajar (Filosofía).,"Tener en cuenta las habilidades propias tales como empatía, escucha activa, asertividad.","La experiencia enfermera (años de trabajo, unidades, y formación).",Todas son verdaderas.,D,Todas son verdaderas.,No Legislación
Cantabria,2024,30,"En relación a la investigación enfermera ¿cuál es el tipo de razonamiento que está basado en la experiencia, es decir, que va de lo particular a lo general?",Razonamiento lógico inductivo.,Razonamiento lógico deductivo.,Ensayo-error.,Autoridad.,A,Razonamiento lógico inductivo.,No Legislación
Cantabria,2024,31,Los estudios de investigación en los que el criterio utilizado para su diseño tiene en cuenta el momento de inicio del estudio y su relación con la cronología de los hechos se denominan:,Descriptivos y analíticos.,Transversales y longitudinales.,Experimentales y observacionales.,Prospectivos y retrospectivos.,D,Prospectivos y retrospectivos.,No Legislación
Cantabria,2024,32,"La probabilidad de que un enfermo sea clasificado como enfermo por un test diagnóstico, se conoce en epidemiología como el grado de:",Validez.,Especificidad.,Sensibilidad.,Fiabilidad.,C,Sensibilidad.,No Legislación
Cantabria,2024,33,"Con respecto a la cadena epidemiológica de las infecciones, la transmisión de una enfermedad infecciosa a través de un beso, es de tipo:",Sexual.,Indirecta.,Directa.,Por vector.,C,Directa.,No Legislación
Cantabria,2024,34,¿Qué es según la OMS la epidemiología? (señale la opción CORRECTA):,La frecuencia de causas de muerte en las personas.,"El estudio de la distribución y los determinantes de estados o eventos relacionados con la salud, y la aplicación de esos estudios al control de enfermedades y otros problemas de salud.",La ciencia que estudia las enfermedades.,El método científico que se encarga del estudio de la adaptación de la persona al medio sociocultural.,B,"El estudio de la distribución y los determinantes de estados o eventos relacionados con la salud, y la aplicación de esos estudios al control de enfermedades y otros problemas de salud.",No Legislación
Cantabria,2024,35,La posiblidad de que ocurra una situación de catástrofe en una comunidad se denomina:,Amenaza.,Daño.,Riesgo.,Vulnerabilidad.,C,Riesgo.,No Legislación
Cantabria,2024,36,La OMS define salud como:,"Un estado de completo bienestar físico, mental y social, y no solamente la ausencia de afecciones o enfermedades.","Un estado de bienestar físico, mental y social y la capacidad de funcionamiento, y no meramente la ausencia de enfermedad o incapacidad.","Es algo que puede darse por intervalos, momentos en los que damos con un modo de funcionamiento en medio de una enfermedad que se desarrolla por fases.","Es la condición de equilibrio funcional, tanto mental como físico, conducente a una integración dinámica del individuo en su ambiente natural y social.",A,"Un estado de completo bienestar físico, mental y social, y no solamente la ausencia de afecciones o enfermedades.",No Legislación
Cantabria,2024,37,¿Cuál es el ángulo que se debe utilizar para administrar una vacuna intramuscular?,45º.,90º.,15º.,75º.,B,90º.,No Legislación
Cantabria,2024,38,En la administración concomitante de varias vacunas a un niño ¿qué separación mínima debe existir entre un punto de inyección y otro?,3 cm.,1'5 cm.,5 cm.,2'5 cm.,D,2'5 cm.,No Legislación
Cantabria,2024,39,¿A quién se considera agente de salud?,A los profesores de educación primaria.,A los responsables de medios de comunicación.,A los profesionales sanitarios.,Todos son agentes de salud.,D,Todos son agentes de salud.,No Legislación
Cantabria,2024,40,La Educación para la Salud pretende:,Ayudar a desarrollar estilos de vida saludables.,Ser un instrumento para la Epidemiología.,Ser una herramienta para medir la calidad de vida.,Todas son correctas.,A,Ayudar a desarrollar estilos de vida saludables.,No Legislación
Cantabria,2024,41,¿Cuál de los siguientes es un método físico de esterilización?,Óxido de etileno.,Radiaciones ionizantes gamma.,Glutaraldehído.,Peróxido de hidrógeno.,B,Radiaciones ionizantes gamma.,No Legislación
Cantabria,2024,42,¿Qué proceso requiere aislamiento respiratorio?,Hepatitis Vírica tipo A.,VIH.,Rubeola.,Shigelosis.,C,Rubeola.,No Legislación
Cantabria,2024,43,"Al paso de gérmenes patógenos de unos huéspedes a otros, por distintos mecanismos, se le conoce como:",Cadena epidemiológica.,Fuente de infección.,Mecanismo de transmisión.,Persona sana susceptible.,A,Cadena epidemiológica.,No Legislación
Cantabria,2024,44,"La hormona que se sintetiza inicialmente en el cuerpo lúteo, después en la placenta, y es la más importante para el desarrollo de la gestación es:",Estrógeno.,Progesterona.,Relaxina.,Prostaglandina.,B,Progesterona.,No Legislación
Cantabria,2024,45,"En relación a las obligaciones psicológicas de la madre, Rubin en 1984 identificó cuatro obligaciones importantes para el desarrollo personal de la gestante. Señale la respuesta INCORRECTA:","Asegurarse que el embarazo,el parto y el puerperio discurran sin problemas.",Conseguir que la aceptación de ese niño que va a llegar.,Aprender a entregarse totalmente en beneficio de su hijo.,Ninguna de las respuestas anteriores es correcta.,D,Ninguna de las respuestas anteriores es correcta.,No Legislación
Cantabria,2024,46,¿Cuáles son las principales causas de una hemorragia en el postparto inmediato? Señale la respuesta CORRECTA:,Atonía uterina.,Laceraciones de vagina y cuello de útero.,Retención de fragmentos de placenta.,Todas son correctas.,D,Todas son correctas.,No Legislación
Cantabria,2024,47,Uno de los objetivos específicos del programa de salud de la infancia y la adolescencia de Cantabria es:,Establecer la coordinación entre el hospital de nacimiento y la primera consulta al centro de salud.,Actualizar el censo demográfico.,Incluir las curvas de crecimiento de la OMS.,A y C son correctas.,D,A y C son correctas.,No Legislación
Cantabria,2024,48,¿A qué edad se realiza la profilaxis de vitamina D en el niño sano?:,"A los 0 meses, 1 mes, 2 meses, 4 meses, 6 meses, 9 meses, 12 meses.",A los 2 meses.,"A los 2 meses, 3 meses y 6 meses.",Ninguna es correcta.,A,"A los 0 meses, 1 mes, 2 meses, 4 meses, 6 meses, 9 meses, 12 meses.",No Legislación
Cantabria,2024,49,¿Con qué edad el lactante debe localizar bien los ruidos en el plano horizontal y empieza a imitar ruidos a su manera?,Al mes.,A los 6 meses.,Al año.,A los 3 meses.,B,A los 6 meses.,No Legislación
Cantabria,2024,50,¿Cuál es el fármaco de primera elección por su administración fácil y rapidez de acción en el estatus epiléptico del niño?,Fenitoina.,Benzodiacepinas.,Ácido Valproico.,Lacosamida.,B,Benzodiacepinas.,No Legislación
Cantabria,2024,51,Según la Sociedad Española de Neonatología ¿qué niños se recomienda que formen parte de un programa de seguimiento estandarizado hasta la edad escolar (6-7 años)?,Los niños nacidos a término.,Los niños con peso al nacer menor a 1.200 gramos o menos de 30 semanas de gestación.,Los niños con peso al nacer menor de 1.500 gramos o menos de 32 semanas de gestación.,Ninguna es correcta.,C,Los niños con peso al nacer menor de 1.500 gramos o menos de 32 semanas de gestación.,No Legislación
Cantabria,2024,52,"Cuando realizamos una valoración de enfermería en el paciente geriátrico y utilizamos el Índice de Lawton, ¿Qué estamos valorando?:",Las actividades básicas de la vida diaria.,Las actividades instrumentales de la vida diaria.,El estado mental del paciente.,El estado afectivo del anciano.,B,Las actividades instrumentales de la vida diaria.,No Legislación
Cantabria,2024,53,"Al estado en el que se encuentran las personas que por razón de su falta o pérdida de autonomía física, psíquica o intelectual, tienen necesidad de ayuda o asistencia importante para las actividades de la vida cotidiana, se le conoce como:",Síndrome de personalidad confusa.,Dependencia.,Programa de atención temprana.,Riesgo mental.,B,Dependencia.,No Legislación
Cantabria,2024,54,"Las intervenciones en la atención paliativa se basan fundamentalmente en las necesidades del paciente y su familia, y tienen como objetivos fundamentales:",Procurar el confort y aumentar la esperanza de vida del paciente.,"Procurar el confort y la mejor calidad de vida del paciente, sus familiares y personas cuidadoras.",A y B son correctas.,Ninguna de las anteriores.,B,"Procurar el confort y la mejor calidad de vida del paciente, sus familiares y personas cuidadoras.",No Legislación
Cantabria,2024,55,Señale la respuesta INCORRECTA respecto al documento de voluntades previas y las líneas generales de su contenido:,Fomenta y promueve la participación del paciente y sus familiares en la toma de decisiones.,Debe constar en la historia clínica del paciente.,"En diciembre de 2020, se crea y regula el Registro de Voluntades Previas de Cantabria.","Los profesionales sanitarios deben informar y difundir la normativa vigente, sobre el documento en Cantabria.",C,"En diciembre de 2020, se crea y regula el Registro de Voluntades Previas de Cantabria.",No Legislación
Cantabria,2024,56,"El programa de formación para profesionales sanitarios en atención paliativa en Cantabria, NO tiene en su contenido:",Aspectos psicológicos en cuidados paliativos.,Manejo parcial del dolor.,Cuidados en la agonía.,El proceso del duelo.,B,Manejo parcial del dolor.,No Legislación
Cantabria,2024,57,"Las intervenciones realizadas en el entorno educativo para prevenir el abuso escolar, mejorar las habilidades sociales y la resolución de problemas en niños y adolescentes corresponden a:",Manejo de la depresión.,Prevención primaria de la depresión.,Prevención terciaria de la depresión.,Reducción de la carga producida por la depresión.,B,Prevención primaria de la depresión.,No Legislación
Cantabria,2024,58,"¿Cuál de las siguientes respuestas NO es un objetivo de salud mental en atención primaria, para Cantabria?","Conocer la incidencia, prevalencia y características de la enfermedad mental.","Coordinar a los profesionales de los equipos de atención primaria y de salud mental de cada área de salud, generando sinergias que potencien los efectos terapeúticos.","Protocolizar las terapias en salud mental, excluyendo las medidas que permitan la evaluación de su eficacia.","Empoderar al paciente y al cuidador, para que el paciente asuma la responsabilidad sobre su propia salud.",C,"Protocolizar las terapias en salud mental, excluyendo las medidas que permitan la evaluación de su eficacia.",No Legislación
Cantabria,2024,59,"Un paciente de 50 años con quemaduras en cabeza y cuello, si le aplicamos la regla de los nueves y la fórmula de Baux ¿qué pronóstico de mortalidad presentará?",Mortalidad del 25%.,Mortalidad del 36%.,Mortalidad del 59%.,Mortalidad del 67%.,C,Mortalidad del 59%.,No Legislación
Cantabria,2024,60,"En un paciente politraumatizado, ¿con qué término denominamos a las pupilas del mismo tamaño?",Pupilas mióticas.,Pupilas anisocóricas.,Pupilas discóricas.,Pupilas isocóricas.,D,Pupilas isocóricas.,No Legislación
Cantabria,2024,61,¿Qué tres parámetros mide la Escala de Glasgow para el coma?,"Respuesta ocular, respuesta motora, respuesta verbal.","Nivel de conciencia, nivel de expresión y nivel de movimiento.","Respuesta verbal, respuesta motora, respuesta al dolor.","Nivel de conciencia, reacción pupilar, umbral del dolor.",A,"Respuesta ocular, respuesta motora, respuesta verbal.",No Legislación
Cantabria,2024,62,La actuación del profesional sanitario ante una mujer que está sufriendo malos tratos irá encaminada a solventar problemas como:,Falta de autoestima.,Conocimiento de sus derechos.,Ayudar a superar el aislamiento social y liberarla del sentimiento de culpabilidad.,Todas son correctas.,D,Todas son correctas.,No Legislación
Cantabria,2024,63,"Entre los recursos no sanitarios para la atención a la mujer víctima de malos tratos, se encuentran:",Pisos tutelados.,Servicio de atención a la familia (Policía Nacional) y equipo de atención a la mujer y al menor (Guardia Civil).,A y B son correctas.,Ninguna de las anteriores.,C,A y B son correctas.,No Legislación
Cantabria,2024,64,¿Qué intervalo del Índice Internacional Normalizado (INR) se desea mantener en un paciente anticoagulado?,"INR de 0,8 a 1,2.","INR de 1,2 a 1,5.","INR de 1,5 a 2.",INR entre 2 y 3.,D,INR entre 2 y 3.,No Legislación
Cantabria,2024,65,¿Cuál de los siguientes alimentos NO afectan a la coagulación del paciente en tratamiento con anticoagulantes?,Coles de Bruselas.,Mayonesa.,Espinacas.,Leche.,D,Leche.,No Legislación
Cantabria,2024,66,"¿Qué signos y síntomas vigilará la/el enfermera/o en un paciente que ha sufrido una hemorragia subaracnoidea, como posibles complicaciones?",Tromboembolismo pulmonar.,Vasoespasmo cerebral.,Shock hipovolémico.,Edema agudo de pulmón.,B,Vasoespasmo cerebral.,No Legislación
Cantabria,2024,67,"En una situación de parada cardio respiratoria, en presencia de respiración tipo gasping ¿se considera que el paciente está ventilando?","Sí, está ventilando.","No, es considerado como un signo no ventilatorio.",En una parada cardio respiratoria no se debe perder mucho tiempo en valorar la respiración.,"Sí, está ventilando por un hemitórax.",B,"No, es considerado como un signo no ventilatorio.",No Legislación
Cantabria,2024,68,¿Cuál de las siguientes puede ser una causa de contraindicación en el uso del medicamento?:,La patología de base o situación funcional de la persona.,Una interacción.,Una alergia.,Todas las respuestas anteriores son correctas.,D,Todas las respuestas anteriores son correctas.,No Legislación
Cantabria,2024,69,"En relación con el tratamiento con digoxina, es FALSO que:","Actúa directamente a nivel cardiaco, inhibiendo la bomba de sodio-potasio.",Es un inotropo negativo.,"Su toxicidad se manifiesta por taquiarritmias, bradicardias, alteraciones visuales, naúseas, vómitos.",Se controla con niveles plasmáticos.,B,Es un inotropo negativo.,No Legislación
Cantabria,2024,70,"En relación al carbón activado utilizado en intoxicaciones, señale la respuesta CORRECTA:",Es un emético.,Es un adsorbente.,Es un catártico.,Es un diurético.,B,Es un adsorbente.,No Legislación
Cantabria,2024,71,El síndrome neuroléptico maligno aparece en relación con la administración de:,Neurolépticos.,Relajantes musculares.,Anticomiciales.,Antidepresivos.,A,Neurolépticos.,No Legislación
Cantabria,2024,72,"La hiperventilación que se produce en un paciente con acidosis metabólica, caracterizada por una respiración muy profunda y de baja frecuencia, se denomina:",Respiración de Biot.,Respiración de Cheyne-Stokes.,Disnea.,Respiración de Kussmaul.,D,Respiración de Kussmaul.,No Legislación
Cantabria,2024,73,¿Qué medidas están indicadas para el control de la presión intracraneal?,Elevar la cabecera de la cama a 30 grados.,Mantener la temperatura normal del cuerpo.,"Evitar estímulos nocivos (succión excesiva, procedimientos dolorosos…).",Todas son correctas.,D,Todas son correctas.,No Legislación
Cantabria,2024,74,¿Cuál de estos son síntomas tempranos de aumento de la presión intracraneal?,Desorientación y confusión mental.,Disminución de la frecuencia cardiaca y respiratoria.,Puede presentarse vómito en proyectil.,"Pérdida de los reflejos pupilares corneales, nauseoso y de deglución.",A,Desorientación y confusión mental.,No Legislación
Cantabria,2024,75,¿Qué actuaciones NO están indicadas durante una crisis convulsiva?,Procurar evitar lesiones retirando muebles u objetos contra los que se pudiera golpear el paciente.,"Preservar, en la medida de lo posible, la intimidad del paciente.",Tratar de mantener abiertos los maxilares que están contraídos durante el espasmo.,"No tratar de sujetar al individuo durante la crisis, pues sus contracciones musculares son potentes y al sujetarlo se le puede lesionar.",C,Tratar de mantener abiertos los maxilares que están contraídos durante el espasmo.,No Legislación
Cantabria,2024,76,"¿Qué puntuación obtendría un paciente según la escala de coma de Glasgow que abre los ojos al estímulo doloroso, emite sonidos incomprensibles y extiende los brazos ante el estímulo doloroso?",10.,9.,6.,5.,C,6.,No Legislación
Cantabria,2024,77,"El oxígeno está indicado en pacientes con EPOC, pero se emplea con cautela. Los niveles elevados de oxígeno pueden provocar (señale la respuesta FALSA):",Hiperventilación.,Retención de CO2.,Inhibición del estímulo respiratorio.,Inhibición respiratoria por narcosis de CO2.,A,Hiperventilación.,No Legislación
Cantabria,2024,78,¿Cuál NO es un síntoma del edema agudo de pulmón?,El sujeto presenta insuficiencia respiratoria aguda y puede encontrarse confuso y estuporoso.,El paciente presenta una tos con expectoración espumosa teñida de sangre.,El individuo presenta disnea y cianosis central.,El paciente presenta bradipnea.,D,El paciente presenta bradipnea.,No Legislación
Cantabria,2024,79,Entre las intervenciones ante un shock hipovolémico NO se incluyen:,Administrar oxígeno.,Colocar al paciente en decúbito supino con la cabecera elevada 45º.,Mantener al paciente caliente.,Establecer inmediatamente una vía endovenosa.,C,Mantener al paciente caliente.,No Legislación
Cantabria,2024,80,"Respecto a las diferencias entre los tratamientos de cardioversión y desfibrilación, señale la respuesta FALSA:",La cardioversión implica suministrar una corriente eléctrica programada para descargarse en sincronía con la despolarización ventricular (complejo QRS).,La desfibrilación se utiliza en situaciones de emergencia como tratamiento de elección para la fibrilación ventricular y taquicardia ventricular sin pulso.,La desfibrilación repolariza una masa crítica de células miocárdicas de una sola vez. Lo que permite al nodo sinusal recapturar su papel como marcapasos del corazón.,Si la cardioversión es programada puede estar indicada la anticoagulación durante algunas semanas previas a la misma.,C,La desfibrilación repolariza una masa crítica de células miocárdicas de una sola vez. Lo que permite al nodo sinusal recapturar su papel como marcapasos del corazón.,No Legislación
Cantabria,2024,81,¿Cuál es una posible complicación de la diálisis peritoneal?,Peritonitis.,Filtraciones del dializado a través del sitio del catéter.,Sangrado.,Todas son complicaciones de la diálisis peritoneal.,D,Todas son complicaciones de la diálisis peritoneal.,No Legislación
Cantabria,2024,82,"A la hora de realizar un sondaje vesical a una mujer adulta, cuántos centímetros se recomienda introducir la sonda en el meato urinario?",1-2 cm.,3-5 cm.,6-8 cm.,8-10 cm.,B,3-5 cm.,No Legislación
Cantabria,2024,83,¿Cuál de las siguientes NO es una complicación temprana de las fracturas?,Reacción a los dispositivos de fijación interna.,Embolia gaseosa.,Shock hipovolémico.,Síndrome compartimental.,A,Reacción a los dispositivos de fijación interna.,No Legislación
Cantabria,2024,84,¿Cuál de los siguientes NO es un signo o síntoma del síndrome compartimental?,Dolor con el estiramiento pasivo del músculo (o de la parte distal de los dedos).,Dolor desproporcionado a la lesión.,Dolor que no se calma con la analgesia pautada.,Dolor que disminuye con la elevación de la lesión.,D,Dolor que disminuye con la elevación de la lesión.,No Legislación
Cantabria,2024,85,¿Qué tipo de ejercicios se recomendarán a un paciente con una extremidad escayolada para mantener en la medida de lo posible la fuerza muscular de la misma?,Isométricos.,Isotónicos.,Aeróbicos.,Isocinéticos.,A,Isométricos.,No Legislación
Cantabria,2024,86,¿Cuál de los siguientes es un requerimiento mínimo que deben satisfacer todos los donantes de sangre?,Peso corporal superior a 50 kg. para una donación estándar de 450 ml.,"Temperatura oral no superior a 37,5º.",Presión arterial sistólica entre 90 y 180 mmHg y presión diastólica de 50 a 100 mmHg.,Todos son requerimientos mínimos.,D,Todos son requerimientos mínimos.,No Legislación
Cantabria,2024,87,¿Cuál de los siguientes NO es un síntoma de una reacción hemolítica aguda?,Hipotermia.,Escalofríos.,Dorsalgia baja.,Sensación de opresión torácica.,A,Hipotermia.,No Legislación
Cantabria,2024,88,¿Qué recomendaciones le daría a un paciente que tiene que comenzar tratamiento oral con complementos de hierro?,Tomar el hierro con el estómago vacío (1 hora antes de las comidas o 2 horas después de las comidas).,Incrementar el consumo de vitamina C para promover la absorción del hierro.,Consumir alimentos con alto contenido en fibra para prevenir el estreñimiento.,Todas son verdaderas.,D,Todas son verdaderas.,No Legislación
Cantabria,2024,89,¿Cuál de las siguientes es una causa de déficit de vitamina B12?,Consumo insuficiente por dietas vegetarianas estrictas.,Déficit de absorción.,Ausencia de factor intrínseco.,Todas son causas de déficit de vitamina B12.,D,Todas son causas de déficit de vitamina B12.,No Legislación
Cantabria,2024,90,Señale la afirmación FALSA respecto a las características de las neoplasias benignas y malignas:,"En las neoplasias benignas, las células tumorales están bien diferenciadas y se parecen a las células normales del tejido a partir del cual se originó el tumor.",En las neoplasias benignas la tasa de crecimiento por lo común es rápida y depende del nivel de diferenciación.,Las neoplasias malignas penetran en vasos sanguíneos y linfáticos y envían metástasis a otras áreas del cuerpo.,Las neoplasias malignas suelen provocar la muerte si no se controlan.,B,En las neoplasias benignas la tasa de crecimiento por lo común es rápida y depende del nivel de diferenciación.,No Legislación
Cantabria,2024,91,"En el sistema internacional de clasificación de tumores, las consonantes TNM proporcionan información respecto de la etapa clínica en la que se encuentra el tumor. ¿Qué información concreta aporta la N?",Grado de dispersión de las metástasis.,Grado de dispersión a los ganglios linfáticos.,Grado de extensión del tumor primario.,Nivel de diferenciación tumoral.,B,Grado de dispersión a los ganglios linfáticos.,No Legislación
Cantabria,2024,92,"¿Cuál de las siguientes acciones a llevar a cabo en caso de extravasación de un fármaco vesicante, utilizado en el tratamiento quimioterápico, es FALSA?:",Continuar la administración de la medicación bajando el ritmo de infusión hasta que se confirme la extravasación.,Aplicar hielo en la zona (salvo para los alcaloides de la pervinca).,Aspirar de los tejidos todo el fármaco infiltrado que sea posible.,Inyectar una solución neutralizadora en el área para disminuir el daño hístico.,A,Continuar la administración de la medicación bajando el ritmo de infusión hasta que se confirme la extravasación.,No Legislación
Cantabria,2024,93,¿Cuál de los siguientes es un criterio para que el consentimiento informado para una intervención quirúrgica sea válido?:,"El consentimiento válido debe darse libremente, sin coerción.","El paciente firma personalmente el consentimiento si es legalmente competente en cuanto a edad y a facultades mentales, y en caso de menores de edad, pacientes inconscientes o incompetentes, hay que obtenerlo de un familiar responsable o apoderado legal.",Hay que asegurarse de que el consentimiento ha sido firmado antes de administrar medicación psicoactiva que podría afectar al juicio y la capacidad para tomar decisiones.,Todos son criterios de consentimiento informado válido.,D,Todos son criterios de consentimiento informado válido.,No Legislación
Cantabria,2024,94,Señale la afirmación FALSA sobre las fases de la experiencia quirúrgica:,La fase preoperatoria comienza cuando se toma la decisión de proceder con la intervención quirúrgica y termina con transferencia del paciente hacia la mesa del quirófano.,La fase intraoperatoria comienza con la transferencia del paciente a la mesa del quirófano y concluye cuando ingresa a la unidad de hospitalización.,La fase postoperatoria comienza con la transferencia del paciente a la unidad de cuidados postanestésicos y termina con la valoración de la vigilancia en el ambiente clínico o en el hogar.,"La fase perioperatoria es el periodo que constituye la experiencia quirúrgica y que incluye las fases preoperatoria, intraoperatoria y postoperatoria de los cuidados de enfermería.",B,La fase intraoperatoria comienza con la transferencia del paciente a la mesa del quirófano y concluye cuando ingresa a la unidad de hospitalización.,No Legislación
Cantabria,2024,95,¿Cuál de las siguientes NO es una responsabilidad de la enfermera circulante?:,Asegurar el funcionamiento seguro del equipo y la disponibilidad de intrumentos y materiales.,Vigilar que las prácticas sean asépticas para que no se infrinja la técnica de asepsia.,Registrar las actividades específicas durante la intervención para garantizar la seguridad y el bienestar del paciente.,Informar a la familia del resultado del proceso quirúrgico.,D,Informar a la familia del resultado del proceso quirúrgico.,No Legislación
Cantabria,2024,96,¿Cuál de los siguientes es un principio básico de la técnica aséptica?,"El movimiento alrededor de un campo quirúrgico estéril no debe contaminar el campo. Es necesario mantener, al menos, 30 cm de distancia del campo estéril para prevenir contaminación inadvertida.","Las batas del equipo quirúrgico se consideran esterilizadas al frente, del pecho al nivel del campo estéril. Las mangas desde 5 cm arriba del codo hasta el puño de tela elástica.",Se considera que sólo la superficie superior de una mesa cubierta con una sábana estéril se encuentra esterilizada.,Todos son principios básicos de la técnica aséptica.,D,Todos son principios básicos de la técnica aséptica.,No Legislación
Cantabria,2024,97,¿Cuál de las siguientes NO es una característica de las úlceras por presión de grado II?,"En ocasiones se observa abrasión, vesículas o cráter poco profundo.",Pérdida de la integridad de la piel a través de la dermis.,"Se propaga a los tejidos subcutáneos, advirtiéndose un cráter profundo.",Las úlceras por presión de grado II se pueden clasificar en superficiales o profundas.,C,"Se propaga a los tejidos subcutáneos, advirtiéndose un cráter profundo.",No Legislación
Cantabria,2024,98,"¿En qué estadío se encuentra una úlcera por presión que presenta eritema sin decoloración, tejido inflamado, congestión y aumento de la temperatura cutánea de la zona?",Grado I.,Grado II.,Grado III.,Grado IV.,A,Grado I.,No Legislación
Cantabria,2024,99,Señale la afirmación VERDADERA sobre la incapacidad laboral:,"Se trata del resultado de la interacción entre el daño a la salud sufrido por el trabajador, que puede ser una lesión o enfermedad reconocida o no como laboral, y las condiciones de trabajo.","De acuerdo a su duración, puede ser temporal o permanente.","De acuerdo a su etiología puede tratarse de común (enfermedad común y accidente no laboral) o laboral (accidente de trabajo y enfermedad profesional), y conlleva asociadas una protección social de asistencia sanitaria y prestación económica que trata de cubrir la falta de ingresos por la imposibilidad temporal para trabajar.",Todas son características de la incapacidad laboral.,C,"De acuerdo a su etiología puede tratarse de común (enfermedad común y accidente no laboral) o laboral (accidente de trabajo y enfermedad profesional), y conlleva asociadas una protección social de asistencia sanitaria y prestación económica que trata de cubrir la falta de ingresos por la imposibilidad temporal para trabajar.",No Legislación
Cantabria,2024,100,"Según la clasificación que establece el Real Decreto 664/1997 de los agentes biológicos, los pertenecientes al grupo 3 son aquellos que:",Existe tratamiento o vacuna eficaz.,Se transmiten por vía parenteral.,No es posible que se propaguen de forma general.,"No tienen por el momento, tratamiento o vacuna eficaz.",A,Existe tratamiento o vacuna eficaz.,Legislación
Cantabria,2024,101,¿Qué autora describió por primera vez el Proceso de Enfermería?,Lidia Hall (1955).,McCain (1965).,Virginia Henderson (1965).,Ida Jean Orlando (1961).,A,Lidia Hall (1955).,No Legislación
Cantabria,2024,102,"La Práctica Basada en la Evidencia aconseja formular las preguntas de investigación siguiendo el conocido formato PICO, señale qué indican cada uno de sus componentes:","Paciente, Interrogación, Consulta, Objetivo.","Paciente, Intervención, Comparación, Objetivo.","Paciente, Intervención, Comparación, Resultado.","Pronóstico, Intervención, Consulta, Resultados.",C,"Paciente, Intervención, Comparación, Resultado.",No Legislación
Cantabria,2024,103,¿Cómo se denomina la dimensión de la calidad asistencial que relaciona los resultados obtenidos y los costes que genera el servicio prestado?,Utilidad.,Eficiencia.,Eficacia.,Efectividad.,B,Eficiencia.,No Legislación
Cantabria,2024,104,¿Cuál de los siguientes recursos en educación sanitaria ofrece mejores posibilidades de comunicación?,Los trípticos.,Los carteles.,La palabra presencial.,La palabra a través de la televisión o radio.,C,La palabra presencial.,No Legislación
Cantabria,2024,105,El tratamiento para revertir el broncoespasmo infantil se fundamenta en el uso de:,Broncodilatadores inhalados.,Corticoides sistémicos.,Administración de oxígeno.,Todas son correctas.,D,Todas son correctas.,No Legislación
Cantabria,2024,106,¿Cuál de estas definiciones es FALSA?,Apnea: periodo de interrupción de la respiración. Su duración es variable.,Eupnea: frecuencia respiratoria normal (12-18 rpm).,Bradipnea: frecuencia respiratoria más lenta de lo normal (<10 rpm) con ritmo y profundidad normales.,Taquipnea: frecuencia respiratoria rápida y profunda (>30 rpm).,D,Taquipnea: frecuencia respiratoria rápida y profunda (>30 rpm).,No Legislación
Cantabria,2024,107,¿Cuál de las siguientes NO es una complicación relacionada con la implantación de un marcapasos?,Infección local del lugar de colocación del generador.,Hematoma del lugar de implantación del marcapasos.,Hematemesis.,Migración del electrodo del marcapasos.,C,Hematemesis.,No Legislación
Cantabria,2024,108,¿Cuál de estas acciones se realiza para evaluar el funcionamiento de una fístula arteriovenosa en un paciente en tratamiento de hemodiálisis?,Palpar la zona para percibir la vibración.,Auscultar con un estetoscopio para detectar un soplo (ruido de tipo silbido). Esto indica que la fístula es permeable.,"Buscar signos y síntomas de infección: enrojecimiento, edema, dolor, calor o aumento de la temperatura.",Todas son acciones que se realizan para evaluar el funcionamiento de una fístula arteriovenosa.,D,Todas son acciones que se realizan para evaluar el funcionamiento de una fístula arteriovenosa.,No Legislación
Cantabria,2024,109,"Paciente mujer de 80 años que ingresa en la unidad de traumatología por fractura de cadera tras caída en la calle. El estado físico general es regular, está confusa, con movilizaciones voluntarias muy limitadas, debe permanecer encamada y es portadora de pañal por incontinencia urinaria hace más de un año. ¿Qué puntuación obtendría en la Escala de Norton para la valoración de la aparición de úlceras por presión?",14.,5.,10.,19.,C,10.,No Legislación
Cantabria,2024,110,Un factor de riesgo laboral es toda condición de trabajo potencialmente peligrosa que puede ir asociada a un posible daño para la salud del trabajador. Los factores de riesgo pueden ser (señale la respuesta CORRECTA):,"Factores o condiciones de seguridad: son aquellas características de las condiciones de trabajo que están relacionadas con su organización, con su contenido y con la realización de la tarea, y que tienen la capacidad de afectar a la salud (psíquica, física o social) o al bienestar de los trabajadores.","Factores ambientales o de higiene: comprenden los contaminantes físicos (ruido, vibraciones, temperatura, iluminación, radiaciones ionizantes, radiaciones no ionizantes, etc.), químicos y biológicos (bacterias, virus,hongos, protozoos, etc.).","Factores ergonómicos: características de los lugares de trabajo (locales e instalaciones) y equipos de trabajo (máquinas, herramientas, vehículos de transporte, etc.).","Factores de riesgo psicosocial: derivados de las características del trabajo. Incluyen las exigencias que la tarea impone al individuo que las realiza (esfuerzos, manipulación de cargas, posturas de trabajo, movimientos repetitivos, etc.).",B,"Factores ambientales o de higiene: comprenden los contaminantes físicos (ruido, vibraciones, temperatura, iluminación, radiaciones ionizantes, radiaciones no ionizantes, etc.), químicos y biológicos (bacterias, virus,hongos, protozoos, etc.).",No Legislación
