"exam_year","question_number","question_text","option_1","option_2","option_3","option_4","option_5","correct_option_number","correct_option_text","subject_name","section_name"
"2019","1","El voto en la Junta General del Principado de Asturias, según el artículo 27 del Estatuto de Autonomía es:","Personal y no delegable","Personal y secreto","Personal y delegable","Obligatorio","","1","Personal y no delegable","LEGISLACION","DERECHO"
"2019","2","La Ley 41/2002, de 14 de noviembre, establece que el consentimiento por representación se otorgará en los siguientes supuestos:","Cuando el paciente tenga la capacidad modificada judicialmente y así conste en la sentencia","Cuando el paciente menor de edad no sea capaz intelectual ni emocionalmente de comprender el alcance de la intervención","Cuando el paciente no sea capaz de tomar decisiones, a criterio del médico responsable de la asistencia, o su estado físico o psíquico no le permita hacerse cargo de su situación.","Todas son correctas","","4","Todas son correctas","LEGISLACION","DERECHO"
"2019","3","El artículo 37 del Real Decreto legislativo 5/2015, texto refundido del estatuto básico de empleado público, señala tanto materias que son objeto de negociación, como otras que están excluidas de la obligación de negociación. De las cuatro materias que se relacionan, señale aquélla que el referido artículo excluye de la obligación de negociar:","Las propuestas sobre derechos sindicales y de participación.","Los planes de Previsión Social Complementaria.","Los poderes de dirección y control propios de la relación jerárquica.","Las normas que fijen los criterios y mecanismos generales en materia de evaluación del desempeño.","","3","Los poderes de dirección y control propios de la relación jerárquica.","LEGISLACION","DERECHO"
"2019","4","Cuando sea necesario garantizar el funcionamiento permanente y continuado de los centros sanitarios, de acuerdo con la Ley 55/2003, de 16 de diciembre del Estatuto Marco del personal estatutario de los servicios de salud, ¿qué tipo de nombramiento estatutario temporal se formalizará?","Eventual","Interino","Sustitución","Urgente","","1","Eventual","LEGISLACION","DERECHO"
"2019","5","Una enfermera con la condición de personal estatutario fijo accede a una plaza de formación sanitaria especializada mediante residencia en el mismo centro en el que ostenta la plaza en propiedad. De acuerdo con la Ley 55/2003, de 16 de diciembre, del Estatuto Marco del personal estatutario de los servicios de salud, ¿en qué situación administrativa queda en la plaza que ostenta en propiedad?","Servicio activo","Servicios bajo otro régimen jurídico","Excedencia por prestar servicios en el sector público","Servicios especiales","","4","Servicios especiales","LEGISLACION","DERECHO"
"2019","6","¿Cuál de los siguientes no es un órgano institucional del Principado de Asturias?:","El Presidente","La Junta General","La Diputación permanente","El Consejo de Gobierno","","3","La Diputación permanente","LEGISLACION","DERECHO"
"2019","7","La Ley 55/2003, de 16 de diciembre, del Estatuto Marco del personal estatutario de los servicios de salud, establece que toda actuación que suponga discriminación por razones de género es una falta disciplinaria:","Leve","Grave","Muy grave","De apercibimiento","","3","Muy grave","LEGISLACION","DERECHO"
"2019","8","Indique cuántos Delegados de Prevención debe tener una empresa con 1500 trabajadores según establece la Ley 31/1995, de 8 de noviembre, de Prevención de Riesgos Laborales:","3","4","5","6","","3","5","LEGISLACION","DERECHO"
"2019","9","La competencia de orientar y controlar la acción del Consejo de Gobierno del Principado de Asturias, según el Estatuto de Autonomía, recae en:","Los poderes públicos","El Tribunal Superior de Justicia","La Junta General del Principado de Asturias","Los medios de comunicación","","3","La Junta General del Principado de Asturias","LEGISLACION","DERECHO"
"2019","10","El transporte sanitario no urgente, sujeto a prescripción facultativa, por razones clínicas y con un nivel de aportación del usuario acorde al determinado para la prestación farmacéutica, ¿a qué modalidad de la cartera de servicios corresponde?","Cartera común suplementaria del Sistema Nacional de Salud","Cartera común básica de servicios asistenciales del Sistema Nacional de Salud","Cartera común de servicios accesorios del Sistema Nacional de Salud","Cartera de servicios complementaria de las comunidades autónomas","","1","Cartera común suplementaria del Sistema Nacional de Salud","LEGISLACION","DERECHO"
"2019","11","¿Cómo se denomina la demarcación poblacional y geográfica fundamental para la atención primaria de la salud?:","Centro de Salud","Consultorio de Salud","Área de Salud","Zona Básica de Salud","","4","Zona Básica de Salud","LEGISLACION","DERECHO"
"2019","12","El establecimiento de los títulos de Especialistas en Ciencias de la Salud, así como su supresión o cambio de denominación, de conformidad con la Ley 44/2003, de 21 de noviembre de Ordenación de profesiones sanitarias, corresponde al:","Ministerio de Educación, Cultura y Deporte","Ministerio de Sanidad, Consumo y Bienestar social","Gobierno","Conjuntamente al Ministerio de Sanidad y Educación","","3","Gobierno","LEGISLACION","DERECHO"
"2019","13","Según la Ley 16/2003, de 28 de mayo, de Cohesión y Calidad del Sistema Nacional de Salud, el conjunto de iniciativas organizadas por las Administraciones públicas para preservar, proteger y promover la salud de la población define a:","La prestación de salud pública","La prestación de atención sociosanitaria","La prestación ortoprotésica","La prestación de productos dietéticos","","1","La prestación de salud pública","LEGISLACION","DERECHO"
"2019","14","El Decreto 67/2015, de 13 de agosto, establece que es un órgano central de la Consejería de Sanidad:","Agencia de Sanidad Ambiental y Consumo","Consejo de Salud del Principado de Asturias","Secretaría General Técnica","Dirección Gerencia del Servicio de Salud del Principado de Asturias","","3","Secretaría General Técnica","LEGISLACION","DERECHO"
"2019","15","El índice de dependencia global se define como:","La población de 65 y más años con relación a la población menor de 15 años","La relación de la población mayor de 64 años y los menores de 16 años respecto al grupo comprendido entre ambas edades","El porcentaje de población menor de 18 años con relación a la población de 18 a 64 años","El porcentaje de población mayor de 65 años con relación a la población menor de 18 años","","2","La relación de la población mayor de 64 años y los menores de 16 años respecto al grupo comprendido entre ambas edades","LEGISLACION","DERECHO"
"2019","16","El incidente que produce daño al paciente se define en el proyecto SÉNECA como:","Negligencia","Evento adverso","Lesión","Sufrimiento","","2","Evento adverso","LEGISLACION","DERECHO"
"2019","17","El proceso que permite a las personas mejorar su salud y ejercer un mayor control sobre la misma, se define en la carta de Otawa, como:","Educación para la salud","Promoción de la salud","Salud Pública","Calidad de vida","","2","Promoción de la salud","LEGISLACION","DERECHO"
"2019","18","¿Qué escala utilizaremos para valorar la sobrecarga del cuidador?","Escala de Norton","Test de Yesavage","Índice de Katz","Test de Zarit","","4","Test de Zarit","LEGISLACION","DERECHO"
"2019","19","¿Cuál de los siguientes no es un operador booleano?","NOT","OR","YES","AND","","3","YES","LEGISLACION","DERECHO"
"2019","20","¿Cuál es la principal causa de muerte externa entre la población masculina española?:","Suicidio","Caídas accidentales","Accidentes de tráfico","Ahogamiento","","1","Suicidio","LEGISLACION","DERECHO"
"2019","21","La Estrategia para la Nutrición, Actividad Física y Prevención de la Obesidad (NAOS) recomienda, en cuanto a la alimentación:","Promover la utilización de sal yodada","Moderar el consumo de azúcares complejos","No superar el 50% de ingesta diaria de grasas","Reducir el consumo de sal a 15 gramos/día","","1","Promover la utilización de sal yodada","LEGISLACION","DERECHO"
"2019","22","La clasificación de los diagnósticos en la taxonomía II NANDA-I (North American Nursing Diagnosis Association-Internacional) está estructurada a través de:","Diagnósticos enfermeros, dominios y campos","Dominios, clases y diagnósticos enfermeros","Dominios, clases y campos","Diagnósticos enfermeros, campos y clases","","2","Dominios, clases y diagnósticos enfermeros","LEGISLACION","DERECHO"
"2019","23","No es una enfermedad de declaración obligatoria:","Carbunco","Sarcoidosis","Tularemia","Hepatitis A","","2","Sarcoidosis","LEGISLACION","DERECHO"
"2019","24","Los programas de cribado poblacional para la detección precoz del cáncer constituyen una medida de prevención:","Primaria","Secundaria","Terciaria","Cuaternaria","","2","Secundaria","LEGISLACION","DERECHO"
"2019","25","Son fuentes de documentación secundaria:","Los Boletines Oficiales","Las Tesis doctorales","Las Bases de datos bibliográficas","Las Monografías","","3","Las Bases de datos bibliográficas","LEGISLACION","DERECHO"
"2019","26","Una de las estrategias incluidas en el área ""Fomento de la excelencia clínica"" del Plan de Calidad para el Sistema Nacional de Salud es:","Salud y hábitos de vida","Adecuación de los recursos humanos del Sistema Nacional de Salud a las necesidades de los servicios sanitarios","Acreditar y auditar centros y servicios sanitarios","Sanidad en línea","","3","Acreditar y auditar centros y servicios sanitarios","LEGISLACION","DERECHO"
"2019","27","La estrategia para evaluar la calidad asistencial desarrollada por Donabedian se basa en:","Análisis de la estructura, del proceso y de los resultados","Gestión del riesgo y promoción de productos y servicios","Sistematización de indicadores y estándares para la evaluación de la calidad","Planificación, control y mejora de la calidad","","1","Análisis de la estructura, del proceso y de los resultados","LEGISLACION","DERECHO"
"2019","28","De los siguientes estudios de investigación, ¿cuáles pertenecen a la categoría de estudios analíticos observacionales?","Estudios de prevalencia","Estudios transversales","Estudios descriptivos","Estudios de casos y controles","","4","Estudios de casos y controles","LEGISLACION","DERECHO"
"2019","29","En Educación para la salud, una intervención de tipo oportunista, de 2 a 10 minutos de duración, que incluye información y una propuesta motivadora de cambio, aprovechando una consulta o encuentro profesional, se denomina:","Recomendación","Consejo breve","Entrevista individual","Sugerencia","","2","Consejo breve","LEGISLACION","DERECHO"
"2019","30","Según el calendario común de vacunación infantil del Consejo Interterritorial del Sistema Nacional de Salud, a los 4 meses de edad se recomienda la vacunación de los niños frente a:","Difteria. Tétanos. Tosferina. Poliomielitis. Haemophilus influenzae tipo b. Neumococo.","Hepatitis B. Tétanos. Difteria. Tosferina. Poliomielitis. Haemophilus influenzae tipo b. Neumococo.","Hepatitis B. Difteria. Tétanos. Tosferina. Poliomielitis. Haemophilus influenzae tipo b. Neumococo. Meningococo C","Sarampión. Rubeola. Parotiditis. Meningococo C","","3","Hepatitis B. Difteria. Tétanos. Tosferina. Poliomielitis. Haemophilus influenzae tipo b. Neumococo. Meningococo C","LEGISLACION","DERECHO"
"2019","31","¿A qué fase del Proceso de Atención de Enfermería corresponde la selección de las intervenciones?:","Valoración","Diagnóstico","Planificación","Evaluación","","3","Planificación","LEGISLACION","DERECHO"
"2019","32","En el Proyecto SÉNECA el grado en el que un sistema previene, detecta, mitiga o mejora continuamente peligros o incidentes, se denomina:","Calidad","Seguridad","Resiliencia","Medida de mejora","","3","Resiliencia","LEGISLACION","DERECHO"
"2019","33","Cuando hay un conflicto entre los principios éticos se establece una jerarquía entre ellos. Los principios que tienen prioridad son:","Autonomía y justicia","Beneficencia y autonomía","No maleficencia y justicia","Beneficencia y justicia","","3","No maleficencia y justicia","LEGISLACION","DERECHO"
"2019","34","¿Qué medición antropométrica utilizará para determinar las reservas de grasa?:","La circunferencia media del brazo","La medida del pliegue cutáneo","La circunferencia media del músculo del brazo","El índice de Masa Corporal","","2","La medida del pliegue cutáneo","LEGISLACION","DERECHO"
"2019","35","La vía de transmisión del Herpes zóster diseminado es:","Por contacto","Aérea","Por gotitas","a y b son correctas","","4","a y b son correctas","LEGISLACION","DERECHO"
"2019","36","El conjunto mínimo de datos que debe tener el Informe de Cuidados de Enfermería no incluye:","Valoración activa","Causas que genera la actuación enfermera","Enfermedades previas","Motivo de Alta/Derivación Enfermera","","3","Enfermedades previas","LEGISLACION","DERECHO"
"2019","37","La probabilidad de que una persona con un resultado negativo en una prueba diagnóstica esté realmente sano se denomina:","Valor predictivo positivo","Valor predictivo negativo","Sensibilidad","Prevalencia","","2","Valor predictivo negativo","LEGISLACION","DERECHO"
"2019","38","En la estrategia por una alimentación equilibrada, un cuarto del ""Plato saludable"" está ocupado por:","Proteínas","Verduras","Frutas","Hortalizas","","1","Proteínas","LEGISLACION","DERECHO"
"2019","39","En el contexto de una infección por un agente patógeno que se transmite por gotitas, indique la opción incorrecta:","Se pueden ubicar a los pacientes por cohortes si comparten el mismo diagnóstico etiológico","Un ejemplo de agente patógeno que se transmite por gotitas es el virus de Influenza Humana A","El equipo de protección personal debe utilizarse cuando se trabaja dentro de un radio de 1 metro alrededor del paciente","La prevención de la transmisión exige una manipulación especial del aire y de la ventilación","","4","La prevención de la transmisión exige una manipulación especial del aire y de la ventilación","LEGISLACION","DERECHO"
"2019","40","El empleo de carbón activado como descontaminante no está indicado en la ingesta reciente de qué fármaco:","Fenobarbital","Carbamazepina","Litio","Teofilina","","3","Litio","LEGISLACION","DERECHO"
"2019","41","¿Cómo se denominan las claves o inferencias observables que se agrupan como manifestaciones de un diagnóstico real, de salud o de promoción de la salud?","Etiquetas diagnósticas","Características definitorias","Factores de riesgo","Factores relacionados","","2","Características definitorias","LEGISLACION","DERECHO"
"2019","42","La ceguera nocturna por empeoramiento de la adaptación a la oscuridad es un síntoma temprano de déficit de:","Vitamina A","Vitamina B","Vitamina C","Vitamina E","","1","Vitamina A","LEGISLACION","DERECHO"
"2019","43","¿Cuál de las siguientes enfermedades no está incluida en el programa de cribado neonatal de enfermedades endocrino-metabólicas?","Fibrosis quística","Anemia megaloblástica","Acidemia glutárica tipo I","Déficit de acil coenzima A deshidrogenasa de cadena media","","2","Anemia megaloblástica","LEGISLACION","DERECHO"
"2019","44","Indique la secuencia correcta para ponerse un equipo de protección personal compuesto por mascarilla, bata, guantes y gafas protectoras cuando administra cuidados a un paciente que tiene una infección transmisible:","Guantes - gafas protectoras - bata - mascarilla","Bata - mascarilla - gafas protectoras - guantes","Mascarilla - bata - gafas protectoras - guantes","El orden en el que se coloca el equipo de protección personal es irrelevante","","2","Bata - mascarilla - gafas protectoras - guantes","LEGISLACION","DERECHO"
"2019","45","Se consideran signos de amamantamiento adecuado todos los señalados a continuación excepto:","El bebé se acerca al pecho con la nariz frente al pezón","Más areola visible por encima del labio superior","Se oyen ruidos de chupeteo o chasquidos","La madre siente sed, relajación o somnolencia","","3","Se oyen ruidos de chupeteo o chasquidos","LEGISLACION","DERECHO"
"2019","46","Se define recién nacido prematuro como aquel que nace:","Antes de los 245 días contados a partir del primer día de la última regla","Antes de los 252 días contados a partir del primer día de la última regla","Antes de los 259 días contados a partir del primer día de la última regla","Antes de los 266 días contados a partir del primer día de la última regla","","3","Antes de los 259 días contados a partir del primer día de la última regla","LEGISLACION","DERECHO"
"2019","47","Dentro de los ""5 momentos"" para la higiene de las manos recomendados por la Organización Mundial de la Salud, ""después de la exposición a líquidos corporales"" ¿a qué momento corresponde?:","Momento 2","Momento 3","Momento 4","Momento 5","","2","Momento 3","LEGISLACION","DERECHO"
"2019","48","Ante una mujer de 20 años que presenta leucorrea vaginal abundante, amarillenta, espumosa y con burbujas de aire, debe sospecharse infección por:","Neisseria Gonorrhoeae","Trichomonas vaginalis","Cándida Albicans","Gardnerella vaginalis","","2","Trichomonas vaginalis","LEGISLACION","DERECHO"
"2019","49","Indique con qué se inicia la secuencia de acciones para la realización de Soporte Vital Básico/DEA (desfibrilación externa automatizada) por un reanimador entrenado para tratar un adulto víctima de parada cardiaca:","Evaluar a la víctima, sacudiéndola suavemente por los hombros","Garantizar la seguridad del reanimador, víctima y cualquier testigo","Mirar, escuchar y sentir la respiración normal","Abrir la vía aérea, colocando a la víctima en decúbito supino","","2","Garantizar la seguridad del reanimador, víctima y cualquier testigo","LEGISLACION","DERECHO"
"2019","50","¿Cómo se denomina el umbral a partir del cual la pérdida de la reserva fisiológica y de la capacidad de adaptación del organismo empieza a ser insuficiente para mantener la independencia y conlleva el riesgo de perderla?:","Demencia","Fragilidad","Discapacidad","Minusvalía","","2","Fragilidad","LEGISLACION","DERECHO"
"2019","51","¿Cuándo no está indicada la elección de un apósito hidrocoloide para el cuidado de una herida?","En últimas fases de granulación y epitelización","En lesiones infectadas o con signos de elevada carga bacteriana","Como protección de la piel en zonas de roce o fricción","En la curación de heridas o úlceras de grado I","","2","En lesiones infectadas o con signos de elevada carga bacteriana","LEGISLACION","DERECHO"
"2019","52","La siguiente gasometría: pH 7,50; PaCO2 40 mmHg; HCO3 35 mEq/l, PaO2 100 mmHg, ¿qué alteración representa?","Acidosis respiratoria","Alcalosis respiratoria","Acidosis metabólica","Alcalosis metabólica","","4","Alcalosis metabólica","LEGISLACION","DERECHO"
"2019","53","¿En qué estadio de Tanner de desarrollo puberal incluiría la aparición del brote mamario?","Estadio 1 (M1)","Estadio 2 (M2)","Estadio 3 (M3)","Estadio 4 (M4)","","2","Estadio 2 (M2)","LEGISLACION","DERECHO"
"2019","54","Indique qué afirmación es correcta según la escalera analgésica de la Organización Mundial de la Salud para el tratamiento del dolor:","Los Corticoides son analgésicos del primer escalón","El Paracetamol no tiene techo analgésico","Los Anticonvulsivantes son coanalgésicos indicados en dolor neuropático","La Morfina se puede asociar con Tramadol","","3","Los Anticonvulsivantes son coanalgésicos indicados en dolor neuropático","LEGISLACION","DERECHO"
"2019","55","En la anorexia nerviosa restrictiva, el paciente:","Provoca habitualmente el vómito","Realiza purgas con frecuencia","No recurre regularmente a atracones","Hace uso excesivo de laxantes","","3","No recurre regularmente a atracones","LEGISLACION","DERECHO"
"2019","56","Una negación del fallecimiento con una esperanza infundada de retorno del finado, padeciendo un intenso cuadro de ansiedad y deteniéndose la evolución del duelo en la primera fase, se denomina duelo patológico:","Ausente o retardado","Enmascarado","Inhibido","Crónico","","1","Ausente o retardado","LEGISLACION","DERECHO"
"2019","57","En la escala de coma de Glasgow, la respuesta motora puede obtener una puntuación máxima de:","3","4","5","6","","4","6","LEGISLACION","DERECHO"
"2019","58","Los menores de edad deberán utilizar sistemas de retención infantil en el vehículo cuando su estatura sea igual o inferior a:","150 centímetros","140 centímetros","135 centímetros","120 centímetros","","3","135 centímetros","LEGISLACION","DERECHO"
"2019","59","¿Cómo se denomina la regla que se usa frecuentemente para clasificar las quemaduras según su extensión y valorar grandes superficies de un modo rápido en niños?:","Regla de Lund y Browder","Regla de Wallace","Regla de los 9","Regla de Benaim","","1","Regla de Lund y Browder","LEGISLACION","DERECHO"
"2019","60","Indique la opción correcta de la posición de los electrodos de un electrocardiograma convencional:","La derivación V3 se sitúa en la línea axilar anterior, 5º espacio intercostal","La derivación V4 se sitúa en la línea media clavicular, 5º espacio intercostal","La derivación V1 se sitúa en el cuarto espacio intercostal izquierdo","La derivación V6 se sitúa en el borde esternal izquierdo, 4º espacio intercostal","","2","La derivación V4 se sitúa en la línea media clavicular, 5º espacio intercostal","LEGISLACION","DERECHO"
"2019","61","¿Cuál de las siguientes actuaciones frente a una exposición accidental al VIH no es correcto realizar?:","En caso de exposición percutánea, permitir el sangrado","En caso de contaminación cutánea, lavar con agua y jabón","En caso de exposición sexual, lavar las mucosas con ""ducha-chorro de agua""","En caso de contaminación percutánea, aplicar un agente cáustico","","4","En caso de contaminación percutánea, aplicar un agente cáustico","LEGISLACION","DERECHO"
"2019","62","La población diana incluida en el Programa de Detección Precoz de Cáncer Colorrectal es la comprendida:","Entre 55 y 69 años","Entre 50 y 69 años","Entre 50 y 65 años","Todas las opciones son falsas","","2","Entre 50 y 69 años","LEGISLACION","DERECHO"
"2019","63","¿Qué debe confirmar verbalmente el profesional de enfermería en la última fase del listado de verificación de la seguridad de la cirugía?","La identidad del paciente y el sitio quirúrgico","Si se ha confirmado la esterilidad","Si existen problemas relacionados con el instrumental y los equipos","El etiquetado de las muestras","","4","El etiquetado de las muestras","LEGISLACION","DERECHO"
"2019","64","¿Cómo se denomina el desbridamiento que se produce naturalmente en lesiones por presión cuando el entorno de la herida es húmedo?:","Mecánico","Enzimático","Autolítico","Autólogo","","3","Autolítico","LEGISLACION","DERECHO"
"2019","65","¿Cuál es el antídoto de elección ante una intoxicación por Opiáceos?:","Atropina","Flumazenilo","Naloxona","Mepivacaína","","3","Naloxona","LEGISLACION","DERECHO"
"2019","66","¿Cuál es el riesgo de desarrollar una úlcera por presión, si realizamos la escala de Braden a un paciente y obtenemos un resultado de 14 puntos?","Sin riesgo","Bajo","Moderado","Alto","","3","Moderado","LEGISLACION","DERECHO"
"2019","67","En función de su etiopatogenia, el ictus isquémico se clasifica como:","Cardioembólico, lacunar, subaracnoideo, de causa inhabitual y de origen indeterminado","Aterotrombótico, cardioembólico, lacunar, de causa inhabitual y de origen indeterminado","Aterotrombótico, focal, global, de origen indeterminado y de causa inhabitual","Aterotrombótico, cardioembólico, lacunar, intracerebral y de origen indeterminado","","2","Aterotrombótico, cardioembólico, lacunar, de causa inhabitual y de origen indeterminado","LEGISLACION","DERECHO"
"2019","68","La actividad de salud pública que tiene como objetivo identificar, cuantificar, evaluar y prevenir los riesgos asociados al uso de los medicamentos una vez comercializados se denomina:","Farmacocinética","Farmacopea","Farmacovigilancia","Farmacoepidemiología","","3","Farmacovigilancia","LEGISLACION","DERECHO"
"2019","69","El diagnóstico de Diabetes tipo 2 viene definido por dos determinaciones sanguíneas en ayunas en dos días diferentes con un valor igual o mayor de:","110 mg/dl","120 mg/dl","126 mg/dl","140 mg/dl","","3","126 mg/dl","LEGISLACION","DERECHO"
"2019","70","Indique cuál es un signo clínico de una fractura de cuello de fémur:","Alargamiento y rotación externa del miembro afectado","Alargamiento y rotación interna del miembro afectado","Acortamiento y rotación interna del miembro afectado","Acortamiento y rotación externa del miembro afectado","","4","Acortamiento y rotación externa del miembro afectado","LEGISLACION","DERECHO"
"2019","71","En la interpretación de una espirometría, cuando la FVC (Capacidad Vital Forzada) y el FEV1 (Volumen espiratorio forzado en el primer segundo) son menores de un 80% de su valor teórico y la relación FEV1/FVC es normal, estamos hablando de un patrón espirométrico:","Obstructivo","Restrictivo","Mixto","Hiperreactivo","","2","Restrictivo","LEGISLACION","DERECHO"
"2019","72","¿Qué representa la Onda T de un electrocardiograma?","La despolarización auricular","La repolarización ventricular","La despolarización ventricular","Se desconoce su significado","","2","La repolarización ventricular","LEGISLACION","DERECHO"
"2019","73","¿Cuál de las siguientes manifestaciones no constituye un cambio fisiológico-funcional relacionado con el envejecimiento?","Disminución de la secreción gástrica","Aumento en la capacidad de coordinación y de control muscular","Mayor facilidad para las heridas ante pequeños traumas","Aumento de la resistencia a la insulina","","2","Aumento en la capacidad de coordinación y de control muscular","LEGISLACION","DERECHO"
"2019","74","El grado en el que los servicios de salud prestados a personas y poblaciones aumentan la probabilidad de que se produzcan los efectos buscados en la salud y son coherentes con los conocimientos profesionales del momento, se define, en el Proyecto SÉNECA, como:","Confianza","Calidad","Resiliencia","Evento","","2","Calidad","LEGISLACION","DERECHO"
"2019","75","¿En qué tipo de colostomías está indicado el uso de una irrigación?","Colostomías terminales sigmoideas","Colostomías con prolapso","Ileostomías","Colostomías ascendentes","","1","Colostomías terminales sigmoideas","LEGISLACION","DERECHO"
"2019","76","¿Cuál de los siguientes apósitos es eficaz en el cuidado de una herida crónica con presencia de signos de infección y biofilm?","Apósitos de plata","Apósitos de cadexómero yodado","Apósitos de miel","Todas las anteriores son correctas","","4","Todas las anteriores son correctas","LEGISLACION","DERECHO"
"2019","77","En el Proyecto SÉNECA los Indicadores Clave medidos a través de Historias Clínicas incluyen:","Pacientes que perciben que han participado en las decisiones sobre su enfermedad","Pacientes que perciben accesibilidad física segura","Pacientes dados de alta sin informe de continuidad de cuidados","Todas son correctas","","3","Pacientes dados de alta sin informe de continuidad de cuidados","LEGISLACION","DERECHO"
"2019","78","¿Qué tipo de anemia provoca el déficit de vitamina B12?","Anemia hemolítica","Anemia megaloblástica","Talasemia","Anemia ferropénica","","2","Anemia megaloblástica","LEGISLACION","DERECHO"
"2019","79","En la escala de Maddox de valoración de flebitis, la existencia de dolor en el sitio de punción, eritema y/o inflamación, sin cordón venoso palpable ni induración, se corresponde con:","Grado 0","Grado 1","Grado 2","Grado 3","","3","Grado 2","LEGISLACION","DERECHO"
"2019","80","¿Cómo se denomina el trastorno de la conducta alimentaria caracterizado por la ingesta de sustancias no nutritivas?","Coprofagia","Potomanía","Mericismo","Alotriofagia","","4","Alotriofagia","LEGISLACION","DERECHO"
"2019","81","¿De quién depende orgánicamente la Unidad de Evaluación en Calidad del Servicio de Salud del Principado de Asturias?:","La Gerencia del Área Sanitaria","La Dirección de Atención Sanitaria y Salud Pública del Área Sanitaria","La Unidad de Certificación de Calidad de la Consejería de Sanidad","Todas las respuestas anteriores son falsas","","4","Todas las respuestas anteriores son falsas","LEGISLACION","DERECHO"
"2019","82","El Decreto 67/2015, de 13 de agosto, establece que la dirección estratégica de las políticas de calidad en el entorno sanitario es competencia de:","La Secretaría General Técnica","La Dirección General de Salud Pública","La Dirección General de Planificación Sanitaria","La Dirección General de Política Sanitaria","","3","La Dirección General de Planificación Sanitaria","LEGISLACION","DERECHO"
"2019","83","Ante una extravasación de una perfusión de Vincristina, el profesional de enfermería aplicará:","Calor","Frío húmedo","Frío seco","No se aplica nada","","1","Calor","LEGISLACION","DERECHO"
"2019","84","Según el Decreto 67/2015, de Estructura orgánica básica de la Consejería de Sanidad del Principado de Asturias, el órgano de asesoramiento del titular de la Consejería en materias relacionadas con la salud pública y la sanidad, con la intención de fomentar una adecuada gobernanza del sistema sanitario público, es:","El Consejo de Dirección","El Consejo de Salud del Principado de Asturias","El Consejo Asesor de Sanidad del Principado de Asturias","El Consejo Desconcentrado del Servicio de Salud del Principado de Asturias","","3","El Consejo Asesor de Sanidad del Principado de Asturias","LEGISLACION","DERECHO"
"2019","85","La Desinfección de Alto Nivel está especialmente indicada para:","Material semicrítico","Material crítico","Material considerado no crítico","Suelos, superficies, mobiliario","","1","Material semicrítico","LEGISLACION","DERECHO"
"2019","86","Cuando deba obtener una muestra de sangre para una gasometría arterial es cierto que:","Debe realizar previamente el test de Allen si la punción se realiza en la arteria radial","Las principales arterias a puncionar son, por este orden, radial, cefálica, humeral y femoral","Si se punciona la arteria femoral, el ángulo de inclinación de la aguja debe ser de 45°","a y b son correctas","","1","Debe realizar previamente el test de Allen si la punción se realiza en la arteria radial","LEGISLACION","DERECHO"
"2019","87","Los principios de la bioética, respeto a las personas, beneficencia y justicia, quedan recogidos en un primer documento denominado:","Código Deontológico","Declaración de Helsinki de 1964","Informe Belmont","Convenio de Oviedo de 1997","","3","Informe Belmont","LEGISLACION","DERECHO"
"2019","88","En la utilización de productos para el cuidado de la piel sana, frágil y perilesional es cierto que:","Los ácidos grasos hiperoxigenados (AGHO) se extienden aplicando un masaje para favorecer la absorción del producto","El uso de pomadas de zinc como producto barrera permite la visualización de la piel y la adhesividad de otros productos","Los AGHO son útiles en la prevención de lesiones por presión","Se pueden utilizar productos barrera alcohólicos si no existe evidencia de lesión dérmica","","3","Los AGHO son útiles en la prevención de lesiones por presión","LEGISLACION","DERECHO"
"2019","89","Indique qué es necesario realizar a un paciente que ha ingerido un producto doméstico de limpieza compuesto por amoniaco:","Administrar eméticos","Realizar lavado gástrico con carbón activado","Administrar catárticos","Ninguna de las opciones está indicada","","4","Ninguna de las opciones está indicada","LEGISLACION","DERECHO"
"2019","90","¿A qué clasificación de residuos sanitarios pertenecen las bolsas de colostomía?:","Grupo II","Grupo III","Grupo IV","Grupo V","","1","Grupo II","LEGISLACION","DERECHO"
"2019","91","Los efectos perjudiciales de un fármaco sobre un organismo o tejido debidos a una dosis excesiva, a la ingestión de un fármaco pensado para un uso externo y a la acumulación del medicamento en la sangre debido a una alteración del metabolismo o la excreción, se denomina:","Alergia a los fármacos","Tolerancia farmacológica","Reacción anafiláctica","Toxicidad farmacológica","","4","Toxicidad farmacológica","LEGISLACION","DERECHO"
"2019","92","El aumento de la permeabilidad glomerular, que se traduce en proteinuria masiva e hipoalbuminemia y que se acompaña de forma variable de edema, hiperlipemia y lipiduria, se designa como:","Glomerulonefritis","Insuficiencia renal aguda","Síndrome nefrótico","Hidronefrosis","","3","Síndrome nefrótico","LEGISLACION","DERECHO"
"2019","93","Indique cuál, de los siguientes grupos de fármacos, no está relacionado con el desencadenamiento o agravamiento de la incontinencia urinaria en un anciano:","Sedantes","Diuréticos","Bloqueantes del calcio","Antitérmicos","","4","Antitérmicos","LEGISLACION","DERECHO"
"2019","94","Es un anestésico general volátil:","Midazolam","Sevofluorano","Propofol","Ketamina","","2","Sevofluorano","LEGISLACION","DERECHO"
"2019","95","¿Qué respuesta es correcta con relación a una infección por virus de Hepatitis A?:","La principal vía de transmisión es la materno-fetal","El hombre y los animales de granja son sus reservorios","Tiene una probabilidad muy alta de derivar en cirrosis","Todas las respuestas son falsas","","4","Todas las respuestas son falsas","LEGISLACION","DERECHO"
"2024","1","¿Qué fomentarán los poderes públicos según la redacción del artículo 43 de la Constitución?","La salud pública y los hábitos saludables de vida.","Las actividades preventivas de la salud, incluyendo el ejercicio físico y la alimentación saludable.","La educación sanitaria, la educación física y el deporte.","El uso racional de los servicios y recursos sanitarios.","","3","La educación sanitaria, la educación física y el deporte.","LEGISLACION","DERECHO"
"2024","2","¿Cuál de éstos no es un órgano institucional del Principado de Asturias, según la Ley Orgánica 7/1981, del Estatuto de Autonomía del Principado de Asturias?","La Junta General.","El Consejo de Gobierno.","El Presidente.","El Tribunal Superior de Justicia.","","4","El Tribunal Superior de Justicia.","LEGISLACION","DERECHO"
"2024","3","Conforme a la Ley 41/2002, de Autonomía del Paciente, el consentimiento informado será:","Verbal por regla general, si bien la Ley añade los casos en los que ha de ser escrito.","Verbal en todo caso.","Escrito en todo caso.","Escrito por regla general, si bien la Ley añade los casos en los que bastará la forma verbal.","","1","Verbal por regla general, si bien la Ley añade los casos en los que ha de ser escrito.","LEGISLACION","DERECHO"
"2024","4","¿Cuál de estas modalidades no integra la cartera común de servicios del Sistema Nacional de Salud?","Cartera común básica de servicios asistenciales.","Cartera común suplementaria.","Cartera de servicios complementaria.","Cartera de servicios accesorios.","","3","Cartera de servicios complementaria.","LEGISLACION","DERECHO"
"2024","5","¿Cuál de las siguientes no aparece descrita como profesión sanitaria de nivel de diplomados en la Ley de ordenación de las profesiones sanitarias?","Ópticos-optometristas.","Higienistas dentales.","Logopedas.","Fisioterapeutas.","","2","Higienistas dentales.","LEGISLACION","DERECHO"
"2024","6","¿Qué se puede concertar en materia de negociación colectiva de los empleados públicos, según el Texto Refundido del Estatuto Básico del Empleado Público?","Pactos y Acuerdos.","Convenios Colectivos.","Pactos y Convenios Colectivos.","Solo Pactos.","","1","Pactos y Acuerdos.","LEGISLACION","DERECHO"
"2024","7","El personal estatutario temporal:","Firma contratos temporales de trabajo.","Tiene un nombramiento temporal, y no un contrato de trabajo.","Tiene un nombramiento temporal, que se formaliza a través de un contrato de trabajo.","Tiene un nombramiento o un contrato, son términos equivalentes y, por tanto, se pueden utilizar de forma alternativa.","","2","Tiene un nombramiento temporal, y no un contrato de trabajo.","LEGISLACION","DERECHO"
"2024","8","¿Cuál de las siguientes no es una situación administrativa del personal estatutario?","Servicios especiales.","Servicios bajo otro régimen jurídico.","Suspensión de funciones.","Comisión de Servicios.","","4","Comisión de Servicios.","LEGISLACION","DERECHO"
"2024","9","Conforme a la definición del Decreto 7/2013, sobre tiempo de trabajo y régimen de descansos en el ámbito de los centros e instituciones del SESPA, el personal que realiza su jornada laboral entre las 8 y las 22 horas, en horario de mañana y tarde, de lunes a viernes, señale el turno correcto:","Turno rotatorio de mañanas y tardes.","Turno rotatorio.","Turno fijo diurno.","Turno diurno rotatorio.","","3","Turno fijo diurno.","LEGISLACION","DERECHO"
"2024","10","El tratamiento de los datos personales de un menor de edad, conforme a la Ley Orgánica 3/2018, únicamente podrá fundarse en su consentimiento cuando:","Sea mayor de 14 años.","Sea emancipado o mayor de 16 años.","Sea mayor de 16 años.","Sea mayor de 18 años.","","1","Sea mayor de 14 años.","LEGISLACION","DERECHO"
"2024","11","En relación con los datos personales, ¿cuál de los siguientes no está contemplado como un derecho de las personas?","Acceso.","Rectificación.","Limitación del tratamiento.","Interoperatividad.","","4","Interoperatividad.","LEGISLACION","DERECHO"
"2024","12","La Ley de Salud del Principado de Asturias no menciona, en su capítulo de ordenación territorial:","Las Áreas de Salud.","Las Gerencias de Salud.","Las Zonas Básicas y Especiales de Salud.","Los Distritos de Salud.","","2","Las Gerencias de Salud.","LEGISLACION","DERECHO"
"2024","13","¿Cuál de éstos no es un órgano central de la Dirección Gerencia del SESPA?","Secretaría General.","Dirección de Atención y Evaluación Sanitaria.","Dirección de Salud Mental.","Dirección de Salud Pública.","","4","Dirección de Salud Pública.","LEGISLACION","DERECHO"
"2024","14","¿Cuál es el plazo general de conservación de la documentación clínica?","Cinco años contados desde la fecha del alta de cada proceso asistencial o desde el fallecimiento del paciente.","Cinco años contados desde la fecha de creación o incorporación del documento.","Diez años contados desde la fecha del alta de cada proceso asistencial o desde el fallecimiento del paciente.","Diez años contados desde la fecha de creación o incorporación del documento.","","1","Cinco años contados desde la fecha del alta de cada proceso asistencial o desde el fallecimiento del paciente.","LEGISLACION","DERECHO"
"2024","15","Si nos referimos al mapa sanitario de Asturias, señale la respuesta correcta:","Está configurado por ocho Zonas Básicas de salud.","Está configurado por tres Zonas Básicas de salud.","Está configurado por ocho Áreas de Salud.","Está configurado por tres Áreas de Salud.","","3","Está configurado por ocho Áreas de Salud.","LEGISLACION","DERECHO"
"2024","16","¿Cuál de los siguientes grupos no se incluye en los grupos de obligaciones morales que establece el Código Deontológico de la Enfermería Española?","La Enfermera/o y el ser humano.","La Enfermera/o y la sociedad.","La Enfermera/o y la salud.","La Enfermera/o y el ejercicio profesional.","","3","La Enfermera/o y la salud.","LEGISLACION","DERECHO"
"2024","17","La obligación de prevenir el daño, eliminar el daño o hacer el bien a otros, ¿a qué principio fundamental de la bioética se corresponde?","Justicia.","Beneficencia.","No maleficencia.","Auxilio.","","2","Beneficencia.","LEGISLACION","DERECHO"
"2024","18","¿Cuál de los siguientes sistemas se utiliza para evaluar la calidad de la evidencia y formular las recomendaciones?","GRADE.","CINAHL.","CUIDEN.","SciELO.","","1","GRADE.","LEGISLACION","DERECHO"
"2024","19","Señale la opción incorrecta sobre las Guías de Buenas Prácticas elaboradas por La Asociación de Enfermeras y Enfermeros Registrados de Ontario (RNAO):","Son documentos desarrollados sistemáticamente y basados en la evidencia.","Promueven la coherencia y la excelencia en los cuidados clínicos.","Se elaboran siguiendo rigurosas normas nacionales de desarrollo.","Promueven entornos de trabajo saludables.","","3","Se elaboran siguiendo rigurosas normas nacionales de desarrollo.","LEGISLACION","DERECHO"
"2024","20","El Método Hanlon de priorización de problemas establece cuatro criterios que permiten definir las prioridades en salud, señale cuál no es uno de esos criterios:","Magnitud.","Equidad.","Gravedad.","Factibilidad.","","2","Equidad.","LEGISLACION","DERECHO"
"2024","21","El total de defunciones de menores de un año de vida, pertenecientes a un determinado ámbito, por cada 1.000 nacidos vivos en ese ámbito, se denomina:","Tasa de mortalidad infantil.","Tasa de mortalidad infantil neonatal.","Tasa de mortalidad infantil neonatal temprana.","Tasa de mortalidad perinatal.","","1","Tasa de mortalidad infantil.","LEGISLACION","DERECHO"
"2024","22","El criterio común que deberá reunir toda experiencia para ser considerada una Buena Práctica con el que obtiene resultados positivos en condiciones reales se denomina:","Innovación.","Eficiencia.","Evaluación.","Efectividad.","","4","Efectividad.","LEGISLACION","DERECHO"
"2024","23","El Proyecto de Normalización de las Intervenciones para la Práctica de la Enfermería que pretende desarrollar un instrumento de mejora continua de la calidad de los cuidados de enfermería, se denomina:","Proyecto ENEAS.","Proyecto NIPE.","Proyecto SENECA.","Proyecto NOIPRE.","","2","Proyecto NIPE.","LEGISLACION","DERECHO"
"2024","24","Señale cuál es una técnica educativa de investigación en el aula utilizada en educación para la salud:","Panel de expertos.","Lectura con discusión.","Rejilla.","Simulación operativa.","","3","Rejilla.","LEGISLACION","DERECHO"
"2024","25","Cualquier factor identificado por personas, grupos y comunidades como apoyo para mantener y sostener la salud y el bienestar, se denomina:","Activo para la salud.","Recurso para la salud.","Agente comunitario.","Encuesta de salud.","","1","Activo para la salud.","LEGISLACION","DERECHO"
"2024","26","Señale la opción correcta:","Es un tipo de Diagnóstico en la Taxonomía II de la NANDA-I, el Diagnóstico de Promoción de la Salud.","Es un componente de los resultados NOC una escala Likert de 4 puntos.","En la Taxonomía II de la NANDA-I la clase es una esfera de actividad, estudio o interés.","Las NIC son los resultados obtenidos por el paciente.","","1","Es un tipo de Diagnóstico en la Taxonomía II de la NANDA-I, el Diagnóstico de Promoción de la Salud.","LEGISLACION","DERECHO"
"2024","27","¿Cuál de los siguientes es un método sistemático para organizar los datos obtenidos en la fase de valoración del Proceso de Atención de Enfermería?","Patrones funcionales de Salud de M. Gordon.","Relaciones Interpersonales de J. Watson.","Autocuidado de H. Peplau.","Cuidados transpersonales de D. Orem.","","1","Patrones funcionales de Salud de M. Gordon.","LEGISLACION","DERECHO"
"2024","28","¿Cuál no es una función básica del Equipo de Soporte de Atención Domiciliaria (ESAD)?","Apoyar a los Equipos de Atención Primaria en situaciones específicas de atención domiciliaria en Cuidados Paliativos.","Participar en actividades formativas en Cuidados Paliativos.","Atención Hospitalaria en Cuidados Paliativos.","Investigación en Cuidados Paliativos.","","3","Atención Hospitalaria en Cuidados Paliativos.","LEGISLACION","DERECHO"
"2024","29","¿Cómo se denomina la consulta realizada por iniciativa de un profesional sanitario para atender, con enfoque integral y biopsicosocial, problemas de salud complejos o crónicos, o para el seguimiento de determinados programas de salud incluidos en la cartera de servicios del centro de salud?","Consulta de urgencia.","Consulta administrativa.","Consulta programada.","Consulta a demanda.","","3","Consulta programada.","LEGISLACION","DERECHO"
"2024","30","¿Cuál de las siguientes no es una etapa de la teoría del desarrollo psicosocial de Erikson?","Confianza versus desconfianza.","Autoestima versus inseguridad.","Intimidad versus aislamiento.","Integridad versus desesperación.","","2","Autoestima versus inseguridad.","LEGISLACION","DERECHO"
"2024","31","La entrevista motivacional es un método clínico definido como una forma de guiar, colaborativa y centrada en la persona, con el objetivo de evocar y fortalecer la motivación para el cambio. Para desarrollarla, ¿cuál no es una habilidad?","Preguntas cerradas.","Validación.","Escucha reflexiva.","Sumarios.","","1","Preguntas cerradas.","LEGISLACION","DERECHO"
"2024","32","¿Cuál es el término utilizado para referirse a las vacunas que se deben administrar a personas de diferentes edades que no tienen documentadas en su historial de vacunación las vacunas recomendadas con las pautas correctas?","Calendario individualizado.","Calendario personalizado.","Calendario acelerado.","Calendario integrado.","","3","Calendario acelerado.","LEGISLACION","DERECHO"
"2024","33","Según el programa de cribado de cáncer de mama del Ministerio de Sanidad, señale la opción incorrecta:","La prueba de cribado para el cáncer de mama consiste en la realización de una mamografía.","La mamografía se realiza con una periodicidad anual.","Las mujeres de edades comprendidas entre 50 y 69 años son la población objetivo.","A las mujeres que cumplen criterios de alto riesgo personal o riesgo de cáncer familiar o hereditario se les realiza la valoración del riesgo individual y su seguimiento a través de protocolos de actuación específicos.","","2","La mamografía se realiza con una periodicidad anual.","LEGISLACION","DERECHO"
"2024","34","¿Cuál de los siguientes no es un determinante de la salud según Lalonde?","Estilos de vida.","Medio ambiente.","Renta per cápita.","Biología humana.","","3","Renta per cápita.","LEGISLACION","DERECHO"
"2024","35","Según la Estrategia de Promoción de la Salud y Prevención del SNS, señale cuál no es una recomendación de actividad física para las diferentes franjas de edad:","Población de 5-17 años: realizar una media de al menos 60 minutos al día de actividad física de intensidad moderada a vigorosa, fundamentalmente aeróbica.","Población adulta: realizar al menos entre 150 y 300 minutos de actividad física aeróbica moderada a la semana.","La actividad física debe adaptarse al estado de salud y capacidades.","Siempre que no exista alguna contraindicación física se recomienda que las embarazadas realicen al menos 60 minutos de actividad física moderada a lo largo de la semana.","","4","Siempre que no exista alguna contraindicación física se recomienda que las embarazadas realicen al menos 60 minutos de actividad física moderada a lo largo de la semana.","LEGISLACION","DERECHO"
"2024","36","¿Cuál de las siguientes afirmaciones es correcta si nos referimos al instrumento universal para el cribado de la malnutrición (MUST)?","Solo puede utilizarse en hospitales.","Se utiliza para identificar niños o adultos malnutridos, con riesgo de desnutrición u obesos.","Consta de 5 pasos.","Solo se puede realizar si se dispone de la estatura y peso reales.","","3","Consta de 5 pasos.","LEGISLACION","DERECHO"
"2024","37","En relación con la higiene de manos, y siguiendo las recomendaciones de Seguridad del Paciente del plan de Calidad para el SNS, señale la respuesta correcta:","Cuando las manos están sucias, el procedimiento de elección es la desinfección mediante preparados de base alcohólica.","El uso de guantes puede sustituir la higiene de manos.","Cuando las manos están contaminadas pero no hay suciedad visible, el procedimiento de elección es el lavado de manos con agua y jabón.","La higiene de manos hay que realizarla siempre antes y después de tocar al paciente, antes de realizar una técnica limpia/aséptica, después del riesgo de exposición a líquidos corporales y después del contacto con el entorno del paciente.","","4","La higiene de manos hay que realizarla siempre antes y después de tocar al paciente, antes de realizar una técnica limpia/aséptica, después del riesgo de exposición a líquidos corporales y después del contacto con el entorno del paciente.","LEGISLACION","DERECHO"
"2024","38","En relación con las características anatómicas del recién nacido, señale la opción incorrecta:","La piel presenta un vello denominado lanugo, menos evidente en los prematuros y que va desapareciendo en la primera semana de vida.","El recién nacido es macrocéfalo.","Al nacimiento son palpables dos fontanelas: la anterior o bregmática y la posterior o lambdoidea.","Las extremidades son cortas en comparación con el resto del cuerpo.","","1","La piel presenta un vello denominado lanugo, menos evidente en los prematuros y que va desapareciendo en la primera semana de vida.","LEGISLACION","DERECHO"
"2024","39","Señale la respuesta correcta en el manejo de la obstrucción de vía aérea por cuerpo extraño en pediatría siguiendo las recomendaciones del Consejo Europeo de Resucitación (ERC):","Si la tos es inefectiva y el niño está consciente, abrir la vía aérea, iniciar RCP.","Si la tos es inefectiva y el niño está inconsciente, alternar 5 golpes interescapulares con 5 compresiones abdominales o torácicas en el caso del lactante.","Cuando la tos es efectiva estimular la tos y vigilar la evolución de manera continua por si se produce deterioro.","Si la tos es efectiva, colocar en posición lateral de seguridad y vigilar evolución de manera continua por si se produce deterioro.","","3","Cuando la tos es efectiva estimular la tos y vigilar la evolución de manera continua por si se produce deterioro.","LEGISLACION","DERECHO"
"2024","40","Señale la opción incorrecta:","Las autolesiones son conductas deliberadas dirigidas a provocar un daño contra la propia persona.","El daño autodirigido que se da con las autolesiones tiene una relación directa con la intención suicida porque pretende causar la muerte, a corto o a largo plazo.","Las autolesiones son comportamientos que pueden presentarse de maneras muy distintas y con independencia de edad y género.","La mayoría de las personas que se autolesionan no tienen un diagnóstico de trastorno mental.","","2","El daño autodirigido que se da con las autolesiones tiene una relación directa con la intención suicida porque pretende causar la muerte, a corto o a largo plazo.","LEGISLACION","DERECHO"
"2024","41","¿Qué mecanismo de defensa describe el proceso por el cual las personas atribuyen sus propios pensamientos, sentimientos y motivos a otra persona?","Negación.","Proyección.","Represión.","Racionalización.","","2","Proyección.","LEGISLACION","DERECHO"
"2024","42","Señale la respuesta incorrecta:","Se recomienda el uso del diafragma asociado a espermicida para mejorar la efectividad de la anticoncepción.","Una de las ventajas del diafragma es que puede insertarse antes de la relación sexual, por lo que no la interrumpe.","Una vez terminado el coito hay que esperar al menos 6 horas para retirar el diafragma.","El diafragma no es reutilizable.","","4","El diafragma no es reutilizable.","LEGISLACION","DERECHO"
"2024","43","¿Cómo se denomina el envío a través del teléfono móvil u otro dispositivo con cámara, de fotografías o vídeos producidos por uno mismo con connotación sexual?","Sexting.","Groaming.","Stalking.","Sextorsión.","","1","Sexting.","LEGISLACION","DERECHO"
"2024","44","Según el Comité Asesor de Vacunas de la AEP, ¿cuál de las siguientes no es una de las vacunas recomendadas para todas las mujeres gestantes y en cada embarazo?","Gripe.","Triple vírica.","VRS.","Tosferina.","","2","Triple vírica.","LEGISLACION","DERECHO"
"2024","45","¿Cuál de las siguientes no es una recomendación para las mujeres que planifican un embarazo?","Dieta equilibrada en nutrientes y realización de ejercicio físico de manera habitual.","Evitar la sal yodada.","En mujeres que planifican su embarazo y presentan antecedentes de cesárea se aconseja esperar un mínimo de 18 meses hasta el siguiente parto.","Si se administra una vacuna viva atenuada, evitar la concepción en las cuatro semanas siguientes.","","2","Evitar la sal yodada.","LEGISLACION","DERECHO"
"2024","46","¿Cuál de las siguientes no es una escala para la valoración del riesgo de lesiones por presión?","Braden.","Waterlow.","St. Thomas.","Norton.","","3","St. Thomas.","LEGISLACION","DERECHO"
"2024","47","En relación con las necesidades hídricas en el anciano, señale la respuesta incorrecta:","En las personas mayores el agua ha de contemplarse como un nutriente esencial y de primer orden.","La percepción de sed está disminuida.","El agua tiene que ser muy rica en minerales.","No es necesario que toda la ingesta externa de líquidos se efectúe exclusivamente a expensas de agua, se pueden utilizar alternativas adaptándose a las apetencias individuales.","","3","El agua tiene que ser muy rica en minerales.","LEGISLACION","DERECHO"
"2024","48","¿Cuál de estas afirmaciones sobre los cuidados paliativos es incorrecta?","Integran los aspectos espirituales y psicológicos del cuidado del paciente.","Mejoran la calidad de vida de pacientes y familias que se enfrentan a los problemas asociados con enfermedades amenazantes para la vida.","No son aplicables de forma precoz en el curso de la enfermedad mientras se están aplicando tratamientos como la quimioterapia o radioterapia.","No aceleran ni retrasan la muerte.","","3","No son aplicables de forma precoz en el curso de la enfermedad mientras se están aplicando tratamientos como la quimioterapia o radioterapia.","LEGISLACION","DERECHO"
"2024","49","La vía subcutánea es una vía muy utilizada en cuidados paliativos. Señale la incorrecta en relación con su uso:","Es cómoda para los pacientes y no dificulta su movilidad.","Tiene un manejo dificultoso para los cuidadores no sanitarios en domicilio.","No precisa heparinización.","Permite combinaciones farmacológicas en infusores.","","2","Tiene un manejo dificultoso para los cuidadores no sanitarios en domicilio.","LEGISLACION","DERECHO"
"2024","50","Respecto a la RCP básica, y según las últimas guías del Consejo Europeo de Resucitación 2021, señale la opción incorrecta:","Cuando hay un solo reanimador se realizarán ciclos de 30 compresiones torácicas seguidas de 2 respiraciones.","Antes de iniciar las maniobras de RCP se debe avisar al Servicio de Emergencias.","Las compresiones se deben realizar en la mitad inferior del esternón.","Cuando hay dos o más reanimadores se realizarán ciclos de 15 compresiones por 1 respiración.","","4","Cuando hay dos o más reanimadores se realizarán ciclos de 15 compresiones por 1 respiración.","LEGISLACION","DERECHO"
"2024","51","Respecto a la intoxicación por heroína señale la opción incorrecta:","El antídoto que se emplea es la naloxona.","La midriasis es un signo característico.","Puede producir depresión respiratoria e hipotensión.","Los efectos depresores de la heroína se pueden agravar con el consumo de alcohol.","","2","La midriasis es un signo característico.","LEGISLACION","DERECHO"
"2024","52","La siguiente definición: ""Percepción que no corresponde a ningún estímulo físico externo pero que la persona siente como real y no puede controlar"", ¿a cuál de los siguientes conceptos corresponde?","Ilusión.","Alucinación.","Delirio.","Paranoia.","","2","Alucinación.","LEGISLACION","DERECHO"
"2024","53","¿Qué trastorno de la personalidad se caracteriza por el desapego social, dificultades para relacionarse, ser personas solitarias, retraídas, sin interés por las relaciones sexuales e indiferentes hacia las opiniones de los demás?","Trastorno de personalidad esquizoide.","Trastorno de personalidad esquizotípico.","Trastorno de personalidad antisocial.","Trastorno límite de personalidad.","","1","Trastorno de personalidad esquizoide.","LEGISLACION","DERECHO"
"2024","54","¿Cuál de las siguientes enfermedades está provocada por un protozoo?","Cólera.","Malaria.","Colitis Pseudomembranosa.","Tétanos.","","2","Malaria.","LEGISLACION","DERECHO"
"2024","55","Una cirugía en la que hay una penetración controlada en el aparato respiratorio, digestivo o genitourinario, con contacto con la flora autóctona pero sin contaminación importante (no hay un derrame importante de su contenido), ¿qué tipo de cirugía es según el grado de limpieza y contaminación?","Sucia o infectada.","Limpia.","Limpia-contaminada.","Contaminada.","","3","Limpia-contaminada.","LEGISLACION","DERECHO"
"2024","56","De los siguientes tipos de drenaje, indique cuál es un drenaje activo:","Jackson-Pratt®.","Penrose.","Tubo de Kher.","Todas las respuestas son correctas.","","1","Jackson-Pratt®.","LEGISLACION","DERECHO"
"2024","57","En un paciente que presenta una úlcera por presión con abundante tejido desvitalizado en su lecho y con la intención de ir retirándolo, aplicamos un apósito de cura en ambiente húmedo, ¿qué tipo de desbridamiento estaremos utilizando?","Enzimático.","Protector.","Autolítico.","Biológico.","","3","Autolítico.","LEGISLACION","DERECHO"
"2024","58","En pacientes quemados se usa la Regla de los Nueve de Wallace para valorar el porcentaje de superficie quemada. Señale la afirmación incorrecta:","Este método no es válido para niños por su mayor superficie craneal y tener los brazos y piernas más cortos.","Cada brazo se considera que tiene un 9% de la superficie corporal.","El tronco anterior ocupa el 18% de la superficie corporal.","Las piernas (sumando las dos) ocupan el 44% de la superficie corporal.","","4","Las piernas (sumando las dos) ocupan el 44% de la superficie corporal.","LEGISLACION","DERECHO"
"2024","59","En relación con el signo de Babinski, señale la opción incorrecta:","Es una respuesta normal en niños menores de dos años.","Puede indicar una lesión en el sistema nervioso central en personas adultas.","Consiste en que al aplicar un objeto romo sobre el borde externo de la planta del pie se provoca una extensión del primer dedo y la apertura en abanico del resto de los dedos.","Se produce en casos de irritación meníngea.","","4","Se produce en casos de irritación meníngea.","LEGISLACION","DERECHO"
"2024","60","La triada de Cushing son un conjunto de signos que se producen cuando hay un aumento de la presión intracraneal, ¿qué elemento está incluido en esa triada?","Hipotensión.","Bradicardia.","Midriasis.","Fiebre.","","2","Bradicardia.","LEGISLACION","DERECHO"
"2024","61","¿Qué tipo de respiración se define como: una sucesión de ciclos de hiperventilación seguidos por periodos de apnea. En cada ciclo la profundidad de la respiración va aumentando gradualmente hasta un máximo y luego vuelve a descender hasta llegar a la apnea?","Respiración de Biot.","Respiración de Kussmaul.","Respiración de Cheyne-Stokes.","Eupnea.","","3","Respiración de Cheyne-Stokes.","LEGISLACION","DERECHO"
"2024","62","Respecto a la espirometría, ¿cuál de las siguientes afirmaciones es correcta?","El volumen corriente es el volumen de aire que se moviliza en una respiración normal. Su valor normal en el adulto es aproximadamente de 1500 ml.","El volumen residual es el volumen de aire que queda en los pulmones después de una inspiración máxima.","La capacidad pulmonar total es el volumen máximo de aire que cabe en los pulmones.","Todas las respuestas son correctas.","","3","La capacidad pulmonar total es el volumen máximo de aire que cabe en los pulmones.","LEGISLACION","DERECHO"
"2024","63","En el registro electrocardiográfico la presencia de onda Q patológica nos debe hacer sospechar:","Presencia de necrosis miocárdica.","Isquemia cardíaca.","Bloqueo de rama derecha.","Pericarditis.","","1","Presencia de necrosis miocárdica.","LEGISLACION","DERECHO"
"2024","64","Son síntomas característicos de insuficiencia cardíaca derecha. Señale la opción incorrecta:","Edemas bilaterales en miembros inferiores.","Hepatomegalia.","Ingurgitación yugular.","Edema agudo de pulmón.","","4","Edema agudo de pulmón.","LEGISLACION","DERECHO"
"2024","65","La pérdida involuntaria de orina asociada a una sobredistensión de la vejiga y que es secundaria a una retención urinaria, ¿cómo se denomina?","Incontinencia urinaria por rebosamiento.","Incontinencia urinaria funcional.","Incontinencia urinaria postmiccional.","Incontinencia urinaria mixta.","","1","Incontinencia urinaria por rebosamiento.","LEGISLACION","DERECHO"
"2024","66","En un paciente que tras la realización de una gasometría se obtienen los siguientes parámetros: pH 7,48, PCO2 33 mm Hg y HCO3 24 mEq/L, ¿qué tipo de alteración del equilibrio ácido base presenta?","Acidosis respiratoria.","Alcalosis respiratoria.","Acidosis metabólica.","Alcalosis metabólica.","","2","Alcalosis respiratoria.","LEGISLACION","DERECHO"
"2024","67","Indique la opción incorrecta en relación con la obesidad sarcopénica:","Se corresponde al aumento de la masa grasa en contraste con una disminución de la masa magra (muscular).","Se corresponde al aumento de la masa magra (muscular) en contraste con una disminución de la masa grasa.","Es importante mantener una ingesta calórica adecuada, haciendo especial énfasis en el aporte de proteínas.","Se asocia a una mayor tasa de caídas, fracturas, peor calidad de vida y mayor mortalidad.","","2","Se corresponde al aumento de la masa magra (muscular) en contraste con una disminución de la masa grasa.","LEGISLACION","DERECHO"
"2024","68","En relación con la esteatosis hepática metabólica (EHmet), señale la respuesta incorrecta:","Es una enfermedad clínicamente heterogénea que cursa con la acumulación de grasa en el hígado.","Dentro de los factores de riesgo de mayor influencia para desarrollar una EHmet se encuentran la obesidad y el síndrome metabólico.","Las modificaciones en la dieta y el estilo de vida son el pilar del tratamiento fundamental de esta enfermedad.","Dentro de las recomendaciones dietéticas se encuentra elevar el consumo de grasas saturadas y el consumo moderado de alcohol.","","4","Dentro de las recomendaciones dietéticas se encuentra elevar el consumo de grasas saturadas y el consumo moderado de alcohol.","LEGISLACION","DERECHO"
"2024","69","En relación con el volet costal, indique la respuesta incorrecta:","Es la fractura de tres o más costillas en más de dos segmentos de su longitud.","Ocasiona un fenómeno paradójico en la caja torácica colapsándola en inspiración y extendiendo en espiración.","Ocasiona un fenómeno paradójico en la caja torácica colapsándola en espiración y extendiendo en inspiración.","También se denomina tórax inestable o tórax batiente.","","3","Ocasiona un fenómeno paradójico en la caja torácica colapsándola en espiración y extendiendo en inspiración.","LEGISLACION","DERECHO"
"2024","70","En relación con los pasos a seguir para el cambio de dispositivo de ostomía, señale la opción incorrecta:","Despegar el dispositivo con delicadeza, de arriba a abajo, sujetando la piel con la otra mano para evitar dermatitis traumáticas.","Lavado con agua tibia, jabón y esponja suave (no es necesario limpiar con suero). No usar alcohol ni desinfectantes sobre el estoma.","Secar con secador y rasurar si hay vello en la zona de colocación del dispositivo.","Se recomienda al paciente con colostomía o ileostomía que el cambio de dispositivo lo realice en ayunas o lo realice tras 1 hora y media desde la ingesta de comida.","","3","Secar con secador y rasurar si hay vello en la zona de colocación del dispositivo.","LEGISLACION","DERECHO"
"2024","71","En relación con la colangitis aguda, ¿cómo se denomina la triada que se caracteriza por las manifestaciones clínicas de dolor abdominal, ictericia y fiebre?","Triada de Virchow.","Triada de Charcot.","Triada de Beck.","Triada de Herbst.","","2","Triada de Charcot.","LEGISLACION","DERECHO"
"2024","72","¿Cómo se denomina el dolor provocado por un estímulo que, en condiciones normales, no lo provoca?","Alodinia.","Tricomegalia.","Rabdomiólisis.","Adenomiosis.","","1","Alodinia.","LEGISLACION","DERECHO"
"2024","73","¿Cuál de las siguientes opciones no es una enfermedad ocular asociada a la edad?","Cataratas.","Manchas flotantes.","Ojo seco.","Síndrome de Ménière.","","4","Síndrome de Ménière.","LEGISLACION","DERECHO"
"2024","74","En relación con la disgeusia señale la respuesta correcta:","Consiste en el cambio en la percepción del sabor de los alimentos, desde la aparición de un sabor metálico, amargo u otros sabores, hasta la ausencia total del gusto (ageusia).","Se recomienda al paciente que utilice cubiertos metálicos y evite los de plástico o madera.","Se recomienda al paciente que sustituya las carnes de pollo y pavo por las carnes rojas.","a) y c) son correctas.","","1","Consiste en el cambio en la percepción del sabor de los alimentos, desde la aparición de un sabor metálico, amargo u otros sabores, hasta la ausencia total del gusto (ageusia).","LEGISLACION","DERECHO"
"2024","75","¿Cómo se denomina la técnica que consiste en la infusión de sueros en el tejido subcutáneo a través de una aguja o catéter?","Hipodermoclisis.","Hidroterapia.","Crioterapia.","Hiperdermoclisis.","","1","Hipodermoclisis.","LEGISLACION","DERECHO"
"2024","76","Dentro de las recomendaciones de cuidados de la piel a los pacientes en tratamiento con radioterapia, señale la respuesta incorrecta:","Utilizar productos de limpieza suaves que respeten el equilibrio natural del pH de la piel.","Acudir a las sesiones de radioterapia con aplicación de crema hidratante 15 minutos antes de la sesión.","Evitar en las zonas a tratar el uso de productos como colonias, perfumes, lociones aromatizantes o productos con elementos metálicos que puedan provocar irritaciones en la piel.","No exponer la zona radiada al sol durante el tratamiento y al menos durante el primer año tras la finalización del mismo.","","2","Acudir a las sesiones de radioterapia con aplicación de crema hidratante 15 minutos antes de la sesión.","LEGISLACION","DERECHO"
"2024","77","La enfermera del Equipo de Terapia Intravenosa ha colocado esta mañana un Catéter Central de Inserción Periférica (PICC) a un paciente oncológico. Ha sido comprobada la posición correcta de la punta del catéter. El paciente tiene programado a las 16 horas la administración de un tratamiento quimioterápico. Señale la respuesta correcta:","El tratamiento quimioterápico podrá ser administrado a través del catéter PICC.","El tratamiento debe ser reprogramado ya que el PICC no puede ser utilizado hasta que hayan pasado más de 24 horas desde su implantación.","El tratamiento quimioterápico solo se administrará a través del catéter PICC si dispone de más de una luz.","El catéter PICC no es una vía de elección en la administración de tratamientos quimioterápicos.","","1","El tratamiento quimioterápico podrá ser administrado a través del catéter PICC.","LEGISLACION","DERECHO"
"2024","78","Ante la extravasación de un tratamiento quimioterápico, en relación con las medidas generales que se deben adoptar señale la respuesta correcta:","Detener la infusión y retirar el equipo de infusión pero no retirar la vía venosa.","Detener la infusión y retirar el equipo de infusión y la vía venosa.","Marcar los bordes del área que se sospecha afectada. Descender el miembro afectado.","Todas son correctas.","","1","Detener la infusión y retirar el equipo de infusión pero no retirar la vía venosa.","LEGISLACION","DERECHO"
"2024","79","¿Qué incidentes quedan excluidos en la notificación del Sistema de Notificación y Aprendizaje para la Seguridad del Paciente (SiNASP)?","Incidentes relacionados con la seguridad que no llegaron al paciente.","Infracciones graves con implicaciones legales.","Incidentes sin daño.","Eventos adversos.","","2","Infracciones graves con implicaciones legales.","LEGISLACION","DERECHO"
"2024","80","¿Quiénes son las segundas víctimas tras la ocurrencia de un evento adverso? Señale la opción correcta:","Los pacientes que sufren un evento adverso.","Los familiares y amigos cercanos del paciente afectado.","Los profesionales sanitarios que participan en un evento adverso, un error médico o una lesión relacionada con el paciente no esperada.","Las organizaciones sanitarias.","","3","Los profesionales sanitarios que participan en un evento adverso, un error médico o una lesión relacionada con el paciente no esperada.","LEGISLACION","DERECHO"
"2024","81","El Sistema Sanitario del Principado de Asturias se ordena en demarcaciones territoriales que constituyen las unidades funcionales y de gestión fundamentales del Sistema Sanitario Público del Principado de Asturias, denominadas:","Zonas Básicas de Salud.","Áreas de Salud.","Zonas Especiales de Salud.","Distritos Sanitarios.","","2","Áreas de Salud.","LEGISLACION","DERECHO"
"2024","82","En la formación especializada en ciencias de la salud mediante residencia, ¿quién tiene como misión organizar dicha formación, supervisar su aplicación práctica y controlar el cumplimiento de los objetivos que se especifican en los programas?","El Consejo Nacional de Especialidades en ciencias de la salud.","El Consejo Interterritorial del Sistema Nacional de Salud.","La Comisión de Docencia de cada centro sanitario.","El Tutor de Residentes.","","3","La Comisión de Docencia de cada centro sanitario.","LEGISLACION","DERECHO"
"2024","83","Además de la edad, ¿cuáles son los motivos por los que se puede solicitar una exención de guardias?","Accidente de trabajo.","Motivos de salud que imposibiliten la realización de las guardias.","Razones de conciliación de la vida familiar y laboral.","Los tres anteriores son motivos para solicitar la exención de guardias.","","2","Motivos de salud que imposibiliten la realización de las guardias.","LEGISLACION","DERECHO"
"2024","84","Indique la opción incorrecta relacionada con el documento ""Recomendaciones para el uso seguro de los medicamentos de alto riesgo"", Ministerio de Sanidad 2023:","Los medicamentos de alto riesgo son aquellos que tienen una probabilidad muy elevada de causar daños graves o incluso mortales cuando se produce un error en el curso de su utilización.","El Ministerio de Sanidad y las Comunidades Autónomas han promovido la implantación de prácticas seguras con los medicamentos de alto riesgo.","La OMS en su tercer reto ""Medicación sin daño"" recomienda la elaboración de una lista universal de medicamentos de alto riesgo.","El objetivo es elaborar un documento actualizado con recomendaciones para la utilización segura de los medicamentos de alto riesgo en los centros sanitarios y sociosanitarios.","","3","La OMS en su tercer reto ""Medicación sin daño"" recomienda la elaboración de una lista universal de medicamentos de alto riesgo.","LEGISLACION","DERECHO"
"2024","85","Según el DSM-5, ¿cuál de los siguientes no es un trastorno de la conducta alimentaria?","Trastorno por perturbación.","Trastorno por atracón.","Bulimia Nerviosa.","PICA.","","1","Trastorno por perturbación.","LEGISLACION","DERECHO"
"2024","86","Señale cuál es un cuestionario diseñado por la OMS para la evaluación de la calidad de vida:","AUDIT.","WHOQOL-BREF.","CAGE.","MALT.","","2","WHOQOL-BREF.","LEGISLACION","DERECHO"
"2024","87","Señale cuál no es una fase del Proceso de Atención de Enfermería:","Planificación.","Evaluación.","Promoción.","Diagnóstico.","","3","Promoción.","LEGISLACION","DERECHO"
"2024","88","La clasificación Internacional para la Atención Primaria (CIAP-2) permite la recogida y análisis de 3 importantes componentes de la consulta. Señale la opción correcta:","Razón de la consulta, signos y síntomas y diagnóstico.","Razón de la consulta, problema de salud y proceso de atención.","Razón de la consulta, signos y síntomas y tratamiento terapéutico.","Razón de la consulta, diagnóstico y derivación a atención hospitalaria.","","2","Razón de la consulta, problema de salud y proceso de atención.","LEGISLACION","DERECHO"
"2024","89","¿Cuál de las siguientes vitaminas no es liposoluble?","Vitamina B.","Vitamina K.","Vitamina D.","Vitamina E.","","1","Vitamina B.","LEGISLACION","DERECHO"
"2024","90","¿Cuál de las siguientes no es una escala para valorar el dolor en el recién nacido?","N-PASS.","NSRAS.","CRIES.","PIPP.","","2","NSRAS.","LEGISLACION","DERECHO"
"2024","91","Señale la incorrecta:","El TEP (Triángulo de evaluación pediátrica) es una herramienta sencilla y rápida para evaluar el estado fisiológico global del paciente pediátrico.","El TEP evalúa la apariencia, respiración y temperatura.","El TEP evalúa la apariencia, la respiración y la circulación.","Si alguno de los lados se encuentra alterado el paciente está inestable.","","2","El TEP evalúa la apariencia, respiración y temperatura.","LEGISLACION","DERECHO"
"2024","92","En la valoración de las úlceras del pie diabético se utiliza la escala Wagner Merrit. Un paciente que presenta una gangrena limitada que afecta a todo el primer dedo, ¿qué grado de dicha escala tendrá?","Grado 1.","Grado 3.","Grado 5.","Grado 4.","","4","Grado 4.","LEGISLACION","DERECHO"
"2024","93","El estado en el que las personas puedan desarrollar su máximo potencial de salud independientemente de razones geográficas, étnicas, culturales, de género, discapacidad u otras circunstancias determinadas por factores sociales se denomina:","Justicia en salud.","Equidad en salud.","Igualdad en salud.","Rectitud en salud.","","2","Equidad en salud.","LEGISLACION","DERECHO"
"2024","94","Algunos tratamientos antineoplásicos pueden provocar inflamación e infección de la piel que rodea a las uñas denominada:","Eritrodisestesia palmoplantar.","Paroniquia.","Síndrome mano-pie.","Radiodermitis.","","2","Paroniquia.","LEGISLACION","DERECHO"
"2024","95","¿Indique qué afirmación es correcta respecto al bloqueo auriculo-ventricular de 2º grado MOBITZ tipo I?","Se caracteriza por un acortamiento del segmento PR.","Vamos a encontrar un alargamiento progresivo del intervalo PR hasta llegar a ondas P que no son seguidas de complejos QRS.","Se registran ondas P seguidas de complejos QRS y ondas P aisladas que no son seguidas de QRS.","Encontraremos registro de QRS anchos con morfología RR' en las derivaciones precordiales V5 y V6.","","2","Vamos a encontrar un alargamiento progresivo del intervalo PR hasta llegar a ondas P que no son seguidas de complejos QRS.","LEGISLACION","DERECHO"
"2025","1","El derecho a la protección de la salud se encuentra en:","Derechos fundamentales.","Libertades públicas.","Principios rectores de la política social y económica.","Disposiciones adicionales.","","3","Principios rectores de la política social y económica.","LEGISLACION","DERECHO"
"2025","2","Los servicios de salud de las comunidades autónomas:","Son independientes sin relación con el Estado.","Se coordinan para formar parte del Sistema Nacional de Salud.","Son gestionados por ayuntamientos.","Son de carácter privado.","","2","Se coordinan para formar parte del Sistema Nacional de Salud.","LEGISLACION","DERECHO"
"2025","3","La Ley General de Sanidad se inspira en el principio de:","Uniformidad.","Universalidad.","Privacidad.","Exclusividad.","","2","Universalidad.","LEGISLACION","DERECHO"
"2025","4","Según la Ley 16/2003, de 28 de mayo, las prestaciones sanitarias del catálogo se harán efectivas mediante la cartera de servicios y esta será acordada:","Por el Ministerio de Sanidad.","Por las Comunidades Autónomas.","Por el Consejo de Ministros.","Por el Consejo Interterritorial del Sistema Nacional de Salud.","","4","Por el Consejo Interterritorial del Sistema Nacional de Salud.","LEGISLACION","DERECHO"
"2025","5","La sanción de traslado forzoso corresponde a una falta:","Muy grave.","Grave.","Leve.","Todas son correctas.","","1","Muy grave.","LEGISLACION","DERECHO"
"2025","6","El tratamiento de los datos personales de un menor de edad únicamente podrá fundarse en su consentimiento cuando sea:","Mayor de dieciocho años.","Mayor de dieciséis años.","Mayor de catorce años.","Mayor de diecisiete años.","","3","Mayor de catorce años.","LEGISLACION","DERECHO"
"2025","7","Son empleados públicos:","Quienes desempeñan funciones retribuidas en las Administraciones Públicas o Privadas al servicio de los intereses generales.","Quienes desempeñan funciones retribuidas o no en las Administraciones Públicas al servicio de los intereses públicos.","Quienes desempeñan funciones retribuidas en las Administraciones Públicas al servicio de los intereses generales.","Quienes desempeñan funciones retribuidas o no en las Administraciones Públicas o Privadas al servicio de los intereses públicos.","","3","Quienes desempeñan funciones retribuidas en las Administraciones Públicas al servicio de los intereses generales.","LEGISLACION","DERECHO"
"2025","8","La Ley de Prevención de Riesgos Laborales es aplicable:","Exclusivamente al sector privado.","Exclusivamente a funcionarios públicos.","En el ámbito de las relaciones laborales reguladas en el Estatuto de los Trabajadores.","Solo a empresas con más de 50 trabajadores.","","3","En el ámbito de las relaciones laborales reguladas en el Estatuto de los Trabajadores.","LEGISLACION","DERECHO"
"2025","9","La Administración del Principado de Asturias:","Debe priorizar automáticamente a las mujeres.","No aplica criterios de igualdad en la selección.","Dentro de su ámbito de competencias, habrá de promover la igualdad de oportunidades entre los hombres y las mujeres.","Solo aplica medidas de conciliación.","","3","Dentro de su ámbito de competencias, habrá de promover la igualdad de oportunidades entre los hombres y las mujeres.","LEGISLACION","DERECHO"
"2025","10","Las unidades funcionales y de gestión fundamentales del Sistema Sanitario Público del Principado de Asturias son:","Los distritos sanitarios.","Las Áreas de Salud.","Los hospitales comarcales.","Las mancomunidades sanitarias.","","2","Las Áreas de Salud.","LEGISLACION","DERECHO"
"2025","11","La Dirección de Profesionales se ocupa de:","La propuesta, aplicación y desarrollo, en el ámbito del SESPA, de las políticas de personal.","El control de calidad de los medicamentos.","La vigilancia epidemiológica.","La organización de oposiciones de la Junta General.","","1","La propuesta, aplicación y desarrollo, en el ámbito del SESPA, de las políticas de personal.","LEGISLACION","DERECHO"
"2025","12","Los Distritos de Salud:","Están integrados siempre por tres Zonas Básicas de Salud.","Pueden estar integrados por una sola Zona Básica de Salud.","Son posibles divisiones de las Áreas de Salud.","Son posibles divisiones de las Zonas Básicas de Salud.","","3","Son posibles divisiones de las Áreas de Salud.","LEGISLACION","DERECHO"
"2025","13","El objeto principal de la Ley Orgánica 3/2018 es:","Regular las relaciones digitales en España.","Establecer la normativa sobre comercio electrónico.","Garantizar los derechos digitales de la ciudadanía.","Regular el funcionamiento de la administración electrónica.","","3","Garantizar los derechos digitales de la ciudadanía.","LEGISLACION","DERECHO"
"2025","14","El objeto de la Ley 2/2011, de 11 de marzo, es:","Regular únicamente la violencia de género.","Establecer medidas de igualdad salarial solamente.","Garantizar la efectiva igualdad de derechos, trato y oportunidades entre mujeres y hombres.","Regular el derecho al trabajo.","","3","Garantizar la efectiva igualdad de derechos, trato y oportunidades entre mujeres y hombres.","LEGISLACION","DERECHO"
"2025","15","El Estatuto Marco es aplicable a:","Todo el personal funcionario del Estado.","El personal laboral de la Administración.","El personal estatutario que desempeña su función en los centros e instituciones sanitarias de los servicios de salud de las Comunidades Autónomas o en los centros y servicios sanitarios de la Administración General del Estado.","Todo el personal sanitario en ejercicio libre.","","3","El personal estatutario que desempeña su función en los centros e instituciones sanitarias de los servicios de salud de las Comunidades Autónomas o en los centros y servicios sanitarios de la Administración General del Estado.","LEGISLACION","DERECHO"
"2025","16","De los cuatro principios básicos de la bioética actuales, ¿cuál no estaba en el primer informe Belmont de 1978?","Beneficencia.","No maleficencia.","Justicia.","Autonomía.","","2","No maleficencia.","LEGISLACION","DERECHO"
"2025","17","El modelo o enfoque ético que se basa en los principios de autonomía, justicia, beneficencia y no maleficencia para analizar y resolver los dilemas éticos en la práctica es el:","Teleologismo.","Principalismo.","Deontologismo.","Eudemonismo.","","2","Principalismo.","LEGISLACION","DERECHO"
"2025","18","Señale qué técnica no se aplica en investigación cualitativa:","Etnografía.","Entrevista.","Investigación experimental.","Investigación acción.","","3","Investigación experimental.","LEGISLACION","DERECHO"
"2025","19","Señale la tercera etapa de la Enfermería Basada en la Evidencia:","Evaluación de los cambios.","Implementación de los cambios propuestos.","Búsqueda de evidencias.","Evaluación de las evidencias encontradas.","","4","Evaluación de las evidencias encontradas.","LEGISLACION","DERECHO"
"2025","20","Señale la incorrecta en relación con la herramienta GMA (Grupos de Morbilidad Ajustados):","El GMA 1 se corresponde a la población crónica de bajo riesgo entre los percentiles 50 y 80 de la población con enfermedad crónica.","Cada grupo de morbilidad (excepto población sana) se divide, de manera independiente, en 5 subgrupos o niveles de complejidad.","El GMA 3 se corresponde con la población crónica de riesgo moderado.","Es un agrupador poblacional cuya estructura tiene en cuenta la multimorbilidad y la complejidad.","","1","El GMA 1 se corresponde a la población crónica de bajo riesgo entre los percentiles 50 y 80 de la población con enfermedad crónica.","LEGISLACION","DERECHO"
"2025","21","Según los datos publicados en el año 2023 por el Ministerio de Sanidad, el principal problema crónico de salud registrado en atención primaria para la población de 15 y más años a nivel nacional es:","Dolor lumbar.","Salud mental.","Hipertensión.","Colesterol alto.","","4","Colesterol alto.","LEGISLACION","DERECHO"
"2025","22","En términos de Calidad Asistencial la matriz CAME (Corregir, afrontar, mantener, exportar) permite crear un plan de acción basado en el análisis realizado del contexto de una organización. ¿Con qué aspecto de la matriz DAFO se correlaciona la acción A (Afrontar)?","Oportunidades.","Debilidades.","Fortalezas.","Amenazas.","","4","Amenazas.","LEGISLACION","DERECHO"
"2025","23","¿Cuál de los siguientes es un resultado de enfermería NOC?","Satisfacción del paciente con el cuidado.","Clarificación de valores.","Manejo de la conducta.","Mejora de la autoestima.","","1","Satisfacción del paciente con el cuidado.","LEGISLACION","DERECHO"
"2025","24","Manuel es un paciente de 66 años que acude a la consulta de su enfermera de atención primaria para realizar por primera vez una cura de una úlcera en el miembro inferior derecho. María, su enfermera, tras revisar la bibliografía científica reciente, ve que en su centro dispone de un tratamiento A con un coste de 15 euros y un tratamiento B con un coste de 10 euros, ambos, según dicha bibliografía, igual de efectivos. María decide utilizar el tratamiento B, por ser el más económico. Siguiendo los atributos de la calidad asistencial, esta elección la hace siguiendo un criterio de:","Disponibilidad.","Efectividad.","Eficiencia.","Seguridad.","","3","Eficiencia.","LEGISLACION","DERECHO"
"2025","25","Cuando hablamos de una serie organizada de consultas programadas que se pactan entre el profesional y el usuario, ¿a qué tipo de intervención en promoción y educación para la salud nos estamos refiriendo?","Consejo y asesoramiento.","Información y comunicación.","Educación para la salud grupal o colectiva.","Educación para la salud individual.","","4","Educación para la salud individual.","LEGISLACION","DERECHO"
"2025","26","¿Cuál fue la Primera Conferencia Internacional sobre la Promoción de la Salud?","Yakarta.","Otawa.","Sundsvall.","Adelaide.","","2","Otawa.","LEGISLACION","DERECHO"
"2025","27","Suzanne Kerouac analizó las teorías y modelos de enfermería y las clasificó por paradigmas y por escuelas. ¿En qué escuela estaría incluida la teoría y el modelo de Madeleine Leininger?","Necesidades.","Interacción.","Efectos deseables.","Caring.","","4","Caring.","LEGISLACION","DERECHO"
"2025","28","En cuanto a la Clasificación Internacional de Enfermedades, señale la respuesta falsa:","Proporciona un lenguaje común que permite a los profesionales de salud compartir información estandarizada en todo el mundo.","Es un sistema de clasificación alfanumérico.","Cuando hablamos de CIE-10 y CIE-10-ES nos referimos exactamente a la misma clasificación.","Todas las respuestas son verdaderas.","","3","Cuando hablamos de CIE-10 y CIE-10-ES nos referimos exactamente a la misma clasificación.","LEGISLACION","DERECHO"
"2025","29","¿Cuál de los siguientes no es un criterio de exclusión para que un paciente sea admitido en Hospitalización a Domicilio?","Estar clínicamente estable.","Tener un diagnóstico provisional poco claro.","Presentar patología psiquiátrica aguda no controlada.","Tener impedimentos cognitivos o incapacidad física sin que un cuidador con experiencia pueda asumir la responsabilidad del cuidado.","","1","Estar clínicamente estable.","LEGISLACION","DERECHO"
"2025","30","¿Cuál de las siguientes es una característica del proceso de hospitalización?","Relación profesional-paciente simétrica.","Mayor intimidad.","Despersonalización.","Movilidad ilimitada.","","3","Despersonalización.","LEGISLACION","DERECHO"
"2025","31","¿Cuál de las siguientes es un estadio o etapa en la Teoría del Desarrollo Cognoscitivo de Jean Piaget?","Preoperacional.","Oral.","Identidad.","Preconsciente.","","1","Preoperacional.","LEGISLACION","DERECHO"
"2025","32","¿Cuál es el macronutriente principal de los guisantes frescos en crudo?","Proteínas.","Hidratos de Carbono.","Grasas.","Vitaminas.","","2","Hidratos de Carbono.","LEGISLACION","DERECHO"
"2025","33","¿En cuál de los siguientes grupos ocupacionales no estaría recomendada la vacunación frente a MPOX?","Personal de laboratorio que manejan muestras potencialmente contaminadas con MPXV (virus de la viruela del mono).","Personal sanitario de consultas especializadas en ITS/VIH que atienden a personas con prácticas de alto riesgo.","Personal que se encarga de la desinfección de superficies en locales específicos donde se mantienen relaciones sexuales de riesgo.","Personal sanitario de todos los servicios de urgencias de centros hospitalarios.","","4","Personal sanitario de todos los servicios de urgencias de centros hospitalarios.","LEGISLACION","DERECHO"
"2025","34","Para la estratificación del riesgo cardiovascular existen diversas tablas, modelos y calculadoras. La recomendación de las guías europeas es la utilización de la tabla de riesgo SCORE. En relación con la misma señale la opción incorrecta:","Un SCORE < 1% indica riesgo bajo.","España está entre las regiones geográficas consideradas de riesgo bajo.","Se consideran los siguientes factores: sexo, edad, hábito tabáquico, presión arterial diastólica y colesterol total.","Calcula el riesgo de eventos de enfermedad cardiovascular a 10 años.","","3","Se consideran los siguientes factores: sexo, edad, hábito tabáquico, presión arterial diastólica y colesterol total.","LEGISLACION","DERECHO"
"2025","35","En cuanto a las recomendaciones generales de actividad física y reducción del sedentarismo para menores de 5 años del Ministerio de Sanidad, indique la opción correcta:","En la población infantil de 0 a 2 años se recomienda pasar 1 hora al día delante de una pantalla.","Cuando aún no andan se recomienda minimizar el tiempo que pasan sentados o sujetos en sillas, carritos o balancines, cuando están despiertos, a menos de 1 hora seguida.","Cuando ya andan debe promoverse que sean físicamente activos al menos 120 minutos distribuidos a lo largo de la semana.","Todas las opciones son correctas.","","2","Cuando aún no andan se recomienda minimizar el tiempo que pasan sentados o sujetos en sillas, carritos o balancines, cuando están despiertos, a menos de 1 hora seguida.","LEGISLACION","DERECHO"
"2025","36","La clorhexidina pertenece al grupo de:","Los alcoholes.","Las biguanidas.","Los halógenos.","Los fenoles y derivados.","","2","Las biguanidas.","LEGISLACION","DERECHO"
"2025","37","¿Cuál de las siguientes no es una medida preventiva específica incluida en el Proyecto Infección Quirúrgica Zero para la prevención de las infecciones de localización quirúrgica?","Profilaxis antibiótica adecuada en todas las intervenciones quirúrgicas, independientemente del tipo de intervención y de la localización de la misma.","Antisepsia de la piel con solución de clorhexidina alcohólica al 2%.","Mantenimiento de la normotermia, particularmente en intervenciones de larga duración.","Mantenimiento de la normoglucemia.","","1","Profilaxis antibiótica adecuada en todas las intervenciones quirúrgicas, independientemente del tipo de intervención y de la localización de la misma.","LEGISLACION","DERECHO"
"2025","38","¿Cuál es el primer movimiento que aparece en el recién nacido cuando se explora el reflejo de Moro?","Flexión de brazos y piernas.","Apertura de dedos.","Extensión de brazos y piernas.","Aducción de brazos y piernas.","","3","Extensión de brazos y piernas.","LEGISLACION","DERECHO"
"2025","39","Señale qué ítem no se evalúa en la escala CRIES para la valoración del dolor postoperatorio del recién nacido:","Expresión facial.","Llanto.","Periodo de vigilia.","Frecuencia cardiaca y tensión arterial.","","3","Periodo de vigilia.","LEGISLACION","DERECHO"
"2025","40","Todos los siguientes son factores que pueden estar relacionados con el vaginismo, excepto:","Trastornos psicosociales.","Trastornos por patología pélvica.","Estrés postraumático.","Hipertonía del suelo pélvico.","","2","Trastornos por patología pélvica.","LEGISLACION","DERECHO"
"2025","41","Señale el orden correcto de los principales hitos de desarrollo motor infantil según la OMS:","Sentarse sin apoyo, mantenerse de pie con ayuda, gatear, caminar con ayuda, mantenerse de pie solo, caminar solo.","Sentarse sin apoyo, gatear, mantenerse de pie con ayuda, caminar con ayuda, mantenerse de pie solo, caminar solo.","Sentarse sin apoyo, gatear, mantenerse de pie con ayuda, mantenerse de pie solo, caminar con ayuda, caminar solo.","Sentarse sin apoyo, gatear, mantenerse de pie con ayuda, caminar sin ayuda, mantenerse de pie solo, caminar con ayuda.","","2","Sentarse sin apoyo, gatear, mantenerse de pie con ayuda, caminar con ayuda, mantenerse de pie solo, caminar solo.","LEGISLACION","DERECHO"
"2025","42","La escala de Gorelick es una herramienta utilizada para evaluar la gravedad de la deshidratación en pacientes pediátricos, clasificándola en tres niveles. ¿Qué nos indicaría una puntuación de 3?","Deshidratación leve.","No se utiliza esa escala para evaluar la deshidratación en pediatría.","Deshidratación grave.","Ausencia de deshidratación.","","1","Deshidratación leve.","LEGISLACION","DERECHO"
"2025","43","Las convulsiones en niños son una situación súbita caracterizada por movimientos musculares repetidos que suelen acompañarse de pérdida de consciencia. En los niños, la causa más frecuente es la fiebre. ¿Qué información es correcta proporcionar a los padres?","Las convulsiones febriles se producen cuando la fiebre es alta.","Administrar antitérmicos de forma precoz evita que suba la fiebre y, por lo tanto, previene las convulsiones.","Las convulsiones siempre provocan daño en el cerebro dejando secuelas.","No existe relación entre la convulsión febril típica y la gravedad de la infección.","","4","No existe relación entre la convulsión febril típica y la gravedad de la infección.","LEGISLACION","DERECHO"
"2025","44","En relación con la dispareunia femenina indique la incorrecta:","Un 90% de los casos se relaciona con anomalías congénitas.","Se puede relacionar con incapacidad para relajarse y disfrutar.","Puede asociarse a experiencias previas negativas.","Puede deberse a problemas de lubricación.","","1","Un 90% de los casos se relaciona con anomalías congénitas.","LEGISLACION","DERECHO"
"2025","45","¿A qué nos referimos cuando hablamos de ""identidad de género""?","Se refiere a la experiencia de género innata, profundamente interna e individual de una persona, que puede o no corresponder con la fisiología de la persona o su sexo al nacer.","Se refiere a roles, características y oportunidades definidos por la sociedad que se consideran apropiados para hombres y mujeres.","Es la característica biológica, anatómica y fisiológica que define a los seres humanos como hombre o mujer.","Es la forma de jerarquizar las diferencias entre el hombre y la mujer.","","1","Se refiere a la experiencia de género innata, profundamente interna e individual de una persona, que puede o no corresponder con la fisiología de la persona o su sexo al nacer.","LEGISLACION","DERECHO"
"2025","46","¿Cuál no es una recomendación para mejorar el estilo de vida en la menopausia según la Asociación Española para el Estudio de la Menopausia?","Seguir una dieta saludable, evitando el sobrepeso y la obesidad.","Practicar ejercicio físico intenso.","Reducir el consumo de alcohol.","No fumar.","","2","Practicar ejercicio físico intenso.","LEGISLACION","DERECHO"
"2025","47","¿Quién acuñó el término de ""Dolor Total"", que incluye elementos físicos, sociales, emocionales y espirituales?","Kübler-Ross.","Cicely Saunders.","ChernyPostenov.","Max Chochinov.","","2","Cicely Saunders.","LEGISLACION","DERECHO"
"2025","48","¿Qué cuidados debemos proporcionar a una madre en las fases iniciales de la lactancia materna?","Hay que dejar que madre e hijo aprendan solos y apoyar a las madres solo a partir del primer día posparto.","Intervenir para fomentar y corregir el contacto piel con piel.","La observación de la toma será realizada de forma exclusiva por las matronas una vez al día a las 24 horas posparto.","Si la observación de la toma confirma que todo va bien, no intervenir. La postura que mejor facilita el agarre eficaz varía de una mujer a otra.","","4","Si la observación de la toma confirma que todo va bien, no intervenir. La postura que mejor facilita el agarre eficaz varía de una mujer a otra.","LEGISLACION","DERECHO"
"2025","49","En cuanto a la hidratación en las personas mayores, señale la opción correcta:","La ingesta de líquidos recomendada en una persona mayor, sin patología que indique lo contrario, es de 1-1.5 litros al día.","Una persona mayor necesita menos agua para excretar la misma cantidad de urea y sodio que un adulto joven.","Con la edad se producen cambios en la función renal y una importante disminución de la sensación de sed, alteraciones muy relacionadas con la deshidratación en personas de edad avanzada.","El anciano sólo tiene pérdida de agua por eliminación por vía urinaria, ya que la transpiración cutánea es mínima.","","3","Con la edad se producen cambios en la función renal y una importante disminución de la sensación de sed, alteraciones muy relacionadas con la deshidratación en personas de edad avanzada.","LEGISLACION","DERECHO"
"2025","50","Tomando como referencia la actualización del documento de consenso sobre prevención de la fragilidad en la persona mayor del Ministerio de Sanidad, ¿cuál de las siguientes es una prueba utilizada para la detección precoz de la fragilidad en una persona de 70 años o más y con un índice de Barthel igual o superior a 90?","Fenotipo de Fragilidad de Fried.","Prueba Corta de Desempeño Físico o Short Physical Performance Battery (SPPB).","Escala de Rasgos de Fragilidad forma corta (FTS-5).","Índice de Fragilidad (FrailtyIndex-FI).","","2","Prueba Corta de Desempeño Físico o Short Physical Performance Battery (SPPB).","LEGISLACION","DERECHO"
"2025","51","Juan tiene 88 años, necesita ayuda para cortar carne o pan, necesita ayuda importante para los traslados, pero es capaz de mantenerse sentado sin ayuda, es dependiente para el aseo personal, necesita ayuda para ir al WC pero se limpia solo, es dependiente para bañarse o ducharse, es independiente para desplazarse en silla de ruedas, es dependiente para bajar y subir escalones, necesita ayuda para vestirse, ocasionalmente tiene algún episodio de incontinencia fecal y presenta incontinencia urinaria. ¿Qué grado de dependencia según el Índice de Barthel tiene Juan para las actividades básicas de la vida diaria?","Leve.","Severa/Grave.","Moderada.","Total.","","2","Severa/Grave.","LEGISLACION","DERECHO"
"2025","52","Señale la respuesta incorrecta con relación a la escala de expresiones faciales (EFF):","Se conoce también como escala facial de Wong y Baker.","Se representan 10 caras, la 1 indica ""sin dolor"" y la 10 ""dolor insoportable"".","Se utiliza especialmente en pacientes pediátricos o con dificultades cognitivas.","Es una escala utilizada para la valoración del dolor.","","2","Se representan 10 caras, la 1 indica ""sin dolor"" y la 10 ""dolor insoportable"".","LEGISLACION","DERECHO"
"2025","53","Para el abordaje y cuidados del paciente agitado en el servicio de urgencias, señale la incorrecta en relación con la desactivación verbal:","Es el primer nivel de actuación con un paciente agitado.","Consiste en la utilización de estrategias para facilitar el paso de un estímulo potencialmente amenazante a uno más inocuo.","Hay que evitar en la medida de lo posible las preguntas que puedan responderse con monosílabos y la verbalización de las preocupaciones.","Debe ser llevada a cabo por personal entrenado.","","3","Hay que evitar en la medida de lo posible las preguntas que puedan responderse con monosílabos y la verbalización de las preocupaciones.","LEGISLACION","DERECHO"
"2025","54","¿Cuál de las siguientes manifestaciones no es característica de la espondiloartritis axial?","Dolor lumbar inflamatorio.","Uveítis.","Tofos en articulaciones periféricas.","Entesitis.","","3","Tofos en articulaciones periféricas.","LEGISLACION","DERECHO"
"2025","55","¿Cuáles se consideran pautas generales de actuación en un paciente con problemas de somatización?","No es necesario planificar citas regulares.","Evitar reconocer y legitimar sus síntomas.","Mantener comunicación con otros profesionales implicados en la atención del paciente.","Dar información ambigua acerca de hallazgos clínicos para evitar que aumente sus preocupaciones.","","3","Mantener comunicación con otros profesionales implicados en la atención del paciente.","LEGISLACION","DERECHO"
"2025","56","Durante la intervención de la enfermera con pacientes con trastorno de la alimentación es necesario:","Establecer metas a largo plazo.","Disminuir su autocontrol y autoconfianza.","No minimizar los comentarios relacionados con la alimentación.","No ser disciplinados frente a ciertas conductas que pueda presentar el individuo.","","3","No minimizar los comentarios relacionados con la alimentación.","LEGISLACION","DERECHO"
"2025","57","¿Qué porcentaje de las infecciones relacionadas con la asistencia sanitaria son potencialmente prevenibles mediante estrategias de prevención y control de la infección?","Más del 50%.","Menos del 50%.","No son prevenibles.","Todas son prevenibles.","","1","Más del 50%.","LEGISLACION","DERECHO"
"2025","58","¿Qué indicaciones daría a una persona que presenta deposiciones frecuentes y líquidas tras el inicio de tratamiento antituberculoso con fluoroquinolonas?","La diarrea es un cuadro clínico infrecuente.","Restringir ingesta hídrica.","Los lactobacilos no mejoran nunca los síntomas.","No tomar yogur en las 2 horas siguientes a la fluoroquinolona.","","4","No tomar yogur en las 2 horas siguientes a la fluoroquinolona.","LEGISLACION","DERECHO"
"2025","59","Con relación a la infección del lugar quirúrgico, señale la incorrecta:","Está relacionada con el procedimiento quirúrgico.","Se presenta en los primeros 15 días de postoperatorio.","Se produce en la incisión quirúrgica o en su vecindad.","Aparece durante los primeros 30 o 90 días del postoperatorio quirúrgico, según los tipos de intervención.","","2","Se presenta en los primeros 15 días de postoperatorio.","LEGISLACION","DERECHO"
"2025","60","Indique qué se valora en el paso 6 de la estrategia TIMERS para el manejo de heridas de difícil cicatrización:","S, factores sociales.","R, cierre y cicatrización.","E, margen de la herida.","I, inflamación.","","1","S, factores sociales.","LEGISLACION","DERECHO"
"2025","61","¿Qué actividad no incluiría en el manejo efectivo de la ansiedad preoperatoria, para que los pacientes se sientan seguros, informados y apoyados en este proceso?","Evaluación integral del estado emocional del paciente identificando fuentes de ansiedad.","Implementar técnicas de relajación y control del estrés.","No involucrar a la familia en el proceso de cuidado ya que pueden crear un entorno desfavorable para la recuperación.","Escucha activa y validación de sentimientos.","","3","No involucrar a la familia en el proceso de cuidado ya que pueden crear un entorno desfavorable para la recuperación.","LEGISLACION","DERECHO"
"2025","62","¿Qué intervención domiciliaria es prioritaria para pacientes con insuficiencia respiratoria crónica grave y fatiga respiratoria significativa?","Oxigenoterapia domiciliaria.","Ventilación mecánica no invasiva.","Aerosolterapia con nebulizador.","Tos asistida domiciliaria.","","2","Ventilación mecánica no invasiva.","LEGISLACION","DERECHO"
"2025","63","Indique cuál es el mecanismo de acción de los apósitos de hidrogel:","Proporcionan la humedad necesaria para favorecer el proceso natural de cicatrización en las fases de granulación y epitelización.","Absorben rápidamente el exudado de la herida en sentido vertical hacia el interior del apósito formado un gel cohesivo.","El impregnado viscoso permite optimizar las condiciones de ambiente húmedo que favorecen la cicatrización.","El apósito, cuando entra en contacto con el lecho de la herida, irriga la solución salina, al mismo tiempo que absorbe el exudado y las bacterias junto a sus toxinas.","","1","Proporcionan la humedad necesaria para favorecer el proceso natural de cicatrización en las fases de granulación y epitelización.","LEGISLACION","DERECHO"
"2025","64","¿En qué situación no estaría indicado prorrogar la indicación de un medicamento por parte de la enfermera?","Cuando se estén alcanzando con el medicamento los objetivos terapéuticos que se establecieron en el momento de la prescripción y estos estén dentro del margen o intervalo previsto en el protocolo o guía asistencial específica.","Cuando la tolerabilidad al tratamiento del paciente sea adecuada.","Cuando la adherencia al tratamiento por parte del paciente sea adecuada.","Cuando haya habido cambios relevantes en la situación clínica y características del paciente desde el inicio del tratamiento que puedan influir en la indicación del medicamento.","","4","Cuando haya habido cambios relevantes en la situación clínica y características del paciente desde el inicio del tratamiento que puedan influir en la indicación del medicamento.","LEGISLACION","DERECHO"
"2025","65","Para evitar las alteraciones del sueño producidas por el trabajo a turnos, señale la incorrecta:","La melatonina (1-3 mg) mejora el sueño diurno y la vigilancia nocturna.","Los hipnóticos de acción corta facilitan el sueño diurno, pero pueden producir somnolencia residual, incluso nocturna por lo que no se recomiendan.","La cafeína mejora la vigilancia nocturna.","Una siesta previa al turno de trabajo de noche disminuye la somnolencia.","","1","La melatonina (1-3 mg) mejora el sueño diurno y la vigilancia nocturna.","LEGISLACION","DERECHO"
"2025","66","Según la Sociedad Española de Enfermería Neurológica, ¿cuál de las siguientes no es una recomendación para una buena alimentación en las personas con Parkinson?","Tomar conjuntamente alimentos ricos en proteínas y L-Dopa para aumentar la eficacia del medicamento.","Realizar comidas frecuentes y poco abundantes.","Consumir alimentos ricos en proteínas solo por la noche.","Evitar caldos o sopas muy líquidos.","","1","Tomar conjuntamente alimentos ricos en proteínas y L-Dopa para aumentar la eficacia del medicamento.","LEGISLACION","DERECHO"
"2025","67","Jorge, de 28 años, acude por sensación de falta de aire intensa tras un episodio de ansiedad. La exploración muestra taquipnea con respiración rápida y superficial, palidez y sudoración. Gasometría arterial: pH: 7,53, PaCO2: 28mm Hg, HCO3: 24 mmol/L. ¿Qué tipo de trastorno ácido-base presenta?","Acidosis metabólica.","Alcalosis metabólica.","Acidosis respiratoria.","Alcalosis respiratoria.","","4","Alcalosis respiratoria.","LEGISLACION","DERECHO"
"2025","68","¿Qué propiedad permite a ciertas células cardíacas auto excitarse de forma rítmica?","Excitabilidad.","Refractariedad.","Automatismo.","Conductividad.","","3","Automatismo.","LEGISLACION","DERECHO"
"2025","69","¿Qué manifestación dermatológica es típica en la enfermedad celiaca?","Psoriasis.","Dermatitis herpetiforme.","Eczema atópico.","Acné.","","2","Dermatitis herpetiforme.","LEGISLACION","DERECHO"
"2025","70","En el abordaje multidisciplinar de la obesidad, ¿qué tratamiento farmacológico actúa como agonista de la hormona incretina y su pauta de administración es subcutánea semanal?","Orlistat.","Liraglutida.","Semaglutida.","Deruxtecan.","","3","Semaglutida.","LEGISLACION","DERECHO"
"2025","71","De acuerdo con las recomendaciones de la Sociedad Española de Cardiología, ¿cuándo puede un paciente con marcapasos volver a conducir un vehículo con permiso tipo B tras la implantación?","Dos días después, tras acudir a la consulta de enfermería de cardiología.","Dos semanas después del implante, con informe médico positivo cada tres años para renovaciones.","Dos meses después del implante, con informe médico positivo cada tres años para renovaciones.","Está contraindicado volver a conducir una vez se ha implantado el marcapasos.","","2","Dos semanas después del implante, con informe médico positivo cada tres años para renovaciones.","LEGISLACION","DERECHO"
"2025","72","María, 55 años, acude a consulta de enfermería refiriendo pérdida de orina al toser y reír. Tuvo tres embarazos y presenta estreñimiento crónico. ¿Cuál es el tipo más probable de incontinencia urinaria?","Incontinencia urinaria de urgencia.","Incontinencia urinaria de esfuerzo.","Incontinencia urinaria por rebosamiento.","Goteo posmiccional.","","2","Incontinencia urinaria de esfuerzo.","LEGISLACION","DERECHO"
"2025","73","Indique la correcta con relación a la reducción de la acidez urinaria:","Aumenta la defensa natural frente a bacterias.","Favorece la proliferación bacteriana y el riesgo de infección urinaria.","Elimina hongos en el tracto urinario.","Promueve la regeneración de la mucosa vesical.","","2","Favorece la proliferación bacteriana y el riesgo de infección urinaria.","LEGISLACION","DERECHO"
"2025","74","El Test de Snellen se utiliza principalmente para:","Evaluar la presión intraocular.","Valorar el equilibrio.","Detectar hipoacusia.","Medir agudeza visual.","","4","Medir agudeza visual.","LEGISLACION","DERECHO"
"2025","75","Indique la opción incorrecta en relación con el hipoparatiroidismo:","Es un trastorno endocrino que afecta al funcionamiento de las glándulas paratiroides y que consiste en una producción insuficiente de hormona paratiroidea.","Se caracteriza por hipocalcemia e hiperfosfatemia.","Las parestesias, tetania y laringoespasmo son síntomas asociados a niveles bajos de calcio.","El embarazo en mujeres con hipoparatiroidismo está contraindicado, ya que existe alto riesgo de complicaciones materno-fetales.","","4","El embarazo en mujeres con hipoparatiroidismo está contraindicado, ya que existe alto riesgo de complicaciones materno-fetales.","LEGISLACION","DERECHO"
"2025","76","En relación con la osteoporosis señala la opción correcta:","A nivel mundial 1 de cada 5 mujeres y 1 de cada 3 hombres mayores de 50 años sufrirán una fractura osteoporótica a lo largo de su vida.","Tener bajo peso con un IMC inferior a 19 es un factor de riesgo clave.","Las mujeres que experimentan una menopausia temprana tienen mayor riesgo de sufrir osteoporosis debido al aumento de los niveles de estrógenos.","La prevención de la osteoporosis comienza a partir de los 40 años en las mujeres y 45 en los hombres.","","2","Tener bajo peso con un IMC inferior a 19 es un factor de riesgo clave.","LEGISLACION","DERECHO"
"2025","77","¿Cuál de los siguientes alimentos toleran mejor las personas con intolerancia a la lactosa?","Leche condensada.","Leche entera.","Leche desnatada.","Queso curado.","","4","Queso curado.","LEGISLACION","DERECHO"
"2025","78","Las terapias con células CAR-T consisten en:","Bloquear receptores de estrógeno en células tumorales.","Modificar linfocitos T del paciente para que ataquen antígenos tumorales.","Administrar anticuerpos monoclonales contra proteínas tumorales.","Inhibir la angiogénesis tumoral.","","2","Modificar linfocitos T del paciente para que ataquen antígenos tumorales.","LEGISLACION","DERECHO"
"2025","79","¿Cuál es la principal ventaja de la biopsia de ganglio centinela frente a la linfadenectomía completa?","Mayor sensibilidad diagnóstica.","Permite tratamiento inmediato del tumor.","Evita la cirugía del tumor primario.","Menor riesgo de complicaciones.","","4","Menor riesgo de complicaciones.","LEGISLACION","DERECHO"
"2025","80","¿Qué es un evento centinela?","Incidencia imprevista en la que se produce la muerte o una lesión física o psíquica grave, o el riesgo de que se produzca.","Evento que se podría haber previsto y para el que se podría haber estado preparado, pero que ocurre debido a un error u otro fallo del sistema.","El hecho de que un profesional no aplique el grado de diligencia considerado razonable dadas las circunstancias y ello cause una lesión involuntaria a otro.","Situación con gran capacidad de causar daños, pero en la que no se produce ningún incidente.","","1","Incidencia imprevista en la que se produce la muerte o una lesión física o psíquica grave, o el riesgo de que se produzca.","LEGISLACION","DERECHO"
"2025","81","El derecho a la protección de la salud es:","Directamente exigible ante los tribunales.","Un derecho fundamental.","Un principio rector.","Una garantía institucional.","","3","Un principio rector.","LEGISLACION","DERECHO"
"2025","82","La Ley General de Sanidad prevé la participación:","Solo de médicos y enfermeros.","Comunitaria a través de las Corporaciones territoriales correspondientes en la formulación de la política sanitaria y en el control de su ejecución.","De las farmacias únicamente.","De los sindicatos de trabajadores.","","2","Comunitaria a través de las Corporaciones territoriales correspondientes en la formulación de la política sanitaria y en el control de su ejecución.","LEGISLACION","DERECHO"
"2025","83","Los profesionales sanitarios deben:","Actuar según su criterio personal.","Atender solo a pacientes privados.","Delegar la responsabilidad al centro de salud.","Hacer un uso racional de los recursos diagnósticos y terapéuticos a su cargo.","","4","Hacer un uso racional de los recursos diagnósticos y terapéuticos a su cargo.","LEGISLACION","DERECHO"
"2025","84","Señale la respuesta incorrecta:","El calostro tiene un aspecto más denso y amarillo que la leche madura.","El calostro tiene más grasa que la leche madura.","El calostro tiene más proteínas que la leche madura.","El calostro tiene menos lactosa que la leche madura.","","2","El calostro tiene más grasa que la leche madura.","LEGISLACION","DERECHO"
"2025","85","El carbón activado está indicado en el tratamiento de las intoxicaciones agudas producidas por vía oral, siempre y cuando el agente tóxico pueda ser adsorbido por el mismo. Señale el tóxico para el que no estaría indicada su administración:","Opiáceos.","Fenobarbital.","Carbamazepina.","Litio.","","4","Litio.","LEGISLACION","DERECHO"
"2025","86","¿Cuál no es uno de los objetivos de la implantación de los Programas de Optimización de Uso de los Antibióticos?","Mejorar el pronóstico de los pacientes que necesitan tratamiento antibiótico.","Minimizar los efectos adversos.","Controlar la aparición de resistencias.","Reducir tratamientos que no sean costos eficaces.","","4","Reducir tratamientos que no sean costos eficaces.","LEGISLACION","DERECHO"
"2025","87","¿Qué mide el cociente FEV1/FVC en la espirometría?","El volumen total de aire que puede almacenar el pulmón.","El porcentaje de aire expulsado en el primer segundo de la capacidad vital forzada.","La velocidad del flujo inspiratorio máximo.","La frecuencia respiratoria.","","2","El porcentaje de aire expulsado en el primer segundo de la capacidad vital forzada.","LEGISLACION","DERECHO"
"2025","88","¿Cuál es un efecto adverso característico del paclitaxel?","Neuropatía periférica.","Hipoacusia.","Retinopatía.","Cistitis hemorrágica.","","1","Neuropatía periférica.","LEGISLACION","DERECHO"
"2025","89","¿Cuál de las siguientes no es una de las 10 líneas estratégicas recogidas en la Estrategia de Salud Mental del Sistema Nacional de Salud 2022-2026?","Autonomía y derechos. Atención centrada en la persona.","Promoción de la salud mental de la población y prevención de los problemas de salud mental.","Prevención, detección precoz y atención a la conducta suicida.","Atención a las personas con problemas de salud mental basada en el modelo de recuperación en el ámbito hospitalario.","","4","Atención a las personas con problemas de salud mental basada en el modelo de recuperación en el ámbito hospitalario.","LEGISLACION","DERECHO"
"2025","90","El clopidogrel es un:","Antiagregante plaquetario.","Anticoagulante oral antagonista de la vitamina K.","Inhibidor de la bomba de protones.","Betabloqueante.","","1","Antiagregante plaquetario.","LEGISLACION","DERECHO"
"2025","91","Cuando hablamos de la Cianocobalamina nos estamos refiriendo a la:","Vitamina B12.","Vitamina B2.","Vitamina B6.","Vitamina B1.","","1","Vitamina B12.","LEGISLACION","DERECHO"
"2025","92","Señale la respuesta correcta en relación con la Pirámide de Alimentación saludable y las recomendaciones en la población infantil de la Sociedad Española de Nutrición Comunitaria:","Las verduras y hortalizas deben ser consumidas de 4 a 5 al día.","Los lácteos deben consumirse de 4 a 5 al día priorizando las preparaciones ricas en grasas y sin azúcares añadidos.","Las frutas deben consumirse de 3-4 al día.","Todas son correctas.","","3","Las frutas deben consumirse de 3-4 al día.","LEGISLACION","DERECHO"
"2025","93","Indique uno de los criterios diagnósticos del trastorno por atracones:","Ingesta más lenta de lo normal.","Ingesta hasta sentirse confortablemente lleno.","Ingesta en soledad de alimentos por vergüenza asociada a la cantidad ingerida.","Sentimientos positivos sobre sí mismo tras la ingesta.","","3","Ingesta en soledad de alimentos por vergüenza asociada a la cantidad ingerida.","LEGISLACION","DERECHO"
"2025","94","Cuando María valora el acceso venoso de una de las personas que está ingresada en su unidad, encuentra que hay dolor con eritema o hinchazón, sin cordón palpable en la zona de punción, ¿qué grado se le otorga según la Escala de Maddox?","1","2","3","4","","2","2","LEGISLACION","DERECHO"
"2025","95","Respecto al tiempo de espera según la prioridad y color asignada en el Sistema de Triaje Manchester, señale la incorrecta:","Prioridad 1, color rojo, atención inmediata.","Prioridad 5, atención no urgente, color azul, antes de 240 minutos.","Prioridad 3, atención urgente, color naranja, antes de 60 minutos.","Prioridad 4, atención menos urgente, color verde, antes de 120 minutos.","","3","Prioridad 3, atención urgente, color naranja, antes de 60 minutos.","LEGISLACION","DERECHO"
